incident_id,incident_name,organisation,org_type,sector,country,incident_type,attack_vector,threat_actor,threat_actor_type,supply_chain,downstream_orgs_affected,date_occurred,date_discovered,date_disclosed,dwell_time_days,detection_method,records_affected,data_types_exposed,ransom_demanded_usd,ransom_paid,downtime_days,estimated_cost_usd,regulator_notified,severity,is_synthetic,source,notes
REAL-0014,Target POS breach,Target,private,Retail,US,Data breach,Third-party supplier credentials,Unattributed,Financially motivated,True,,2013-11-27,2013-12-12,2013-12-19,15,Law enforcement notification,110000000,credit_card|name|email|phone|postal_address,,not_applicable,0,292000000,yes,critical,False,Target 10-K filings; US Senate Commerce report,Initial access via an HVAC contractor's credentials — classic third-party pivot.
REAL-0027,Save the Children BEC fraud,Save the Children Federation,nonprofit,Humanitarian,US,Business email compromise,Phishing / email account takeover,Unattributed,Financially motivated,False,,2017-04-01,2017-05-01,2018-12-19,30,Internal detection,,not_applicable,,not_applicable,0,1000000,no,medium,False,"Save the Children IRS Form 990 (FY2017); Boston Globe, Dec 2018",Fake invoices for solar panels routed ~$1M to a fraudulent account. Charity BEC baseline.
REAL-0015,Maersk NotPetya destruction,A.P. Moller-Maersk,private,Logistics,DK,Destructive malware,Trojanised software update (M.E.Doc),Sandworm,Nation state,True,,2017-06-27,2017-06-27,2017-06-28,0,Internal detection,,not_applicable,,not_applicable,10,300000000,no,critical,False,Maersk statements; UK NCSC attribution (Feb 2018),"Collateral damage from a Ukraine-targeted wiper; ~4,000 servers rebuilt in 10 days."
REAL-0013,Equifax data breach,Equifax,private,Financial services,US,Data breach,Unpatched vulnerability (CVE-2017-5638),Unattributed (US DOJ indicted PLA members),Nation state,False,,2017-05-13,2017-07-29,2017-09-07,77,Internal detection,147900000,name|ssn|date_of_birth|postal_address|drivers_licence|credit_card,,not_applicable,0,1400000000,yes,critical,False,FTC settlement (Jul 2019); US House Oversight report,76 days undetected; expired cert on inspection tooling delayed detection.
<<<<<<< HEAD
SYN-01147,Ransomware at Barnesview NHS Trust,Barnesview NHS Trust,public,Education,SG,Ransomware,Compromised credentials,SlateWarden,Ransomware crew,False,,2019-01-04,2019-01-06,2019-01-08,2,Public leak / dark web,5036,email|name|postal_address,3151340,no,5,1087819,yes,low,True,synthetic (Faker),
SYN-01358,"DDoS at Matthews, Bell and Hunter","Matthews, Bell and Hunter",vendor,Software,AU,DDoS,Volumetric flood,Unattributed,Ransomware crew,False,,2019-01-11,2019-01-11,2019-01-13,0,Internal detection,,not_applicable,,not_applicable,1,,unknown,medium,True,synthetic (Faker),
SYN-01826,DDoS at Turner PLC,Turner PLC,vendor,Nonprofit technology,US,DDoS,Volumetric flood,Unattributed,Financially motivated,True,207,2019-01-04,2019-01-11,2019-01-17,7,Security vendor / MDR,2691,credentials|donation_history|email|name,,not_applicable,1,517424,yes,medium,True,synthetic (Faker),
SYN-01601,"Ransomware at Moss, Lee and Watson","Moss, Lee and Watson",private,Financial services,GB,Ransomware,Phishing,ObsidianKoi,Ransomware crew,False,,2019-01-14,2019-01-14,2019-01-16,0,Internal detection,45812,credit_card|email|name|phone|postal_address|ssn_or_ni_number,43275,undisclosed,6,5262284,yes,high,True,synthetic (Faker),
SYN-00864,Ransomware at Smith-Griffiths,Smith-Griffiths,private,Manufacturing,CA,Ransomware,Compromised credentials,AmberBastion,Ransomware crew,False,,2019-01-15,2019-01-17,2019-01-20,2,Internal detection,22396,credit_card|email|name|passport|phone|postal_address,1229981,yes,10,,yes,medium,True,synthetic (Faker),
SYN-01926,"Ransomware at Christian, Williams and Williamson","Christian, Williams and Williamson",private,Manufacturing,IN,Ransomware,Unpatched vulnerability,SlateWarden,Ransomware crew,False,,2019-01-14,2019-01-17,2019-01-18,3,Internal detection,3503,employment|health|name,5207927,no,2,718963,no,medium,True,synthetic (Faker),
SYN-00079,Ransomware at Shaunmouth Council,Shaunmouth Council,public,Local government,US,Ransomware,Unpatched vulnerability,TinCathedral,Ransomware crew,False,,2019-01-19,2019-01-23,2019-03-10,4,Customer report,2007,donation_history|postal_address,557295,no,21,1171062,yes,medium,True,synthetic (Faker),
SYN-00319,Ransomware at Shelter Appeal,Shelter Appeal,nonprofit,Charity/Nonprofit,US,Ransomware,Compromised credentials,NineSpindle,Ransomware crew,False,,2019-01-21,2019-01-23,2019-01-27,2,Security vendor / MDR,35094,credentials|donation_history|email|health|name|postal_address|ssn_or_ni_number,85631,yes,18,2915096,yes,high,True,synthetic (Faker),
SYN-00219,Ransomware at Taylor-Mason,Taylor-Mason,vendor,Nonprofit technology,US,Ransomware,Exposed RDP/VPN,NineSpindle,Ransomware crew,False,,2019-01-24,2019-01-26,2019-02-03,2,Security vendor / MDR,436632535,donation_history|email|health|name|passport|postal_address,31100,no,1,36601600157,yes,high,True,synthetic (Faker),
SYN-01139,Data breach at Marshall PLC,Marshall PLC,private,Healthcare,DE,Data breach,Unpatched vulnerability,RustVulture,Ransomware crew,False,,2019-01-18,2019-01-28,2019-02-02,10,Internal detection,15833,health|name,,not_applicable,11,,yes,high,True,synthetic (Faker),
SYN-01284,Ransomware at Walker-Miller,Walker-Miller,private,Financial services,GB,Ransomware,Exposed RDP/VPN,RustVulture,Ransomware crew,False,,2019-01-18,2019-01-28,2019-01-30,10,Third-party notification,6120457,email|internal_email|name|phone|postal_address|safeguarding_notes,1497391,no,6,441277101,yes,high,True,synthetic (Faker),
SYN-00006,Ransomware at Wellbeing Alliance,Wellbeing Alliance,nonprofit,Charity/Nonprofit,FR,Ransomware,Phishing,RustVulture,Ransomware crew,False,,2019-01-30,2019-01-30,2019-01-31,0,Internal detection,12615,donation_history|email|name|passport|phone|postal_address|ssn_or_ni_number,2728404,yes,21,,yes,high,True,synthetic (Faker),
SYN-01235,Data breach at Lake Aprilmouth Council,Lake Aprilmouth Council,public,Education,GB,Data breach,Unpatched vulnerability,Unattributed,Unknown,False,,2019-01-24,2019-01-30,2019-02-10,6,Third-party notification,2742,email|phone|postal_address,,not_applicable,1,820426,yes,low,True,synthetic (Faker),
SYN-01979,Data breach at South Crystal District Board,South Crystal District Board,public,Education,GB,Data breach,Compromised credentials,TinCathedral,Ransomware crew,False,,2019-01-11,2019-01-31,2019-02-12,20,Security vendor / MDR,130012,donation_history|email|health|name|phone|postal_address|ssn_or_ni_number,,not_applicable,1,14804904,yes,medium,True,synthetic (Faker),
SYN-00862,DDoS at Port Lindseymouth Authority,Port Lindseymouth Authority,public,Education,US,DDoS,Application-layer flood,Unattributed,Financially motivated,False,,2019-01-27,2019-02-05,2019-02-19,9,Third-party notification,8413,date_of_birth|email|internal_email|name|passport|postal_address|safeguarding_notes,,not_applicable,2,891067,yes,medium,True,synthetic (Faker),
SYN-00986,"Ransomware at Clark, Williams and Harvey","Clark, Williams and Harvey",vendor,Cloud/SaaS,IE,Ransomware,Unpatched vulnerability,QuietFathom,Ransomware crew,False,,2019-01-28,2019-02-08,2019-03-08,11,Public leak / dark web,1692718,donation_history|email|name|safeguarding_notes,3239646,undisclosed,38,249768475,unknown,critical,True,synthetic (Faker),
SYN-00838,Ransomware at East Sylviabury Authority,East Sylviabury Authority,public,Education,GB,Ransomware,Phishing,NorthQuarry,Ransomware crew,False,,2019-02-02,2019-02-10,2019-02-16,8,Security vendor / MDR,5433,email|phone,123537,no,16,720748,yes,medium,True,synthetic (Faker),
SYN-01292,Ransomware at Hospice Appeal,Hospice Appeal,nonprofit,Charity/Nonprofit,GB,Ransomware,Unpatched vulnerability,QuietFathom,Ransomware crew,False,,2019-01-18,2019-02-11,2019-02-13,24,Internal detection,8939,donation_history|employment|internal_email|name|postal_address|safeguarding_notes,913441,no,36,,yes,high,True,synthetic (Faker),
SYN-00408,Ransomware at Mendez and Sons,Mendez and Sons,private,Retail,US,Ransomware,Exposed RDP/VPN,QuietFathom,Ransomware crew,False,,2019-02-11,2019-02-13,2019-02-28,2,Public leak / dark web,15228233,bank_details|donation_history|email|health|name|postal_address,167382,yes,19,1004075095,yes,high,True,synthetic (Faker),
SYN-00508,Business email compromise at Bernard LLC,Bernard LLC,private,Retail,CA,Business email compromise,Compromised credentials,Unattributed,Unknown,False,,2019-01-28,2019-02-13,2019-03-03,16,Third-party notification,4041,internal_email|postal_address|safeguarding_notes,,not_applicable,0,942475,yes,medium,True,synthetic (Faker),
SYN-00626,Business email compromise at Heritage Network,Heritage Network,nonprofit,Charity/Nonprofit,US,Business email compromise,Phishing,Unattributed,Ransomware crew,False,,2019-02-03,2019-02-14,2019-02-17,11,Law enforcement notification,1826,email|name,,not_applicable,0,124963,yes,low,True,synthetic (Faker),
SYN-01481,Unauthorised access at Ramsey-Gilbert,Ramsey-Gilbert,private,Manufacturing,IN,Unauthorised access,Help-desk social engineering,Unattributed,Unknown,False,,2019-02-09,2019-02-14,2019-02-15,5,Internal detection,17143,credit_card|date_of_birth|email|health|phone,147199,undisclosed,0,947479,yes,medium,True,synthetic (Faker),
SYN-00627,Business email compromise at Williams-Jones,Williams-Jones,private,Logistics,GB,Business email compromise,Compromised credentials,Unattributed,Insider,False,,2019-01-15,2019-02-15,2019-02-24,31,Security vendor / MDR,9,email|health|passport|phone,,not_applicable,0,,yes,medium,True,synthetic (Faker),
SYN-00436,Ransomware at Herring-Johnson,Herring-Johnson,vendor,Software,AU,Ransomware,Compromised credentials,ObsidianKoi,Ransomware crew,False,,2019-02-13,2019-02-17,2019-02-21,4,Routine audit,9504,bank_details|credentials|date_of_birth|postal_address|ssn_or_ni_number,836465,no,9,2150325,unknown,medium,True,synthetic (Faker),
SYN-00701,Ransomware at South Gerard District Board,South Gerard District Board,public,Local government,GB,Ransomware,Unpatched vulnerability,TinCathedral,Ransomware crew,False,,2019-02-19,2019-02-19,2019-02-21,0,Law enforcement notification,108917,passport|phone|postal_address,19221,no,2,,yes,medium,True,synthetic (Faker),
SYN-01927,Ransomware at North Susan Authority,North Susan Authority,public,Education,GB,Ransomware,Exposed RDP/VPN,Unattributed,Ransomware crew,False,,2019-02-14,2019-02-24,2019-03-01,10,Third-party notification,24359,email|phone|postal_address,2985494,yes,14,2761693,yes,medium,True,synthetic (Faker),
=======
SYN-00864,Ransomware at Smith-Griffiths,Smith-Griffiths,private,Manufacturing,CA,Ransomware,Compromised credentials,AmberBastion,Ransomware crew,False,,2019-01-15,2019-01-17,2019-01-20,2,Internal detection,22396,credit_card|email|name|passport|phone|postal_address,1229981,yes,10,,yes,medium,True,synthetic (Faker),
SYN-00079,Ransomware at Shaunmouth Council,Shaunmouth Council,public,Local government,US,Ransomware,Unpatched vulnerability,TinCathedral,Ransomware crew,False,,2019-01-19,2019-01-23,2019-03-10,4,Customer report,2007,donation_history|postal_address,557295,no,21,1171062,yes,medium,True,synthetic (Faker),
SYN-00319,Ransomware at Shelter Appeal,Shelter Appeal,nonprofit,Charity/Nonprofit,US,Ransomware,Compromised credentials,NineSpindle,Ransomware crew,False,,2019-01-21,2019-01-23,2019-01-27,2,Security vendor / MDR,35094,credentials|donation_history|email|health|name|postal_address|ssn_or_ni_number,85631,yes,18,2915096,yes,high,True,synthetic (Faker),
SYN-00219,Ransomware at Taylor-Mason,Taylor-Mason,vendor,Nonprofit technology,US,Ransomware,Exposed RDP/VPN,NineSpindle,Ransomware crew,False,,2019-01-24,2019-01-26,2019-02-03,2,Security vendor / MDR,436632535,donation_history|email|health|name|passport|postal_address,31100,no,1,36601600157,yes,high,True,synthetic (Faker),
SYN-00006,Ransomware at Wellbeing Alliance,Wellbeing Alliance,nonprofit,Charity/Nonprofit,FR,Ransomware,Phishing,RustVulture,Ransomware crew,False,,2019-01-30,2019-01-30,2019-01-31,0,Internal detection,12615,donation_history|email|name|passport|phone|postal_address|ssn_or_ni_number,2728404,yes,21,,yes,high,True,synthetic (Faker),
SYN-00862,DDoS at Port Lindseymouth Authority,Port Lindseymouth Authority,public,Education,US,DDoS,Application-layer flood,Unattributed,Financially motivated,False,,2019-01-27,2019-02-05,2019-02-19,9,Third-party notification,8413,date_of_birth|email|internal_email|name|passport|postal_address|safeguarding_notes,,not_applicable,2,891067,yes,medium,True,synthetic (Faker),
SYN-00986,"Ransomware at Clark, Williams and Harvey","Clark, Williams and Harvey",vendor,Cloud/SaaS,IE,Ransomware,Unpatched vulnerability,QuietFathom,Ransomware crew,False,,2019-01-28,2019-02-08,2019-03-08,11,Public leak / dark web,1692718,donation_history|email|name|safeguarding_notes,3239646,undisclosed,38,249768475,unknown,critical,True,synthetic (Faker),
SYN-00838,Ransomware at East Sylviabury Authority,East Sylviabury Authority,public,Education,GB,Ransomware,Phishing,NorthQuarry,Ransomware crew,False,,2019-02-02,2019-02-10,2019-02-16,8,Security vendor / MDR,5433,email|phone,123537,no,16,720748,yes,medium,True,synthetic (Faker),
SYN-00408,Ransomware at Mendez and Sons,Mendez and Sons,private,Retail,US,Ransomware,Exposed RDP/VPN,QuietFathom,Ransomware crew,False,,2019-02-11,2019-02-13,2019-02-28,2,Public leak / dark web,15228233,bank_details|donation_history|email|health|name|postal_address,167382,yes,19,1004075095,yes,high,True,synthetic (Faker),
SYN-00508,Business email compromise at Bernard LLC,Bernard LLC,private,Retail,CA,Business email compromise,Compromised credentials,Unattributed,Unknown,False,,2019-01-28,2019-02-13,2019-03-03,16,Third-party notification,4041,internal_email|postal_address|safeguarding_notes,,not_applicable,0,942475,yes,medium,True,synthetic (Faker),
SYN-00626,Business email compromise at Heritage Network,Heritage Network,nonprofit,Charity/Nonprofit,US,Business email compromise,Phishing,Unattributed,Ransomware crew,False,,2019-02-03,2019-02-14,2019-02-17,11,Law enforcement notification,1826,email|name,,not_applicable,0,124963,yes,low,True,synthetic (Faker),
SYN-00627,Business email compromise at Williams-Jones,Williams-Jones,private,Logistics,GB,Business email compromise,Compromised credentials,Unattributed,Insider,False,,2019-01-15,2019-02-15,2019-02-24,31,Security vendor / MDR,9,email|health|passport|phone,,not_applicable,0,,yes,medium,True,synthetic (Faker),
SYN-00436,Ransomware at Herring-Johnson,Herring-Johnson,vendor,Software,AU,Ransomware,Compromised credentials,ObsidianKoi,Ransomware crew,False,,2019-02-13,2019-02-17,2019-02-21,4,Routine audit,9504,bank_details|credentials|date_of_birth|postal_address|ssn_or_ni_number,836465,no,9,2150325,unknown,medium,True,synthetic (Faker),
SYN-00701,Ransomware at South Gerard District Board,South Gerard District Board,public,Local government,GB,Ransomware,Unpatched vulnerability,TinCathedral,Ransomware crew,False,,2019-02-19,2019-02-19,2019-02-21,0,Law enforcement notification,108917,passport|phone|postal_address,19221,no,2,,yes,medium,True,synthetic (Faker),
>>>>>>> 8a74902011229c25354fcb7e063b9152ef665657
SYN-00179,Data breach at King-Martinez,King-Martinez,private,Healthcare,US,Data breach,Insecure API endpoint,AmberBastion,Ransomware crew,False,,2019-02-04,2019-02-27,2019-03-02,23,Law enforcement notification,2449,date_of_birth|health|name,,not_applicable,1,240467,yes,medium,True,synthetic (Faker),
SYN-00163,"Data breach at Hernandez, Thompson and Boyd","Hernandez, Thompson and Boyd",private,Healthcare,AU,Data breach,Phishing,Unattributed,Financially motivated,False,,2019-01-24,2019-03-05,2019-03-06,40,Security vendor / MDR,13198,date_of_birth|email|employment|health|name|postal_address|ssn_or_ni_number,358721,no,5,,yes,medium,True,synthetic (Faker),
SYN-00972,Business email compromise at Peacock-Hill,Peacock-Hill,private,Manufacturing,GB,Business email compromise,Compromised credentials,Unattributed,Financially motivated,False,,2019-03-01,2019-03-06,2019-04-08,5,Internal detection,,not_applicable,,not_applicable,3,169146,unknown,low,True,synthetic (Faker),
SYN-00709,"Ransomware at Barber, Porter and Armstrong","Barber, Porter and Armstrong",private,Financial services,US,Ransomware,Exposed RDP/VPN,Unattributed,Ransomware crew,False,,2019-02-28,2019-03-12,2019-03-22,12,Internal detection,200129,email|health|name|phone|postal_address,6209072,yes,115,28261217,yes,high,True,synthetic (Faker),
SYN-00667,"Supply chain compromise at Read, Payne and Wood","Read, Payne and Wood",private,Healthcare,US,Supply chain compromise,Trojanised software update,Unattributed,Hacktivist,True,69,2019-01-31,2019-03-13,2019-03-18,41,Routine audit,66515,credit_card|date_of_birth|email|health|name|phone|postal_address,,not_applicable,1,9969203,yes,high,True,synthetic (Faker),
<<<<<<< HEAD
SYN-01545,Data breach at Campbell LLC,Campbell LLC,private,Financial services,IN,Data breach,Phishing,HollowLantern,Ransomware crew,False,,2019-02-14,2019-03-13,2019-04-11,27,Law enforcement notification,98422,name|phone|postal_address,,not_applicable,0,15311684,yes,medium,True,synthetic (Faker),
SYN-01388,Ransomware at Thompson-Abbott,Thompson-Abbott,vendor,Software,GB,Ransomware,Compromised credentials,DimStag,Ransomware crew,False,,2019-03-12,2019-03-14,2019-03-23,2,Routine audit,54890,employment|internal_email|name|postal_address|safeguarding_notes,69011,no,12,3846174,yes,high,True,synthetic (Faker),
SYN-01217,DDoS at Mitchell Group,Mitchell Group,private,Retail,US,DDoS,Volumetric flood,Unattributed,Financially motivated,False,,2019-03-10,2019-03-15,2019-03-22,5,Internal detection,,not_applicable,,not_applicable,1,333742,no,low,True,synthetic (Faker),
SYN-00692,"Unauthorised access at Warner, Carr and Birch","Warner, Carr and Birch",private,Logistics,DE,Unauthorised access,Compromised credentials,Unattributed,Ransomware crew,False,,2019-01-22,2019-03-16,2019-03-17,53,Third-party notification,548,donation_history|email|name|phone|postal_address|safeguarding_notes|ssn_or_ni_number,,not_applicable,0,115058,no,medium,True,synthetic (Faker),
SYN-00873,Insider incident at Wright-Osborne,Wright-Osborne,private,Healthcare,GB,Insider incident,Negligent insider,Unattributed,Insider,False,,2019-03-20,2019-03-22,2019-04-09,2,Third-party notification,31870,bank_details|donation_history|email|health,,not_applicable,1,4992652,yes,medium,True,synthetic (Faker),
SYN-00225,Ransomware at Chambers Inc,Chambers Inc,private,Logistics,CA,Ransomware,Unpatched vulnerability,TinCathedral,Ransomware crew,False,,2019-03-27,2019-03-27,2019-04-01,0,Security vendor / MDR,588,credit_card|date_of_birth|email|employment|name|phone|ssn_or_ni_number,4962799,undisclosed,37,3121164,yes,high,True,synthetic (Faker),
SYN-01764,Unauthorised access at Baldwin LLC,Baldwin LLC,vendor,Software,IE,Unauthorised access,Exposed RDP/VPN,CobaltFinch,Nation state,False,,2019-01-06,2019-03-27,2019-03-28,80,Internal detection,3400577,donation_history|employment|internal_email|name|phone,,not_applicable,0,509770086,unknown,medium,True,synthetic (Faker),
SYN-00048,Phishing campaign at Literacy Trust,Literacy Trust,nonprofit,Charity/Nonprofit,DE,Phishing campaign,Phishing,QuietFathom,Ransomware crew,False,,2019-03-08,2019-03-28,2019-03-29,20,Public leak / dark web,2427,credit_card|donation_history|health,33242,no,2,,yes,medium,True,synthetic (Faker),
SYN-00190,Phishing campaign at Singh-Jones,Singh-Jones,private,Healthcare,IE,Phishing campaign,Phishing,Unattributed,Unknown,False,,2019-01-06,2019-03-29,2019-03-30,82,Law enforcement notification,55619,bank_details|date_of_birth|email|health|internal_email|phone|postal_address,,not_applicable,2,4648680,yes,medium,True,synthetic (Faker),
SYN-01089,Ransomware at Harvest Support,Harvest Support,nonprofit,Charity/Nonprofit,AU,Ransomware,Help-desk social engineering,AmberBastion,Ransomware crew,False,,2019-03-29,2019-03-31,2019-04-06,2,Law enforcement notification,1516,email|internal_email|name|phone|postal_address|safeguarding_notes|ssn_or_ni_number,394743,undisclosed,4,277202,yes,medium,True,synthetic (Faker),
SYN-01766,"Ransomware at Graham, Scott and Jennings","Graham, Scott and Jennings",private,Financial services,GB,Ransomware,Compromised credentials,Unattributed,Ransomware crew,False,,2019-03-29,2019-04-05,2019-04-08,7,Customer report,77078,bank_details|email|name|postal_address|ssn_or_ni_number,413884,no,3,,yes,medium,True,synthetic (Faker),
SYN-00447,Ransomware at Bond-O'Neill,Bond-O'Neill,private,Financial services,AU,Ransomware,Help-desk social engineering,Unattributed,Ransomware crew,False,,2019-04-05,2019-04-08,2019-04-27,3,Security vendor / MDR,11496,bank_details|email|employment|name|phone|postal_address,103363,no,3,2346543,yes,medium,True,synthetic (Faker),
SYN-00971,Ransomware at Kindling Care,Kindling Care,nonprofit,Charity/Nonprofit,GB,Ransomware,Unpatched vulnerability,QuietFathom,Ransomware crew,False,,2019-04-04,2019-04-08,2019-04-19,4,Public leak / dark web,1971,bank_details|date_of_birth|health|postal_address|ssn_or_ni_number,3626199,no,10,523599,yes,medium,True,synthetic (Faker),
SYN-01332,Data breach at Rivers Society,Rivers Society,nonprofit,Charity/Nonprofit,GB,Data breach,Compromised credentials,Unattributed,Hacktivist,False,,2019-03-18,2019-04-08,2019-04-10,21,Internal detection,18280,donation_history|email|name|postal_address,,not_applicable,0,364860,yes,medium,True,synthetic (Faker),
SYN-00699,Ransomware at Carlson-Andrews,Carlson-Andrews,private,Legal/Professional,IN,Ransomware,Exposed RDP/VPN,GlassMantis,Ransomware crew,False,,2019-04-06,2019-04-09,2019-04-30,3,Public leak / dark web,16601,bank_details|health|passport|phone|postal_address,4248976,no,19,2131237,yes,high,True,synthetic (Faker),
SYN-01951,"Business email compromise at Edwards, Stafford and Stewart","Edwards, Stafford and Stewart",private,Retail,IN,Business email compromise,Phishing,Unattributed,Unknown,False,,2019-03-24,2019-04-09,2019-04-22,16,Law enforcement notification,8994,email|name|passport|phone|postal_address|safeguarding_notes,,not_applicable,0,557905,yes,medium,True,synthetic (Faker),
SYN-00861,Ransomware at Beacon Hill Fund,Beacon Hill Fund,nonprofit,Charity/Nonprofit,DE,Ransomware,Unpatched vulnerability,TinCathedral,Ransomware crew,False,,2019-04-03,2019-04-12,2019-04-16,9,Internal detection,33852,donation_history|employment|internal_email|name|passport|phone|postal_address,8478180,no,6,2711716,yes,medium,True,synthetic (Faker),
SYN-01829,Ransomware at Carter Group,Carter Group,private,Healthcare,US,Ransomware,Unpatched vulnerability,NorthQuarry,Ransomware crew,False,,2019-03-25,2019-04-14,2019-04-26,20,Internal detection,42490,credentials|date_of_birth|email|employment|health|name|phone,297032,no,21,4040180,yes,high,True,synthetic (Faker),
SYN-01580,Ransomware at Whitehead LLC,Whitehead LLC,private,Legal/Professional,IE,Ransomware,Unpatched vulnerability,HollowLantern,Ransomware crew,False,,2019-04-13,2019-04-15,2019-05-15,2,Internal detection,6396,bank_details|internal_email,14450685,yes,18,1136944,yes,medium,True,synthetic (Faker),
SYN-01493,Data breach at Cliveville NHS Trust,Cliveville NHS Trust,public,Local government,FR,Data breach,Compromised credentials,AmberBastion,Ransomware crew,False,,2019-03-23,2019-04-16,2019-04-24,24,Security vendor / MDR,77969,date_of_birth|email|name|postal_address|safeguarding_notes,,not_applicable,0,2854769,yes,medium,True,synthetic (Faker),
SYN-01815,"Data breach at Bennett, Stewart and Collins","Bennett, Stewart and Collins",private,Healthcare,GB,Data breach,Insecure API endpoint,GlassMantis,Ransomware crew,False,,2019-04-05,2019-04-16,2019-04-22,11,Security vendor / MDR,25084,email|health|phone|postal_address,,not_applicable,1,3134516,yes,medium,True,synthetic (Faker),
SYN-00575,DDoS at Fernandez Inc,Fernandez Inc,private,Healthcare,IN,DDoS,Application-layer flood,Unattributed,Hacktivist,False,,2019-04-14,2019-04-18,2019-04-20,4,Internal detection,,not_applicable,,not_applicable,6,292438,no,medium,True,synthetic (Faker),
SYN-01111,Business email compromise at Burgess PLC,Burgess PLC,vendor,Nonprofit technology,AU,Business email compromise,MFA fatigue,HollowLantern,Ransomware crew,True,326,2019-04-16,2019-04-18,2019-04-22,2,Internal detection,,not_applicable,,not_applicable,0,,no,medium,True,synthetic (Faker),
SYN-00859,"Ransomware at Armstrong, Cross and Davidson","Armstrong, Cross and Davidson",vendor,Cloud/SaaS,NL,Ransomware,Phishing,ObsidianKoi,Ransomware crew,True,548,2019-04-12,2019-04-19,2019-04-26,7,Third-party notification,671822,credit_card|email|name|passport|phone,404439,undisclosed,2,113909602,unknown,medium,True,synthetic (Faker),
SYN-01881,Business email compromise at Castro-Graham,Castro-Graham,private,Retail,GB,Business email compromise,Phishing,Unattributed,Nation state,False,,2019-04-11,2019-04-23,2019-04-25,12,Third-party notification,,not_applicable,,not_applicable,0,73499,no,medium,True,synthetic (Faker),
SYN-00488,"Ransomware at Ramirez, Hays and Becker","Ramirez, Hays and Becker",private,Retail,US,Ransomware,Compromised credentials,ObsidianKoi,Ransomware crew,False,,2019-04-19,2019-04-24,2019-04-29,5,Internal detection,426115,credit_card|date_of_birth|email|health|name|phone|postal_address,14256346,no,23,73636754,yes,high,True,synthetic (Faker),
SYN-01212,Ransomware at Carrillomouth Council,Carrillomouth Council,public,Education,SG,Ransomware,Unpatched vulnerability,DimStag,Ransomware crew,False,,2019-04-22,2019-04-24,2019-04-29,2,Security vendor / MDR,4183,email|health|name|phone|postal_address,1805774,yes,8,1588058,yes,medium,True,synthetic (Faker),
SYN-00024,Ransomware at Bond Inc,Bond Inc,private,Financial services,GB,Ransomware,Compromised credentials,NineSpindle,Ransomware crew,False,,2019-04-16,2019-04-26,2019-05-04,10,Internal detection,72564,email|health,360362,undisclosed,6,13146899,yes,high,True,synthetic (Faker),
SYN-00769,Ransomware at Smith Group,Smith Group,private,Manufacturing,GB,Ransomware,Compromised credentials,VelvetSiphon,Ransomware crew,False,,2019-04-26,2019-04-27,2019-04-30,1,Internal detection,135980,credentials|credit_card|email|internal_email|phone|postal_address,216972,no,4,6302963,yes,medium,True,synthetic (Faker),
SYN-00668,Data breach at Robertsland Authority,Robertsland Authority,public,Education,US,Data breach,Insecure API endpoint,Unattributed,Ransomware crew,False,,2019-03-15,2019-05-04,2019-05-09,50,Customer report,35133,passport|phone|ssn_or_ni_number,,not_applicable,1,,yes,medium,True,synthetic (Faker),
SYN-01732,"Ransomware at Saunders, Ward and Patel","Saunders, Ward and Patel",vendor,Cloud/SaaS,GB,Ransomware,Exposed RDP/VPN,Unattributed,Ransomware crew,False,,2019-04-29,2019-05-04,2019-06-04,5,Internal detection,15525,bank_details|credentials|email|health|name|passport|postal_address,3265023,undisclosed,1,2207047,yes,medium,True,synthetic (Faker),
SYN-00810,DDoS at North Ericport Council,North Ericport Council,public,Education,GB,DDoS,Application-layer flood,AmberBastion,Ransomware crew,False,,2019-05-07,2019-05-08,2019-06-18,1,Customer report,,not_applicable,,not_applicable,1,,no,medium,True,synthetic (Faker),
SYN-00754,Supply chain compromise at Fisher PLC,Fisher PLC,vendor,Cloud/SaaS,US,Supply chain compromise,Trojanised software update,Unattributed,Unknown,True,445,2019-02-07,2019-05-12,2019-05-15,94,Third-party notification,2242262,email|postal_address,,not_applicable,0,163945702,yes,high,True,synthetic (Faker),
SYN-01723,Unauthorised access at Arellano-Carrillo,Arellano-Carrillo,vendor,Nonprofit technology,GB,Unauthorised access,Compromised credentials,Unattributed,Ransomware crew,False,,2019-04-15,2019-05-12,2019-05-20,27,Internal detection,106793,donation_history|email|health|phone|safeguarding_notes,,not_applicable,4,,yes,medium,True,synthetic (Faker),
=======
SYN-00692,"Unauthorised access at Warner, Carr and Birch","Warner, Carr and Birch",private,Logistics,DE,Unauthorised access,Compromised credentials,Unattributed,Ransomware crew,False,,2019-01-22,2019-03-16,2019-03-17,53,Third-party notification,548,donation_history|email|name|phone|postal_address|safeguarding_notes|ssn_or_ni_number,,not_applicable,0,115058,no,medium,True,synthetic (Faker),
SYN-00873,Insider incident at Wright-Osborne,Wright-Osborne,private,Healthcare,GB,Insider incident,Negligent insider,Unattributed,Insider,False,,2019-03-20,2019-03-22,2019-04-09,2,Third-party notification,31870,bank_details|donation_history|email|health,,not_applicable,1,4992652,yes,medium,True,synthetic (Faker),
SYN-00225,Ransomware at Chambers Inc,Chambers Inc,private,Logistics,CA,Ransomware,Unpatched vulnerability,TinCathedral,Ransomware crew,False,,2019-03-27,2019-03-27,2019-04-01,0,Security vendor / MDR,588,credit_card|date_of_birth|email|employment|name|phone|ssn_or_ni_number,4962799,undisclosed,37,3121164,yes,high,True,synthetic (Faker),
SYN-00048,Phishing campaign at Literacy Trust,Literacy Trust,nonprofit,Charity/Nonprofit,DE,Phishing campaign,Phishing,QuietFathom,Ransomware crew,False,,2019-03-08,2019-03-28,2019-03-29,20,Public leak / dark web,2427,credit_card|donation_history|health,33242,no,2,,yes,medium,True,synthetic (Faker),
SYN-00190,Phishing campaign at Singh-Jones,Singh-Jones,private,Healthcare,IE,Phishing campaign,Phishing,Unattributed,Unknown,False,,2019-01-06,2019-03-29,2019-03-30,82,Law enforcement notification,55619,bank_details|date_of_birth|email|health|internal_email|phone|postal_address,,not_applicable,2,4648680,yes,medium,True,synthetic (Faker),
SYN-00447,Ransomware at Bond-O'Neill,Bond-O'Neill,private,Financial services,AU,Ransomware,Help-desk social engineering,Unattributed,Ransomware crew,False,,2019-04-05,2019-04-08,2019-04-27,3,Security vendor / MDR,11496,bank_details|email|employment|name|phone|postal_address,103363,no,3,2346543,yes,medium,True,synthetic (Faker),
SYN-00971,Ransomware at Kindling Care,Kindling Care,nonprofit,Charity/Nonprofit,GB,Ransomware,Unpatched vulnerability,QuietFathom,Ransomware crew,False,,2019-04-04,2019-04-08,2019-04-19,4,Public leak / dark web,1971,bank_details|date_of_birth|health|postal_address|ssn_or_ni_number,3626199,no,10,523599,yes,medium,True,synthetic (Faker),
SYN-00699,Ransomware at Carlson-Andrews,Carlson-Andrews,private,Legal/Professional,IN,Ransomware,Exposed RDP/VPN,GlassMantis,Ransomware crew,False,,2019-04-06,2019-04-09,2019-04-30,3,Public leak / dark web,16601,bank_details|health|passport|phone|postal_address,4248976,no,19,2131237,yes,high,True,synthetic (Faker),
SYN-00861,Ransomware at Beacon Hill Fund,Beacon Hill Fund,nonprofit,Charity/Nonprofit,DE,Ransomware,Unpatched vulnerability,TinCathedral,Ransomware crew,False,,2019-04-03,2019-04-12,2019-04-16,9,Internal detection,33852,donation_history|employment|internal_email|name|passport|phone|postal_address,8478180,no,6,2711716,yes,medium,True,synthetic (Faker),
SYN-00575,DDoS at Fernandez Inc,Fernandez Inc,private,Healthcare,IN,DDoS,Application-layer flood,Unattributed,Hacktivist,False,,2019-04-14,2019-04-18,2019-04-20,4,Internal detection,,not_applicable,,not_applicable,6,292438,no,medium,True,synthetic (Faker),
SYN-00859,"Ransomware at Armstrong, Cross and Davidson","Armstrong, Cross and Davidson",vendor,Cloud/SaaS,NL,Ransomware,Phishing,ObsidianKoi,Ransomware crew,True,548,2019-04-12,2019-04-19,2019-04-26,7,Third-party notification,671822,credit_card|email|name|passport|phone,404439,undisclosed,2,113909602,unknown,medium,True,synthetic (Faker),
SYN-00488,"Ransomware at Ramirez, Hays and Becker","Ramirez, Hays and Becker",private,Retail,US,Ransomware,Compromised credentials,ObsidianKoi,Ransomware crew,False,,2019-04-19,2019-04-24,2019-04-29,5,Internal detection,426115,credit_card|date_of_birth|email|health|name|phone|postal_address,14256346,no,23,73636754,yes,high,True,synthetic (Faker),
SYN-00024,Ransomware at Bond Inc,Bond Inc,private,Financial services,GB,Ransomware,Compromised credentials,NineSpindle,Ransomware crew,False,,2019-04-16,2019-04-26,2019-05-04,10,Internal detection,72564,email|health,360362,undisclosed,6,13146899,yes,high,True,synthetic (Faker),
SYN-00769,Ransomware at Smith Group,Smith Group,private,Manufacturing,GB,Ransomware,Compromised credentials,VelvetSiphon,Ransomware crew,False,,2019-04-26,2019-04-27,2019-04-30,1,Internal detection,135980,credentials|credit_card|email|internal_email|phone|postal_address,216972,no,4,6302963,yes,medium,True,synthetic (Faker),
SYN-00668,Data breach at Robertsland Authority,Robertsland Authority,public,Education,US,Data breach,Insecure API endpoint,Unattributed,Ransomware crew,False,,2019-03-15,2019-05-04,2019-05-09,50,Customer report,35133,passport|phone|ssn_or_ni_number,,not_applicable,1,,yes,medium,True,synthetic (Faker),
SYN-00810,DDoS at North Ericport Council,North Ericport Council,public,Education,GB,DDoS,Application-layer flood,AmberBastion,Ransomware crew,False,,2019-05-07,2019-05-08,2019-06-18,1,Customer report,,not_applicable,,not_applicable,1,,no,medium,True,synthetic (Faker),
SYN-00754,Supply chain compromise at Fisher PLC,Fisher PLC,vendor,Cloud/SaaS,US,Supply chain compromise,Trojanised software update,Unattributed,Unknown,True,445,2019-02-07,2019-05-12,2019-05-15,94,Third-party notification,2242262,email|postal_address,,not_applicable,0,163945702,yes,high,True,synthetic (Faker),
>>>>>>> 8a74902011229c25354fcb7e063b9152ef665657
SYN-00174,Unauthorised access at Youth Network,Youth Network,nonprofit,Charity/Nonprofit,IE,Unauthorised access,Insecure API endpoint,Unattributed,Ransomware crew,False,,2019-05-08,2019-05-13,2019-05-17,5,Routine audit,467,donation_history|email|employment|name|phone|postal_address,,not_applicable,0,46755,yes,low,True,synthetic (Faker),
SYN-00382,DDoS at Beacon Hill Foundation,Beacon Hill Foundation,nonprofit,Charity/Nonprofit,CA,DDoS,Volumetric flood,Unattributed,Financially motivated,False,,2019-05-12,2019-05-13,2019-05-16,1,Third-party notification,,not_applicable,,not_applicable,1,172116,unknown,low,True,synthetic (Faker),
SYN-00761,Data breach at Payne-Thompson,Payne-Thompson,private,Healthcare,AU,Data breach,Compromised credentials,VelvetSiphon,Ransomware crew,False,,2019-05-05,2019-05-13,2019-05-16,8,Internal detection,25043,donation_history|health|passport|phone,,not_applicable,1,4647027,yes,medium,True,synthetic (Faker),
SYN-00293,Business email compromise at Mills and Sons,Mills and Sons,private,Manufacturing,NL,Business email compromise,Phishing,Unattributed,Nation state,False,,2019-05-04,2019-05-16,2019-05-30,12,Third-party notification,,not_applicable,,not_applicable,2,478434,unknown,medium,True,synthetic (Faker),
SYN-00492,Business email compromise at Thomas Ltd,Thomas Ltd,private,Retail,CA,Business email compromise,Compromised credentials,NineSpindle,Ransomware crew,False,,2019-03-29,2019-05-18,2019-05-18,50,Internal detection,,not_applicable,,not_applicable,0,,no,medium,True,synthetic (Faker),
<<<<<<< HEAD
SYN-01454,Business email compromise at Ortizland District Board,Ortizland District Board,public,Education,GB,Business email compromise,Compromised credentials,CobaltFinch,Nation state,False,,2019-05-05,2019-05-18,2019-05-22,13,Internal detection,,not_applicable,372908,no,3,101793,no,medium,True,synthetic (Faker),
SYN-01135,"Ransomware at Mistry, Cartwright and Jackson","Mistry, Cartwright and Jackson",private,Financial services,FR,Ransomware,Exposed RDP/VPN,SlateWarden,Ransomware crew,False,,2019-05-13,2019-05-21,2019-05-21,8,Third-party notification,27733,bank_details|name,136412,no,33,5214959,yes,high,True,synthetic (Faker),
SYN-00577,Unauthorised access at Joelberg NHS Trust,Joelberg NHS Trust,public,Education,US,Unauthorised access,MFA fatigue,Unattributed,Ransomware crew,False,,2019-04-20,2019-05-24,2019-07-31,34,Third-party notification,36805,bank_details|date_of_birth|email|employment|passport|phone|safeguarding_notes,,not_applicable,5,,yes,medium,True,synthetic (Faker),
SYN-01394,Supply chain compromise at Ryan Group,Ryan Group,private,Retail,US,Supply chain compromise,Trojanised software update,Unattributed,Unknown,True,10,2019-02-03,2019-05-25,2019-05-30,111,Security vendor / MDR,1324721,bank_details|employment|phone|postal_address|safeguarding_notes,,not_applicable,1,,yes,high,True,synthetic (Faker),
SYN-01573,Phishing campaign at Smith-Rodriguez,Smith-Rodriguez,vendor,Nonprofit technology,GB,Phishing campaign,Phishing,NorthQuarry,Ransomware crew,True,58,2019-03-23,2019-05-26,2019-06-01,64,Third-party notification,1057322,bank_details|credit_card|donation_history|email|ssn_or_ni_number,1066276,undisclosed,0,88264616,yes,high,True,synthetic (Faker),
SYN-01424,Phishing campaign at Miller-Brown,Miller-Brown,private,Retail,DE,Phishing campaign,Phishing,Unattributed,Insider,False,,2019-05-03,2019-05-27,2019-06-02,24,Internal detection,46900,date_of_birth|email|name|phone|postal_address,,not_applicable,8,,yes,medium,True,synthetic (Faker),
=======
SYN-00577,Unauthorised access at Joelberg NHS Trust,Joelberg NHS Trust,public,Education,US,Unauthorised access,MFA fatigue,Unattributed,Ransomware crew,False,,2019-04-20,2019-05-24,2019-07-31,34,Third-party notification,36805,bank_details|date_of_birth|email|employment|passport|phone|safeguarding_notes,,not_applicable,5,,yes,medium,True,synthetic (Faker),
>>>>>>> 8a74902011229c25354fcb7e063b9152ef665657
SYN-00295,Business email compromise at Harvest Care,Harvest Care,nonprofit,Charity/Nonprofit,US,Business email compromise,Compromised credentials,AmberBastion,Ransomware crew,False,,2019-05-13,2019-05-28,2019-06-03,15,Public leak / dark web,2,email|health|internal_email|name|phone,,not_applicable,1,,yes,medium,True,synthetic (Faker),
SYN-00332,"Data breach at Carlson, Ware and Moore","Carlson, Ware and Moore",private,Manufacturing,GB,Data breach,Compromised credentials,Unattributed,Financially motivated,False,,2019-05-19,2019-05-28,2019-06-02,9,Internal detection,80715,date_of_birth|email|name|phone|postal_address,,not_applicable,4,6506429,unknown,medium,True,synthetic (Faker),
SYN-00950,Data breach at Rossside Council,Rossside Council,public,Local government,US,Data breach,Unpatched vulnerability,PaleHydra,Ransomware crew,False,,2019-05-14,2019-05-28,2019-05-31,14,Third-party notification,6762,email|phone|postal_address|safeguarding_notes,,not_applicable,0,458893,yes,medium,True,synthetic (Faker),
SYN-00776,DDoS at Alexandriaview District Board,Alexandriaview District Board,public,Energy/Utilities,FR,DDoS,Volumetric flood,IronMagpie,Ransomware crew,False,,2019-05-21,2019-05-30,2019-06-06,9,Third-party notification,,not_applicable,,not_applicable,1,318205,unknown,medium,True,synthetic (Faker),
<<<<<<< HEAD
SYN-01480,Business email compromise at Wilson LLC,Wilson LLC,private,Logistics,SG,Business email compromise,Phishing,Unattributed,Ransomware crew,False,,2019-05-23,2019-06-01,2019-06-09,9,Internal detection,,not_applicable,,not_applicable,1,163259,unknown,medium,True,synthetic (Faker),
SYN-01739,Data breach at Shelter Alliance,Shelter Alliance,nonprofit,Charity/Nonprofit,US,Data breach,Phishing,Unattributed,Financially motivated,False,,2019-04-30,2019-06-03,2019-06-07,34,Internal detection,78217,credit_card|donation_history|email|health|name|phone|safeguarding_notes,,not_applicable,0,3206896,yes,medium,True,synthetic (Faker),
SYN-00451,"Data breach at Jenkins, Ortiz and Andrews","Jenkins, Ortiz and Andrews",vendor,Cloud/SaaS,NL,Data breach,Phishing,NorthQuarry,Ransomware crew,True,37,2019-05-30,2019-06-05,2019-06-09,6,Public leak / dark web,2430272,email|health|name|phone|postal_address,,not_applicable,2,343997583,yes,high,True,synthetic (Faker),
SYN-01684,Data breach at Wellbeing Support,Wellbeing Support,nonprofit,Charity/Nonprofit,NL,Data breach,Unpatched vulnerability,Unattributed,Unknown,False,,2019-05-18,2019-06-06,2019-06-16,19,Internal detection,877,credit_card|donation_history|email|phone|postal_address,,not_applicable,0,187216,yes,low,True,synthetic (Faker),
=======
SYN-00451,"Data breach at Jenkins, Ortiz and Andrews","Jenkins, Ortiz and Andrews",vendor,Cloud/SaaS,NL,Data breach,Phishing,NorthQuarry,Ransomware crew,True,37,2019-05-30,2019-06-05,2019-06-09,6,Public leak / dark web,2430272,email|health|name|phone|postal_address,,not_applicable,2,343997583,yes,high,True,synthetic (Faker),
>>>>>>> 8a74902011229c25354fcb7e063b9152ef665657
SYN-00676,Data breach at Literacy Alliance,Literacy Alliance,nonprofit,Charity/Nonprofit,GB,Data breach,Misconfigured cloud storage,Unattributed,Financially motivated,False,,2019-05-18,2019-06-10,2019-06-16,23,Third-party notification,3528,credentials|donation_history|employment|health|name|phone|postal_address,,not_applicable,0,376689,yes,medium,True,synthetic (Faker),
SYN-00334,Ransomware at Perryborough Authority,Perryborough Authority,public,Education,GB,Ransomware,Compromised credentials,SlateWarden,Ransomware crew,False,,2019-06-01,2019-06-12,2019-06-23,11,Internal detection,1882649,internal_email|phone|postal_address|safeguarding_notes,775783,yes,5,106603727,yes,high,True,synthetic (Faker),
SYN-00210,"Data breach at Fernandez, Kim and George","Fernandez, Kim and George",vendor,Cloud/SaaS,IN,Data breach,Unpatched vulnerability,Unattributed,Financially motivated,False,,2019-06-01,2019-06-13,2019-06-15,12,Internal detection,59541,credentials|date_of_birth|name|passport|phone|postal_address|safeguarding_notes,,not_applicable,4,2900662,unknown,medium,True,synthetic (Faker),
SYN-00500,Supply chain compromise at Underwood and Sons,Underwood and Sons,private,Healthcare,GB,Supply chain compromise,Trojanised software update,HollowLantern,Ransomware crew,True,22,2019-04-30,2019-06-14,2019-06-18,45,Routine audit,145929,bank_details|credentials|credit_card|email|health|internal_email|phone|postal_address,,not_applicable,2,22847307,yes,high,True,synthetic (Faker),
SYN-00682,Business email compromise at Webster-Murphy,Webster-Murphy,vendor,Nonprofit technology,IE,Business email compromise,Phishing,HollowLantern,Nation state,False,,2019-05-09,2019-06-15,2019-06-18,37,Third-party notification,,not_applicable,,not_applicable,0,242295,no,medium,True,synthetic (Faker),
<<<<<<< HEAD
SYN-01984,Ransomware at New Ronald Council,New Ronald Council,public,Local government,GB,Ransomware,Compromised credentials,SlateWarden,Ransomware crew,False,,2019-06-13,2019-06-16,2019-06-18,3,Customer report,9301,bank_details|email|internal_email|passport|postal_address|ssn_or_ni_number,2165735,yes,5,2001368,yes,medium,True,synthetic (Faker),
SYN-01174,Ransomware at Kindling Society,Kindling Society,nonprofit,Charity/Nonprofit,US,Ransomware,Exposed RDP/VPN,NineSpindle,Ransomware crew,False,,2019-06-15,2019-06-17,2019-06-23,2,Internal detection,7809,donation_history|email|health|phone|postal_address,1594662,yes,20,889387,yes,medium,True,synthetic (Faker),
SYN-01079,Phishing campaign at Beacon Hill Care,Beacon Hill Care,nonprofit,Charity/Nonprofit,US,Phishing campaign,Phishing,Unattributed,Unknown,False,,2019-06-11,2019-06-19,2019-06-30,8,Routine audit,1059229,name|phone|postal_address|safeguarding_notes,,not_applicable,1,31563357,yes,high,True,synthetic (Faker),
SYN-00355,"Phishing campaign at Glass, Cunningham and Reid","Glass, Cunningham and Reid",private,Financial services,SG,Phishing campaign,Phishing,Unattributed,Unknown,False,,2019-06-06,2019-06-20,2019-07-08,14,Internal detection,118986,name|passport|phone,,not_applicable,0,14577429,yes,medium,True,synthetic (Faker),
SYN-00557,Phishing campaign at Velasquez-Reese,Velasquez-Reese,private,Hospitality,SG,Phishing campaign,Phishing,NineSpindle,Ransomware crew,False,,2019-04-23,2019-06-21,2019-06-23,59,Public leak / dark web,105933,bank_details|credit_card|phone|postal_address,,not_applicable,1,18102512,unknown,medium,True,synthetic (Faker),
SYN-01822,Ransomware at Hospice Appeal,Hospice Appeal,nonprofit,Charity/Nonprofit,US,Ransomware,Exposed RDP/VPN,IronMagpie,Ransomware crew,False,,2019-06-20,2019-06-22,2019-06-24,2,Third-party notification,28498,date_of_birth|email|employment|name|postal_address,7114014,no,6,1490365,yes,medium,True,synthetic (Faker),
SYN-00025,Data breach at East Teresaburgh Authority,East Teresaburgh Authority,public,Local government,GB,Data breach,Unpatched vulnerability,Unattributed,Ransomware crew,False,,2019-05-31,2019-06-23,2019-06-27,23,Internal detection,34968,postal_address|ssn_or_ni_number,,not_applicable,0,2983000,yes,medium,True,synthetic (Faker),
SYN-00784,"Business email compromise at Roberts, Edwards and Lynch","Roberts, Edwards and Lynch",vendor,Nonprofit technology,GB,Business email compromise,Phishing,Unattributed,Financially motivated,False,,2019-05-28,2019-06-23,2019-07-04,26,Internal detection,,not_applicable,262204,no,0,382084,no,low,True,synthetic (Faker),
SYN-01503,Unauthorised access at Marcborough Authority,Marcborough Authority,public,Local government,GB,Unauthorised access,Compromised credentials,DimStag,Nation state,False,,2019-06-18,2019-06-23,2019-07-06,5,Third-party notification,6325,bank_details|credit_card|date_of_birth|email|health,,not_applicable,2,1167674,yes,medium,True,synthetic (Faker),
SYN-00482,"Ransomware at Ingram, Bentley and Hughes","Ingram, Bentley and Hughes",vendor,Nonprofit technology,IE,Ransomware,Compromised credentials,ObsidianKoi,Ransomware crew,True,693,2019-06-21,2019-06-24,2019-06-29,3,Internal detection,8346220,date_of_birth|donation_history|name|passport|postal_address|ssn_or_ni_number,5459131,no,3,,yes,high,True,synthetic (Faker),
SYN-00808,Unauthorised access at Richardside District Board,Richardside District Board,public,Education,US,Unauthorised access,MFA fatigue,QuietFathom,Ransomware crew,False,,2019-05-12,2019-06-24,2019-07-01,43,Third-party notification,145232,internal_email|phone|safeguarding_notes,,not_applicable,0,4837019,yes,medium,True,synthetic (Faker),
SYN-01114,Phishing campaign at Shelter Fund,Shelter Fund,nonprofit,Charity/Nonprofit,US,Phishing campaign,Phishing,Unattributed,Financially motivated,False,,2019-06-14,2019-06-25,2019-07-04,11,Third-party notification,33673,donation_history|email|phone|postal_address,,not_applicable,3,,yes,medium,True,synthetic (Faker),
SYN-00228,"Supply chain compromise at Carter, Thornton and Perry","Carter, Thornton and Perry",private,Healthcare,US,Supply chain compromise,Third-party supplier access,VelvetSiphon,Ransomware crew,True,3,2019-05-02,2019-06-26,2019-07-08,55,Internal detection,199649,credentials|email|health|name|phone,,not_applicable,25,7590117,yes,high,True,synthetic (Faker),
SYN-01779,Data breach at Beacon Hill Network,Beacon Hill Network,nonprofit,Charity/Nonprofit,GB,Data breach,Phishing,Unattributed,Financially motivated,False,,2019-03-17,2019-06-26,2019-07-24,101,Third-party notification,4287,date_of_birth|email|employment|name|phone|postal_address|safeguarding_notes,,not_applicable,1,330395,yes,medium,True,synthetic (Faker),
=======
SYN-00355,"Phishing campaign at Glass, Cunningham and Reid","Glass, Cunningham and Reid",private,Financial services,SG,Phishing campaign,Phishing,Unattributed,Unknown,False,,2019-06-06,2019-06-20,2019-07-08,14,Internal detection,118986,name|passport|phone,,not_applicable,0,14577429,yes,medium,True,synthetic (Faker),
SYN-00557,Phishing campaign at Velasquez-Reese,Velasquez-Reese,private,Hospitality,SG,Phishing campaign,Phishing,NineSpindle,Ransomware crew,False,,2019-04-23,2019-06-21,2019-06-23,59,Public leak / dark web,105933,bank_details|credit_card|phone|postal_address,,not_applicable,1,18102512,unknown,medium,True,synthetic (Faker),
SYN-00025,Data breach at East Teresaburgh Authority,East Teresaburgh Authority,public,Local government,GB,Data breach,Unpatched vulnerability,Unattributed,Ransomware crew,False,,2019-05-31,2019-06-23,2019-06-27,23,Internal detection,34968,postal_address|ssn_or_ni_number,,not_applicable,0,2983000,yes,medium,True,synthetic (Faker),
SYN-00784,"Business email compromise at Roberts, Edwards and Lynch","Roberts, Edwards and Lynch",vendor,Nonprofit technology,GB,Business email compromise,Phishing,Unattributed,Financially motivated,False,,2019-05-28,2019-06-23,2019-07-04,26,Internal detection,,not_applicable,262204,no,0,382084,no,low,True,synthetic (Faker),
SYN-00482,"Ransomware at Ingram, Bentley and Hughes","Ingram, Bentley and Hughes",vendor,Nonprofit technology,IE,Ransomware,Compromised credentials,ObsidianKoi,Ransomware crew,True,693,2019-06-21,2019-06-24,2019-06-29,3,Internal detection,8346220,date_of_birth|donation_history|name|passport|postal_address|ssn_or_ni_number,5459131,no,3,,yes,high,True,synthetic (Faker),
SYN-00808,Unauthorised access at Richardside District Board,Richardside District Board,public,Education,US,Unauthorised access,MFA fatigue,QuietFathom,Ransomware crew,False,,2019-05-12,2019-06-24,2019-07-01,43,Third-party notification,145232,internal_email|phone|safeguarding_notes,,not_applicable,0,4837019,yes,medium,True,synthetic (Faker),
SYN-00228,"Supply chain compromise at Carter, Thornton and Perry","Carter, Thornton and Perry",private,Healthcare,US,Supply chain compromise,Third-party supplier access,VelvetSiphon,Ransomware crew,True,3,2019-05-02,2019-06-26,2019-07-08,55,Internal detection,199649,credentials|email|health|name|phone,,not_applicable,25,7590117,yes,high,True,synthetic (Faker),
>>>>>>> 8a74902011229c25354fcb7e063b9152ef665657
SYN-00166,Data breach at Wallace-Smith,Wallace-Smith,private,Manufacturing,AU,Data breach,Insecure API endpoint,Unattributed,Financially motivated,False,,2019-04-30,2019-06-27,2019-07-02,58,Internal detection,70379,postal_address|ssn_or_ni_number,,not_applicable,2,10618467,yes,medium,True,synthetic (Faker),
SYN-00725,Data breach at Hayesland Authority,Hayesland Authority,public,Education,AU,Data breach,Misconfigured cloud storage,Unattributed,Unknown,False,,2019-04-12,2019-06-28,2019-07-01,77,Internal detection,14065,date_of_birth|email|name|postal_address|safeguarding_notes,,not_applicable,0,1442199,yes,medium,True,synthetic (Faker),
SYN-00534,Data breach at Masonhaven Council,Masonhaven Council,public,Energy/Utilities,FR,Data breach,Misconfigured cloud storage,Unattributed,Ransomware crew,False,,2019-03-31,2019-06-29,2019-07-04,90,Third-party notification,754,email|health|name|phone|postal_address|safeguarding_notes,,not_applicable,1,410204,yes,medium,True,synthetic (Faker),
SYN-00700,Ransomware at Tucker PLC,Tucker PLC,private,Manufacturing,GB,Ransomware,Compromised credentials,Unattributed,Ransomware crew,False,,2019-06-29,2019-06-29,2019-07-15,0,Customer report,39,email|name|postal_address|safeguarding_notes,3911614,no,19,1580542,no,medium,True,synthetic (Faker),
SYN-00042,Data breach at Howe LLC,Howe LLC,private,Financial services,US,Data breach,Unpatched vulnerability,Unattributed,Unknown,False,,2019-06-18,2019-07-04,2019-07-12,16,Third-party notification,52429,donation_history|postal_address,,not_applicable,1,1838404,yes,medium,True,synthetic (Faker),
SYN-00388,Business email compromise at Hammond-Strickland,Hammond-Strickland,private,Logistics,US,Business email compromise,Phishing,SlateWarden,Ransomware crew,False,,2019-05-21,2019-07-05,2019-07-09,45,Law enforcement notification,,not_applicable,,not_applicable,0,73074,no,medium,True,synthetic (Faker),
<<<<<<< HEAD
SYN-01490,Phishing campaign at Larson LLC,Larson LLC,private,Retail,SG,Phishing campaign,Phishing,CobaltFinch,Ransomware crew,False,,2019-05-09,2019-07-05,2019-07-09,57,Internal detection,68145,email|internal_email|name|phone|postal_address|ssn_or_ni_number,,not_applicable,1,,yes,medium,True,synthetic (Faker),
SYN-01658,Phishing campaign at Welch-Knowles,Welch-Knowles,private,Hospitality,DE,Phishing campaign,Phishing,Unattributed,Ransomware crew,False,,2019-06-21,2019-07-05,2019-07-07,14,Internal detection,250922,bank_details|credit_card,526000,undisclosed,0,,yes,medium,True,synthetic (Faker),
SYN-00555,Ransomware at Clarke-Allan,Clarke-Allan,private,Financial services,GB,Ransomware,Exposed RDP/VPN,ObsidianKoi,Ransomware crew,False,,2019-07-05,2019-07-09,2019-07-17,4,Security vendor / MDR,456375,email|employment|health|name|passport|phone|safeguarding_notes,3511464,no,26,52972049,yes,high,True,synthetic (Faker),
SYN-00101,Data breach at Mobility Network,Mobility Network,nonprofit,Charity/Nonprofit,US,Data breach,Compromised credentials,SlateWarden,Nation state,False,,2019-07-02,2019-07-13,2019-07-16,11,Internal detection,159686,bank_details|donation_history|email,,not_applicable,1,4133711,yes,medium,True,synthetic (Faker),
SYN-01273,Insider incident at Shelter Network,Shelter Network,nonprofit,Charity/Nonprofit,SG,Insider incident,Malicious insider,Unattributed,Insider,False,,2019-06-19,2019-07-16,2019-07-20,27,Security vendor / MDR,23752,date_of_birth|donation_history|internal_email|safeguarding_notes,,not_applicable,0,1054541,yes,medium,True,synthetic (Faker),
SYN-01286,Insider incident at Wong-Patel,Wong-Patel,private,Hospitality,US,Insider incident,Malicious insider,Unattributed,Insider,False,,2019-06-20,2019-07-16,2019-08-10,26,Internal detection,142576,bank_details|name|postal_address,,not_applicable,0,23422411,no,medium,True,synthetic (Faker),
SYN-01457,Destructive malware at East Melissashire District Board,East Melissashire District Board,public,Local government,DE,Destructive malware,Unpatched vulnerability,Unattributed,Unknown,False,,2019-07-13,2019-07-16,2019-07-20,3,Internal detection,,not_applicable,1922487,no,13,1455643,unknown,medium,True,synthetic (Faker),
SYN-01784,Insider incident at Hall-Wallis,Hall-Wallis,private,Financial services,US,Insider incident,Negligent insider,Unattributed,Insider,False,,2019-07-08,2019-07-26,2019-07-30,18,Public leak / dark web,539796,bank_details|credit_card|date_of_birth|email|name|phone|postal_address,,not_applicable,0,51787536,yes,medium,True,synthetic (Faker),
SYN-01652,Data breach at Steele-Sparks,Steele-Sparks,vendor,Software,US,Data breach,Third-party supplier access,HollowLantern,Ransomware crew,True,79,2019-06-25,2019-07-27,2019-07-31,32,Internal detection,31260,name|postal_address,402047,no,0,1388868,yes,medium,True,synthetic (Faker),
=======
SYN-00555,Ransomware at Clarke-Allan,Clarke-Allan,private,Financial services,GB,Ransomware,Exposed RDP/VPN,ObsidianKoi,Ransomware crew,False,,2019-07-05,2019-07-09,2019-07-17,4,Security vendor / MDR,456375,email|employment|health|name|passport|phone|safeguarding_notes,3511464,no,26,52972049,yes,high,True,synthetic (Faker),
SYN-00101,Data breach at Mobility Network,Mobility Network,nonprofit,Charity/Nonprofit,US,Data breach,Compromised credentials,SlateWarden,Nation state,False,,2019-07-02,2019-07-13,2019-07-16,11,Internal detection,159686,bank_details|donation_history|email,,not_applicable,1,4133711,yes,medium,True,synthetic (Faker),
>>>>>>> 8a74902011229c25354fcb7e063b9152ef665657
SYN-00869,Ransomware at Harris LLC,Harris LLC,private,Financial services,GB,Ransomware,Compromised credentials,TinCathedral,Ransomware crew,False,,2019-07-27,2019-08-02,2019-08-08,6,Customer report,8070494,email|phone,473935,no,58,342455211,yes,high,True,synthetic (Faker),
SYN-00438,Data breach at Berry PLC,Berry PLC,private,Healthcare,GB,Data breach,Phishing,Unattributed,Financially motivated,False,,2019-07-19,2019-08-03,2019-08-09,15,Third-party notification,2569,email|health|phone,492872,no,1,495253,yes,medium,True,synthetic (Faker),
SYN-00010,Data breach at Munoz-Roman,Munoz-Roman,private,Healthcare,GB,Data breach,Insecure API endpoint,NineSpindle,Nation state,False,,2019-07-28,2019-08-04,2019-08-23,7,Public leak / dark web,184711,credit_card|email|health|phone|postal_address,1321582,no,0,,yes,medium,True,synthetic (Faker),
SYN-00135,"Ransomware at Owens, Brown and Wall","Owens, Brown and Wall",vendor,Nonprofit technology,GB,Ransomware,Phishing,QuietFathom,Ransomware crew,False,,2019-08-02,2019-08-04,2019-08-07,2,Internal detection,1299389,credit_card|date_of_birth|employment|internal_email|postal_address,805157,no,48,86029731,yes,high,True,synthetic (Faker),
SYN-00925,Ransomware at Lantern Support,Lantern Support,nonprofit,Charity/Nonprofit,IE,Ransomware,Exposed RDP/VPN,SlateWarden,Ransomware crew,False,,2019-07-28,2019-08-04,2019-08-06,7,Public leak / dark web,12049,email|phone|postal_address,5904114,no,7,1055777,yes,medium,True,synthetic (Faker),
SYN-00724,"Ransomware at Gilbert, Sanders and Donnelly","Gilbert, Sanders and Donnelly",private,Financial services,GB,Ransomware,Third-party supplier access,SlateWarden,Ransomware crew,True,16,2019-07-30,2019-08-05,2019-08-16,6,Third-party notification,105142,date_of_birth|employment|health|phone|postal_address,2819702,no,20,5810955,yes,high,True,synthetic (Faker),
SYN-00205,Data breach at Shelter Network,Shelter Network,nonprofit,Charity/Nonprofit,US,Data breach,Phishing,Unattributed,Financially motivated,False,,2019-05-28,2019-08-07,2019-08-18,71,Third-party notification,12283,donation_history|health|phone|postal_address,,not_applicable,0,,yes,medium,True,synthetic (Faker),
SYN-00376,Business email compromise at Bean LLC,Bean LLC,private,Retail,US,Business email compromise,Phishing,Unattributed,Financially motivated,False,,2019-07-29,2019-08-08,2019-08-11,10,Security vendor / MDR,,not_applicable,,not_applicable,0,294993,unknown,low,True,synthetic (Faker),
<<<<<<< HEAD
SYN-01242,Data breach at New David District Board,New David District Board,public,Education,GB,Data breach,Phishing,AmberBastion,Ransomware crew,False,,2019-02-18,2019-08-08,2019-08-13,171,Law enforcement notification,133204,bank_details|email|health|name|postal_address,,not_applicable,4,20744114,yes,medium,True,synthetic (Faker),
SYN-01686,Data breach at Williams Group,Williams Group,private,Healthcare,GB,Data breach,Misconfigured cloud storage,HollowLantern,Ransomware crew,False,,2019-07-12,2019-08-08,2019-08-13,27,Internal detection,149214,date_of_birth|health|postal_address,,not_applicable,3,7517695,yes,medium,True,synthetic (Faker),
SYN-01280,Data breach at Heritage Appeal,Heritage Appeal,nonprofit,Charity/Nonprofit,SG,Data breach,Compromised credentials,Unattributed,Ransomware crew,False,,2019-06-07,2019-08-09,2019-08-20,63,Third-party notification,51976,date_of_birth|internal_email|safeguarding_notes,,not_applicable,0,2070968,yes,medium,True,synthetic (Faker),
SYN-00431,Data breach at Fowler-Moody,Fowler-Moody,vendor,Software,US,Data breach,Credential stuffing,Unattributed,Financially motivated,True,9,2019-05-24,2019-08-11,2019-08-30,79,Third-party notification,57594893,credit_card|name,,not_applicable,4,1360041171,yes,high,True,synthetic (Faker),
SYN-01625,Ransomware at New Simon District Board,New Simon District Board,public,Education,DE,Ransomware,Phishing,ObsidianKoi,Ransomware crew,False,,2019-08-05,2019-08-11,2019-08-22,6,Internal detection,545108,credentials|passport|postal_address,635712,no,20,,yes,medium,True,synthetic (Faker),
=======
SYN-00431,Data breach at Fowler-Moody,Fowler-Moody,vendor,Software,US,Data breach,Credential stuffing,Unattributed,Financially motivated,True,9,2019-05-24,2019-08-11,2019-08-30,79,Third-party notification,57594893,credit_card|name,,not_applicable,4,1360041171,yes,high,True,synthetic (Faker),
>>>>>>> 8a74902011229c25354fcb7e063b9152ef665657
SYN-00432,Data breach at Refuge Foundation,Refuge Foundation,nonprofit,Charity/Nonprofit,US,Data breach,Misconfigured cloud storage,NorthQuarry,Ransomware crew,False,,2019-06-30,2019-08-14,2019-08-16,45,Third-party notification,23594,email|name|postal_address,,not_applicable,1,,yes,medium,True,synthetic (Faker),
SYN-00591,Unauthorised access at Kellymouth Authority,Kellymouth Authority,public,Education,GB,Unauthorised access,Compromised credentials,DimStag,Nation state,False,,2019-07-25,2019-08-15,2019-08-17,21,Internal detection,9209,employment|phone,331396,undisclosed,3,1125659,yes,low,True,synthetic (Faker),
SYN-00965,Data breach at South Brettburgh NHS Trust,South Brettburgh NHS Trust,public,Education,IE,Data breach,Compromised credentials,SlateWarden,Ransomware crew,False,,2019-08-06,2019-08-15,2019-08-17,9,Public leak / dark web,21910,bank_details|postal_address|ssn_or_ni_number,,not_applicable,0,,yes,medium,True,synthetic (Faker),
SYN-00249,Unauthorised access at Williams Inc,Williams Inc,vendor,Software,US,Unauthorised access,Compromised credentials,Unattributed,Financially motivated,False,,2019-05-12,2019-08-17,2019-08-27,97,Third-party notification,4676,email|name|phone|postal_address|safeguarding_notes,58945,no,3,,yes,medium,True,synthetic (Faker),
SYN-00073,"Unauthorised access at Riggs, Roman and Rice","Riggs, Roman and Rice",private,Legal/Professional,AU,Unauthorised access,MFA fatigue,Unattributed,Insider,False,,2019-08-08,2019-08-18,2019-08-19,10,Internal detection,1369,credentials|email|name|postal_address,,not_applicable,1,440444,yes,low,True,synthetic (Faker),
SYN-00844,"Unauthorised access at Wells, Lee and Barker","Wells, Lee and Barker",private,Hospitality,GB,Unauthorised access,Insecure API endpoint,NorthQuarry,Ransomware crew,False,,2019-08-09,2019-08-26,2019-09-04,17,Internal detection,175497,email|internal_email|name|phone|postal_address|safeguarding_notes,,not_applicable,0,7420308,yes,medium,True,synthetic (Faker),
<<<<<<< HEAD
SYN-01859,Data breach at Pritchard-Jordan,Pritchard-Jordan,private,Healthcare,GB,Data breach,Phishing,Unattributed,Unknown,False,,2019-02-17,2019-08-26,2019-08-28,190,Security vendor / MDR,705686,credentials|health|postal_address,,not_applicable,0,102530471,yes,medium,True,synthetic (Faker),
=======
>>>>>>> 8a74902011229c25354fcb7e063b9152ef665657
SYN-00039,Data breach at Wilson LLC,Wilson LLC,private,Retail,GB,Data breach,Credential stuffing,Unattributed,Ransomware crew,False,,2019-08-13,2019-08-27,2019-08-30,14,Third-party notification,6421067,email|name|postal_address,,not_applicable,1,,yes,medium,True,synthetic (Faker),
SYN-00640,Ransomware at Lopezshire NHS Trust,Lopezshire NHS Trust,public,Energy/Utilities,US,Ransomware,Phishing,CobaltFinch,Ransomware crew,False,,2019-08-28,2019-08-31,2019-09-07,3,Internal detection,1308,credit_card|name|postal_address,3557752,no,24,,yes,medium,True,synthetic (Faker),
SYN-00657,Ransomware at Dean-Rogers,Dean-Rogers,private,Healthcare,GB,Ransomware,Compromised credentials,SlateWarden,Ransomware crew,False,,2019-08-25,2019-08-31,2019-09-19,6,Law enforcement notification,186791,email|employment|health|phone|postal_address,3987820,no,37,32054627,yes,high,True,synthetic (Faker),
SYN-00663,Ransomware at Lantern Alliance,Lantern Alliance,nonprofit,Charity/Nonprofit,GB,Ransomware,Phishing,VelvetSiphon,Ransomware crew,False,,2019-09-01,2019-09-02,2019-09-04,1,Customer report,30655,date_of_birth|donation_history|email|health|postal_address,2292382,no,14,2213889,yes,high,True,synthetic (Faker),
SYN-00795,Unauthorised access at Henderson Ltd,Henderson Ltd,private,Logistics,GB,Unauthorised access,Insecure API endpoint,Unattributed,Ransomware crew,False,,2019-08-20,2019-09-02,2019-09-04,13,Customer report,3508,email|name|postal_address,,not_applicable,5,,no,low,True,synthetic (Faker),
SYN-00852,Ransomware at Atkins-Khan,Atkins-Khan,vendor,Nonprofit technology,GB,Ransomware,Compromised credentials,RustVulture,Ransomware crew,True,297,2019-09-02,2019-09-04,2019-09-09,2,Third-party notification,1201990,bank_details|credit_card|donation_history|health|name|phone|postal_address|ssn_or_ni_number,474715,undisclosed,12,,yes,critical,True,synthetic (Faker),
<<<<<<< HEAD
SYN-01344,Data breach at Andradeburgh District Board,Andradeburgh District Board,public,Education,US,Data breach,Compromised credentials,Unattributed,Financially motivated,False,,2019-06-24,2019-09-05,2019-09-06,73,Third-party notification,32390,credit_card|postal_address|safeguarding_notes,,not_applicable,0,5382701,yes,medium,True,synthetic (Faker),
SYN-00453,Ransomware at Port Kimberly Authority,Port Kimberly Authority,public,Energy/Utilities,IN,Ransomware,Third-party supplier access,NineSpindle,Ransomware crew,True,100,2019-09-03,2019-09-06,2019-09-08,3,Third-party notification,2172,donation_history|postal_address,5787868,yes,9,1040995,yes,medium,True,synthetic (Faker),
SYN-00472,Ransomware at Kindling Appeal,Kindling Appeal,nonprofit,Charity/Nonprofit,GB,Ransomware,Phishing,Unattributed,Ransomware crew,False,,2019-09-02,2019-09-08,2019-09-11,6,Internal detection,2769,donation_history|email|name|phone,437578,no,19,479718,yes,medium,True,synthetic (Faker),
SYN-00642,Ransomware at North Maxberg NHS Trust,North Maxberg NHS Trust,public,Education,GB,Ransomware,Unpatched vulnerability,PaleHydra,Ransomware crew,False,,2019-09-07,2019-09-09,2019-09-10,2,Law enforcement notification,56874,credentials|email|name|passport|postal_address|safeguarding_notes,1445303,no,24,6478929,yes,high,True,synthetic (Faker),
SYN-01320,"Data breach at Lee, Norris and Howard","Lee, Norris and Howard",private,Legal/Professional,FR,Data breach,Misconfigured cloud storage,RustVulture,Ransomware crew,False,,2019-08-29,2019-09-09,2019-09-22,11,Public leak / dark web,12639,bank_details|health|name|phone|postal_address,,not_applicable,2,2552619,yes,medium,True,synthetic (Faker),
=======
SYN-00453,Ransomware at Port Kimberly Authority,Port Kimberly Authority,public,Energy/Utilities,IN,Ransomware,Third-party supplier access,NineSpindle,Ransomware crew,True,100,2019-09-03,2019-09-06,2019-09-08,3,Third-party notification,2172,donation_history|postal_address,5787868,yes,9,1040995,yes,medium,True,synthetic (Faker),
SYN-00472,Ransomware at Kindling Appeal,Kindling Appeal,nonprofit,Charity/Nonprofit,GB,Ransomware,Phishing,Unattributed,Ransomware crew,False,,2019-09-02,2019-09-08,2019-09-11,6,Internal detection,2769,donation_history|email|name|phone,437578,no,19,479718,yes,medium,True,synthetic (Faker),
SYN-00642,Ransomware at North Maxberg NHS Trust,North Maxberg NHS Trust,public,Education,GB,Ransomware,Unpatched vulnerability,PaleHydra,Ransomware crew,False,,2019-09-07,2019-09-09,2019-09-10,2,Law enforcement notification,56874,credentials|email|name|passport|postal_address|safeguarding_notes,1445303,no,24,6478929,yes,high,True,synthetic (Faker),
>>>>>>> 8a74902011229c25354fcb7e063b9152ef665657
SYN-00330,Phishing campaign at South Samantha Authority,South Samantha Authority,public,Local government,US,Phishing campaign,Phishing,TinCathedral,Ransomware crew,False,,2019-08-26,2019-09-10,2019-09-11,15,Law enforcement notification,21130,credentials|credit_card|donation_history|email|name|postal_address,31054,undisclosed,1,2759864,yes,medium,True,synthetic (Faker),
SYN-00489,Data breach at Simpson Group,Simpson Group,vendor,Software,GB,Data breach,Phishing,Unattributed,Hacktivist,False,,2019-08-15,2019-09-12,2019-09-13,28,Security vendor / MDR,164504,employment|health,,not_applicable,4,12473215,yes,medium,True,synthetic (Faker),
SYN-00588,"DDoS at Miller, Cole and Watson","Miller, Cole and Watson",vendor,Nonprofit technology,GB,DDoS,Application-layer flood,Unattributed,Unknown,True,730,2019-09-08,2019-09-12,2019-09-17,4,Public leak / dark web,,not_applicable,,not_applicable,2,315348,no,medium,True,synthetic (Faker),
SYN-00648,Data breach at Crawford PLC,Crawford PLC,private,Legal/Professional,AU,Data breach,Insecure API endpoint,Unattributed,Insider,False,,2019-07-28,2019-09-13,2019-09-20,47,Third-party notification,87926,credit_card|email|name|phone|postal_address|safeguarding_notes,,not_applicable,8,2134402,yes,high,True,synthetic (Faker),
SYN-00091,Insider incident at Knowles Group,Knowles Group,vendor,Nonprofit technology,US,Insider incident,Malicious insider,Unattributed,Insider,False,,2019-02-09,2019-09-15,2019-09-23,218,Security vendor / MDR,5478548,credentials|donation_history|email|employment|internal_email|name|phone,,not_applicable,0,765369936,yes,medium,True,synthetic (Faker),
SYN-00150,Business email compromise at East Malcolm District Board,East Malcolm District Board,public,Energy/Utilities,AU,Business email compromise,MFA fatigue,AmberBastion,Nation state,False,,2019-09-06,2019-09-15,2019-09-23,9,Third-party notification,,not_applicable,,not_applicable,21,1396794,no,medium,True,synthetic (Faker),
SYN-00730,Ransomware at Phillips-Finch,Phillips-Finch,private,Healthcare,GB,Ransomware,Compromised credentials,Unattributed,Ransomware crew,False,,2019-09-14,2019-09-15,2019-10-03,1,Internal detection,25006,donation_history|email|health|name|phone|postal_address,9218822,yes,1,2233286,yes,medium,True,synthetic (Faker),
SYN-00141,Data breach at Holt-Davies,Holt-Davies,private,Retail,US,Data breach,Misconfigured cloud storage,Unattributed,Unknown,False,,2019-09-03,2019-09-16,2019-09-26,13,Law enforcement notification,38895,email|internal_email|name|postal_address,,not_applicable,3,2235575,yes,medium,True,synthetic (Faker),
SYN-00828,Ransomware at Griffin-Hernandez,Griffin-Hernandez,private,Healthcare,AU,Ransomware,Help-desk social engineering,PaleHydra,Ransomware crew,False,,2019-09-15,2019-09-17,2019-09-19,2,Internal detection,59405,bank_details|health|postal_address,14525746,yes,7,7908476,yes,high,True,synthetic (Faker),
<<<<<<< HEAD
SYN-01758,Phishing campaign at East Margaret District Board,East Margaret District Board,public,Education,FR,Phishing campaign,Phishing,Unattributed,Unknown,False,,2019-09-10,2019-09-19,2019-09-22,9,Third-party notification,36500,name|postal_address,,not_applicable,1,,yes,medium,True,synthetic (Faker),
SYN-00963,Data breach at Shelter Network,Shelter Network,nonprofit,Charity/Nonprofit,US,Data breach,Insecure API endpoint,Unattributed,Unknown,False,,2019-09-07,2019-09-21,2019-10-05,14,Third-party notification,1628,date_of_birth|email|internal_email|phone,1721682,undisclosed,1,141567,yes,low,True,synthetic (Faker),
SYN-01985,"Data breach at Hamilton, Thomas and Dean","Hamilton, Thomas and Dean",private,Hospitality,US,Data breach,Unpatched vulnerability,Unattributed,Insider,False,,2019-09-11,2019-09-21,2019-09-30,10,Internal detection,51666,email|phone|postal_address,,not_applicable,0,5672052,yes,medium,True,synthetic (Faker),
SYN-00923,Data breach at Rhodes Inc,Rhodes Inc,private,Manufacturing,US,Data breach,Third-party supplier access,Unattributed,Insider,True,10,2019-09-20,2019-09-25,2019-09-28,5,Third-party notification,6215,bank_details|email|name|phone,,not_applicable,0,,unknown,medium,True,synthetic (Faker),
SYN-00517,Data breach at Harris PLC,Harris PLC,private,Manufacturing,US,Data breach,Compromised credentials,Unattributed,Financially motivated,False,,2019-09-07,2019-09-28,2019-10-08,21,Internal detection,1563,credit_card|email|employment|safeguarding_notes,,not_applicable,0,385783,yes,medium,True,synthetic (Faker),
SYN-01443,Ransomware at Rivers Network,Rivers Network,nonprofit,Charity/Nonprofit,US,Ransomware,Exposed RDP/VPN,Unattributed,Ransomware crew,False,,2019-10-06,2019-10-08,2019-10-09,2,Law enforcement notification,47248,credit_card|date_of_birth|phone,159849,yes,22,3481422,yes,medium,True,synthetic (Faker),
=======
SYN-00963,Data breach at Shelter Network,Shelter Network,nonprofit,Charity/Nonprofit,US,Data breach,Insecure API endpoint,Unattributed,Unknown,False,,2019-09-07,2019-09-21,2019-10-05,14,Third-party notification,1628,date_of_birth|email|internal_email|phone,1721682,undisclosed,1,141567,yes,low,True,synthetic (Faker),
SYN-00923,Data breach at Rhodes Inc,Rhodes Inc,private,Manufacturing,US,Data breach,Third-party supplier access,Unattributed,Insider,True,10,2019-09-20,2019-09-25,2019-09-28,5,Third-party notification,6215,bank_details|email|name|phone,,not_applicable,0,,unknown,medium,True,synthetic (Faker),
SYN-00517,Data breach at Harris PLC,Harris PLC,private,Manufacturing,US,Data breach,Compromised credentials,Unattributed,Financially motivated,False,,2019-09-07,2019-09-28,2019-10-08,21,Internal detection,1563,credit_card|email|employment|safeguarding_notes,,not_applicable,0,385783,yes,medium,True,synthetic (Faker),
>>>>>>> 8a74902011229c25354fcb7e063b9152ef665657
SYN-00732,"Data breach at Farmer, Williams and Sims","Farmer, Williams and Sims",private,Retail,US,Data breach,Insecure API endpoint,Unattributed,Hacktivist,False,,2019-09-28,2019-10-11,2019-10-13,13,Third-party notification,256044,phone|postal_address,,not_applicable,0,20056872,yes,medium,True,synthetic (Faker),
SYN-00196,Ransomware at Wellbeing Foundation,Wellbeing Foundation,nonprofit,Charity/Nonprofit,IE,Ransomware,Phishing,Unattributed,Ransomware crew,False,,2019-09-28,2019-10-13,2019-10-21,15,Public leak / dark web,26935,email|employment|health|name|phone|postal_address,1104117,no,11,551360,yes,high,True,synthetic (Faker),
SYN-00469,Data breach at Hospice Fund,Hospice Fund,nonprofit,Charity/Nonprofit,FR,Data breach,Third-party supplier access,Unattributed,Ransomware crew,True,133,2019-08-02,2019-10-13,2019-10-15,72,Security vendor / MDR,301188,email|name|ssn_or_ni_number,,not_applicable,4,23708251,yes,high,True,synthetic (Faker),
SYN-00931,Data breach at Davis and Sons,Davis and Sons,private,Healthcare,GB,Data breach,Phishing,Unattributed,Unknown,False,,2019-10-11,2019-10-17,2019-10-24,6,Security vendor / MDR,6284,credentials|health|postal_address,,not_applicable,2,727203,yes,medium,True,synthetic (Faker),
SYN-00441,"Ransomware at Hughes, Hoffman and Green","Hughes, Hoffman and Green",private,Healthcare,GB,Ransomware,Unpatched vulnerability,Unattributed,Ransomware crew,False,,2019-10-18,2019-10-19,2019-10-25,1,Law enforcement notification,10608,credentials|health|postal_address,308388,no,31,1872722,yes,high,True,synthetic (Faker),
SYN-00727,Insider incident at Murphy-Smith,Murphy-Smith,private,Healthcare,CA,Insider incident,Negligent insider,Unattributed,Insider,False,,2019-09-18,2019-10-19,2019-10-23,31,Internal detection,213557,bank_details|credentials|email|employment|health|phone|safeguarding_notes,,not_applicable,0,23818726,yes,medium,True,synthetic (Faker),
SYN-00547,Business email compromise at Davies PLC,Davies PLC,private,Logistics,GB,Business email compromise,Compromised credentials,Unattributed,Unknown,False,,2019-05-23,2019-10-21,2019-10-24,151,Customer report,,not_applicable,,not_applicable,0,340271,no,medium,True,synthetic (Faker),
<<<<<<< HEAD
SYN-01097,"Data breach at Douglas, Webb and Powell","Douglas, Webb and Powell",private,Logistics,IN,Data breach,Insecure API endpoint,HollowLantern,Ransomware crew,False,,2019-07-12,2019-10-22,2019-11-08,102,Public leak / dark web,487,name|safeguarding_notes,,not_applicable,10,674472,no,medium,True,synthetic (Faker),
SYN-01151,Data breach at Lake Brandonville Council,Lake Brandonville Council,public,Local government,US,Data breach,Third-party supplier access,QuietFathom,Ransomware crew,True,1,2019-10-18,2019-10-24,2019-10-30,6,Internal detection,87729,email|employment|health|passport|phone|postal_address|ssn_or_ni_number,,not_applicable,0,,yes,high,True,synthetic (Faker),
SYN-01309,Ransomware at Parkinson LLC,Parkinson LLC,private,Hospitality,AU,Ransomware,Unpatched vulnerability,Unattributed,Ransomware crew,False,,2019-10-19,2019-10-24,2019-10-27,5,Law enforcement notification,1564384,employment|health|name|passport|phone|ssn_or_ni_number,664948,yes,22,164457127,unknown,high,True,synthetic (Faker),
SYN-00471,Business email compromise at Literacy Network,Literacy Network,nonprofit,Charity/Nonprofit,US,Business email compromise,Phishing,Unattributed,Ransomware crew,False,,2019-07-10,2019-10-25,2019-10-27,107,Internal detection,25,bank_details|credentials|email|name|phone|postal_address|ssn_or_ni_number,,not_applicable,0,124538,yes,medium,True,synthetic (Faker),
SYN-01840,Supply chain compromise at Pacheco-Silva,Pacheco-Silva,vendor,Software,IE,Supply chain compromise,Compromised credentials,Unattributed,Financially motivated,True,1672,2019-09-22,2019-10-25,2019-10-28,33,Internal detection,1201534,credentials|health|name|phone|postal_address,,not_applicable,0,154344633,yes,high,True,synthetic (Faker),
SYN-00616,Data breach at Lucas PLC,Lucas PLC,private,Financial services,US,Data breach,Compromised credentials,Unattributed,Hacktivist,False,,2019-10-07,2019-10-26,2019-11-01,19,Customer report,219147,email|employment|name|phone,,not_applicable,0,16211176,yes,medium,True,synthetic (Faker),
SYN-01239,Business email compromise at Frankview NHS Trust,Frankview NHS Trust,public,Education,FR,Business email compromise,Phishing,PaleHydra,Nation state,False,,2019-09-18,2019-10-28,2019-11-11,40,Third-party notification,,not_applicable,418433,undisclosed,1,376855,unknown,low,True,synthetic (Faker),
SYN-01632,Data breach at Johnson Inc,Johnson Inc,private,Manufacturing,GB,Data breach,Compromised credentials,Unattributed,Insider,False,,2019-11-01,2019-11-01,2019-11-06,0,Customer report,6460,bank_details|credentials|employment|name|phone|postal_address,,not_applicable,22,2623754,unknown,medium,True,synthetic (Faker),
SYN-00241,Business email compromise at Bowen Group,Bowen Group,vendor,Software,US,Business email compromise,Compromised credentials,PaleHydra,Ransomware crew,True,362,2019-09-24,2019-11-02,2019-11-06,39,Customer report,,not_applicable,,not_applicable,0,,unknown,medium,True,synthetic (Faker),
SYN-00633,"Unauthorised access at Lee, McCarthy and Wheeler","Lee, McCarthy and Wheeler",vendor,Software,CA,Unauthorised access,Insecure API endpoint,Unattributed,Insider,True,1076,2019-10-08,2019-11-02,2019-11-05,25,Internal detection,5543399,email|employment|health,,not_applicable,1,,yes,high,True,synthetic (Faker),
SYN-00728,"Supply chain compromise at Page, Thomson and Harrison","Page, Thomson and Harrison",vendor,Cloud/SaaS,SG,Supply chain compromise,Third-party supplier access,RustVulture,Ransomware crew,True,3815,2019-04-28,2019-11-02,2019-11-15,188,Law enforcement notification,1952897,postal_address|ssn_or_ni_number,,not_applicable,2,78059249,no,high,True,synthetic (Faker),
SYN-01589,Data breach at Bennett-Patterson,Bennett-Patterson,private,Financial services,FR,Data breach,Credential stuffing,Unattributed,Hacktivist,False,,2019-10-06,2019-11-05,2019-11-18,30,Public leak / dark web,7300,date_of_birth|email|employment|postal_address,583044,undisclosed,0,864919,yes,low,True,synthetic (Faker),
SYN-00837,"Data breach at Howard, Silva and Hall","Howard, Silva and Hall",private,Financial services,US,Data breach,Misconfigured cloud storage,Unattributed,Ransomware crew,False,,2019-09-21,2019-11-06,2019-11-12,46,Security vendor / MDR,43043,health|name|phone,92887,undisclosed,0,,yes,medium,True,synthetic (Faker),
SYN-00915,Business email compromise at Cameron-Garrison,Cameron-Garrison,vendor,Nonprofit technology,DE,Business email compromise,Phishing,NineSpindle,Ransomware crew,False,,2019-11-03,2019-11-07,2019-11-11,4,Internal detection,,not_applicable,487247,no,0,322362,unknown,medium,True,synthetic (Faker),
SYN-01035,Business email compromise at Wellbeing Appeal,Wellbeing Appeal,nonprofit,Charity/Nonprofit,AU,Business email compromise,Compromised credentials,HollowLantern,Nation state,False,,2019-10-03,2019-11-08,2019-11-14,36,Third-party notification,,not_applicable,,not_applicable,0,,unknown,low,True,synthetic (Faker),
SYN-01888,"Unauthorised access at Sandoval, Davis and Hahn","Sandoval, Davis and Hahn",vendor,Nonprofit technology,US,Unauthorised access,Help-desk social engineering,Unattributed,Unknown,True,1428,2019-06-02,2019-11-08,2019-11-19,159,Customer report,6704141,bank_details|credentials|donation_history|email|name|phone|postal_address|ssn_or_ni_number,,not_applicable,0,640732655,yes,high,True,synthetic (Faker),
=======
SYN-00471,Business email compromise at Literacy Network,Literacy Network,nonprofit,Charity/Nonprofit,US,Business email compromise,Phishing,Unattributed,Ransomware crew,False,,2019-07-10,2019-10-25,2019-10-27,107,Internal detection,25,bank_details|credentials|email|name|phone|postal_address|ssn_or_ni_number,,not_applicable,0,124538,yes,medium,True,synthetic (Faker),
SYN-00616,Data breach at Lucas PLC,Lucas PLC,private,Financial services,US,Data breach,Compromised credentials,Unattributed,Hacktivist,False,,2019-10-07,2019-10-26,2019-11-01,19,Customer report,219147,email|employment|name|phone,,not_applicable,0,16211176,yes,medium,True,synthetic (Faker),
SYN-00241,Business email compromise at Bowen Group,Bowen Group,vendor,Software,US,Business email compromise,Compromised credentials,PaleHydra,Ransomware crew,True,362,2019-09-24,2019-11-02,2019-11-06,39,Customer report,,not_applicable,,not_applicable,0,,unknown,medium,True,synthetic (Faker),
SYN-00633,"Unauthorised access at Lee, McCarthy and Wheeler","Lee, McCarthy and Wheeler",vendor,Software,CA,Unauthorised access,Insecure API endpoint,Unattributed,Insider,True,1076,2019-10-08,2019-11-02,2019-11-05,25,Internal detection,5543399,email|employment|health,,not_applicable,1,,yes,high,True,synthetic (Faker),
SYN-00728,"Supply chain compromise at Page, Thomson and Harrison","Page, Thomson and Harrison",vendor,Cloud/SaaS,SG,Supply chain compromise,Third-party supplier access,RustVulture,Ransomware crew,True,3815,2019-04-28,2019-11-02,2019-11-15,188,Law enforcement notification,1952897,postal_address|ssn_or_ni_number,,not_applicable,2,78059249,no,high,True,synthetic (Faker),
SYN-00837,"Data breach at Howard, Silva and Hall","Howard, Silva and Hall",private,Financial services,US,Data breach,Misconfigured cloud storage,Unattributed,Ransomware crew,False,,2019-09-21,2019-11-06,2019-11-12,46,Security vendor / MDR,43043,health|name|phone,92887,undisclosed,0,,yes,medium,True,synthetic (Faker),
SYN-00915,Business email compromise at Cameron-Garrison,Cameron-Garrison,vendor,Nonprofit technology,DE,Business email compromise,Phishing,NineSpindle,Ransomware crew,False,,2019-11-03,2019-11-07,2019-11-11,4,Internal detection,,not_applicable,487247,no,0,322362,unknown,medium,True,synthetic (Faker),
>>>>>>> 8a74902011229c25354fcb7e063b9152ef665657
SYN-00421,Business email compromise at Kindling Network,Kindling Network,nonprofit,Charity/Nonprofit,US,Business email compromise,MFA fatigue,AmberBastion,Ransomware crew,False,,2019-09-27,2019-11-09,2019-11-12,43,Internal detection,101,credentials|donation_history|email|name|phone|postal_address,,not_applicable,0,182945,yes,low,True,synthetic (Faker),
SYN-00542,Data breach at East Lesley NHS Trust,East Lesley NHS Trust,public,Energy/Utilities,FR,Data breach,Compromised credentials,Unattributed,Financially motivated,False,,2019-10-03,2019-11-09,2019-11-11,37,Public leak / dark web,102125,credentials|phone,,not_applicable,0,11078044,yes,medium,True,synthetic (Faker),
SYN-00312,"Unauthorised access at Clark, Waters and Shaw","Clark, Waters and Shaw",private,Healthcare,US,Unauthorised access,Compromised credentials,Unattributed,Hacktivist,False,,2019-11-04,2019-11-10,2019-11-22,6,Law enforcement notification,24376,credentials|health|name|passport|phone|postal_address,,not_applicable,0,2818177,yes,medium,True,synthetic (Faker),
SYN-00195,Data breach at Kerrport District Board,Kerrport District Board,public,Local government,GB,Data breach,Unpatched vulnerability,Unattributed,Financially motivated,False,,2019-08-18,2019-11-16,2019-11-20,90,Security vendor / MDR,175541,email|passport|phone|postal_address,,not_applicable,0,16237245,yes,medium,True,synthetic (Faker),
SYN-00404,Data breach at Harvest Support,Harvest Support,nonprofit,Charity/Nonprofit,IN,Data breach,Compromised credentials,VelvetSiphon,Nation state,False,,2019-10-12,2019-11-16,2019-11-19,35,Public leak / dark web,200732,donation_history|email|employment|health|phone|postal_address,,not_applicable,5,,yes,medium,True,synthetic (Faker),
SYN-00670,"Data breach at Davison, Patel and Patterson","Davison, Patel and Patterson",vendor,Cloud/SaaS,IN,Data breach,Compromised credentials,VelvetSiphon,Ransomware crew,False,,2019-08-04,2019-11-18,2019-12-14,106,Internal detection,1296305,health|name,,not_applicable,0,,no,high,True,synthetic (Faker),
<<<<<<< HEAD
SYN-01462,Unauthorised access at Read LLC,Read LLC,private,Retail,US,Unauthorised access,Compromised credentials,QuietFathom,Ransomware crew,False,,2019-10-22,2019-11-21,2019-12-05,30,Internal detection,150769,credentials|postal_address,,not_applicable,1,25636661,yes,medium,True,synthetic (Faker),
SYN-01646,Data breach at Horton PLC,Horton PLC,private,Financial services,CA,Data breach,Compromised credentials,Unattributed,Financially motivated,False,,2019-11-13,2019-11-21,2019-11-24,8,Internal detection,128984,internal_email|passport|postal_address,,not_applicable,4,13773851,yes,medium,True,synthetic (Faker),
SYN-00491,Business email compromise at Foster Group,Foster Group,private,Manufacturing,GB,Business email compromise,Phishing,QuietFathom,Ransomware crew,False,,2019-09-23,2019-11-22,2019-11-29,60,Customer report,,not_applicable,,not_applicable,13,,no,medium,True,synthetic (Faker),
SYN-01441,"Unauthorised access at Hunter, Green and Cole","Hunter, Green and Cole",private,Manufacturing,GB,Unauthorised access,MFA fatigue,Unattributed,Hacktivist,False,,2019-11-07,2019-11-22,2020-01-08,15,Customer report,32285,email|internal_email|phone,,not_applicable,0,3879330,yes,medium,True,synthetic (Faker),
SYN-01384,DDoS at Kaur LLC,Kaur LLC,vendor,Cloud/SaaS,SG,DDoS,Volumetric flood,TinCathedral,Nation state,False,,2019-11-20,2019-11-23,2019-12-02,3,Security vendor / MDR,,not_applicable,,not_applicable,1,73718,no,medium,True,synthetic (Faker),
SYN-01787,Data breach at Mckinney Inc,Mckinney Inc,vendor,Software,GB,Data breach,Unpatched vulnerability,Unattributed,Financially motivated,True,84,2019-09-21,2019-11-23,2019-11-29,63,Third-party notification,1096490,bank_details|passport|ssn_or_ni_number,,not_applicable,0,,no,high,True,synthetic (Faker),
SYN-00143,Ransomware at Wright-Adams,Wright-Adams,private,Logistics,FR,Ransomware,Compromised credentials,QuietFathom,Ransomware crew,False,,2019-11-24,2019-11-25,2019-11-30,1,Public leak / dark web,2180,credentials|date_of_birth|internal_email|name|postal_address,641968,no,3,282993,no,low,True,synthetic (Faker),
SYN-01615,Phishing campaign at Smith-Jimenez,Smith-Jimenez,private,Healthcare,US,Phishing campaign,Phishing,CobaltFinch,Nation state,False,,2019-11-03,2019-11-25,2019-11-27,22,Law enforcement notification,1214490,date_of_birth|email|health|name,,not_applicable,0,150251487,yes,high,True,synthetic (Faker),
=======
SYN-00491,Business email compromise at Foster Group,Foster Group,private,Manufacturing,GB,Business email compromise,Phishing,QuietFathom,Ransomware crew,False,,2019-09-23,2019-11-22,2019-11-29,60,Customer report,,not_applicable,,not_applicable,13,,no,medium,True,synthetic (Faker),
SYN-00143,Ransomware at Wright-Adams,Wright-Adams,private,Logistics,FR,Ransomware,Compromised credentials,QuietFathom,Ransomware crew,False,,2019-11-24,2019-11-25,2019-11-30,1,Public leak / dark web,2180,credentials|date_of_birth|internal_email|name|postal_address,641968,no,3,282993,no,low,True,synthetic (Faker),
>>>>>>> 8a74902011229c25354fcb7e063b9152ef665657
SYN-00764,"Insider incident at Mitchell, Marquez and Wang","Mitchell, Marquez and Wang",private,Manufacturing,GB,Insider incident,Negligent insider,Unattributed,Insider,False,,2019-09-20,2019-11-26,2019-11-29,67,Law enforcement notification,14512,credentials|email|employment|internal_email|name|passport|postal_address,265730,undisclosed,0,1033416,yes,medium,True,synthetic (Faker),
SYN-00009,Data breach at Rivers Fund,Rivers Fund,nonprofit,Charity/Nonprofit,GB,Data breach,Third-party supplier access,Unattributed,Insider,True,31,2019-10-28,2019-11-28,2019-11-30,31,Internal detection,183402,bank_details|credentials|date_of_birth|donation_history|employment|ssn_or_ni_number,,not_applicable,0,,yes,high,True,synthetic (Faker),
SYN-00681,Business email compromise at Knapp-Miller,Knapp-Miller,vendor,Software,GB,Business email compromise,Phishing,VelvetSiphon,Ransomware crew,False,,2019-11-05,2019-11-28,2019-12-02,23,Security vendor / MDR,750,email|health|name|passport|postal_address|safeguarding_notes|ssn_or_ni_number,,not_applicable,16,469510,yes,medium,True,synthetic (Faker),
SYN-00379,Data breach at Doyle Inc,Doyle Inc,vendor,Software,IN,Data breach,Misconfigured cloud storage,IronMagpie,Ransomware crew,False,,2019-08-15,2019-11-29,2019-12-08,106,Routine audit,71174,credit_card|name|phone|postal_address,,not_applicable,2,2602702,yes,medium,True,synthetic (Faker),
<<<<<<< HEAD
SYN-01306,Supply chain compromise at Soto Inc,Soto Inc,private,Manufacturing,GB,Supply chain compromise,Trojanised software update,IronMagpie,Ransomware crew,True,4,2019-10-20,2019-11-29,2019-12-05,40,Security vendor / MDR,25035,credentials|email|name|passport|phone|postal_address,,not_applicable,7,4602653,yes,high,True,synthetic (Faker),
SYN-01447,Unauthorised access at Port Jacob NHS Trust,Port Jacob NHS Trust,public,Education,DE,Unauthorised access,Insecure API endpoint,Unattributed,Financially motivated,False,,2019-09-15,2019-11-29,2019-12-07,75,Third-party notification,439711,bank_details|credentials|credit_card|donation_history|email|name|postal_address,,not_applicable,0,,yes,medium,True,synthetic (Faker),
SYN-00050,Data breach at North Sophiemouth District Board,North Sophiemouth District Board,public,Energy/Utilities,GB,Data breach,Phishing,Unattributed,Unknown,False,,2019-11-20,2019-12-01,2019-12-03,11,Internal detection,3457,bank_details|credentials|email|internal_email|name|passport|phone,833975,undisclosed,0,,yes,medium,True,synthetic (Faker),
SYN-01285,"Data breach at Miller, Walker and Mann","Miller, Walker and Mann",vendor,Nonprofit technology,GB,Data breach,Compromised credentials,Unattributed,Nation state,True,139,2019-11-27,2019-12-03,2019-12-09,6,Internal detection,8745707,email|name|passport|phone,,not_applicable,0,,yes,high,True,synthetic (Faker),
=======
SYN-00050,Data breach at North Sophiemouth District Board,North Sophiemouth District Board,public,Energy/Utilities,GB,Data breach,Phishing,Unattributed,Unknown,False,,2019-11-20,2019-12-01,2019-12-03,11,Internal detection,3457,bank_details|credentials|email|internal_email|name|passport|phone,833975,undisclosed,0,,yes,medium,True,synthetic (Faker),
>>>>>>> 8a74902011229c25354fcb7e063b9152ef665657
SYN-00437,DDoS at Wellsstad District Board,Wellsstad District Board,public,Local government,GB,DDoS,Application-layer flood,CobaltFinch,Ransomware crew,False,,2019-12-06,2019-12-06,2019-12-13,0,Internal detection,,not_applicable,,not_applicable,1,363559,unknown,low,True,synthetic (Faker),
SYN-00574,Data breach at Cox Group,Cox Group,private,Financial services,US,Data breach,Credential stuffing,Unattributed,Ransomware crew,False,,2019-11-22,2019-12-07,2019-12-11,15,Internal detection,1523100,credit_card|email|employment|ssn_or_ni_number,,not_applicable,0,143001802,yes,high,True,synthetic (Faker),
SYN-00043,Data breach at West Aimee NHS Trust,West Aimee NHS Trust,public,Energy/Utilities,DE,Data breach,Insecure API endpoint,Unattributed,Unknown,False,,2019-08-03,2019-12-08,2019-12-16,127,Security vendor / MDR,7484,credentials|date_of_birth|email|employment|name|safeguarding_notes|ssn_or_ni_number,,not_applicable,3,1266919,yes,medium,True,synthetic (Faker),
SYN-00919,"Business email compromise at Camacho, Nicholson and Robertson","Camacho, Nicholson and Robertson",private,Healthcare,CA,Business email compromise,Phishing,Unattributed,Unknown,False,,2019-10-25,2019-12-10,2019-12-17,46,Internal detection,1610,email|health|name|phone,,not_applicable,1,,yes,medium,True,synthetic (Faker),
<<<<<<< HEAD
SYN-01258,Data breach at Marsden and Sons,Marsden and Sons,private,Healthcare,GB,Data breach,Compromised credentials,Unattributed,Nation state,False,,2019-10-17,2019-12-10,2019-12-21,54,Security vendor / MDR,94770,credit_card|health|internal_email|phone|postal_address,,not_applicable,9,,yes,high,True,synthetic (Faker),
SYN-01745,"Ransomware at Evans, Kennedy and Davis","Evans, Kennedy and Davis",vendor,Software,US,Ransomware,Compromised credentials,ObsidianKoi,Ransomware crew,False,,2019-12-02,2019-12-11,2019-12-18,9,Public leak / dark web,24637,email|employment|internal_email|name|phone|postal_address,199194,no,4,,no,medium,True,synthetic (Faker),
SYN-01270,Data breach at Howells LLC,Howells LLC,private,Financial services,GB,Data breach,Misconfigured cloud storage,Unattributed,Hacktivist,False,,2019-12-08,2019-12-12,2019-12-29,4,Public leak / dark web,17795,email|health|internal_email|name|phone|ssn_or_ni_number,316459,no,3,2968378,yes,medium,True,synthetic (Faker),
SYN-00830,Ransomware at White and Sons,White and Sons,vendor,Cloud/SaaS,GB,Ransomware,Unpatched vulnerability,GlassMantis,Ransomware crew,True,132,2019-12-09,2019-12-13,2019-12-31,4,Internal detection,841702,email|internal_email|name|phone|postal_address,104185,yes,237,,no,high,True,synthetic (Faker),
SYN-01871,Ransomware at Allen Ltd,Allen Ltd,private,Healthcare,US,Ransomware,Phishing,Unattributed,Ransomware crew,False,,2019-12-13,2019-12-18,2019-12-22,5,Public leak / dark web,139504,bank_details|credit_card|email|health|name|phone|postal_address,212762,no,16,22543957,yes,high,True,synthetic (Faker),
SYN-00348,"Business email compromise at Bond, Howe and Stone","Bond, Howe and Stone",private,Retail,US,Business email compromise,Phishing,Unattributed,Unknown,False,,2019-12-09,2019-12-19,2020-01-06,10,Public leak / dark web,,not_applicable,,not_applicable,1,,unknown,low,True,synthetic (Faker),
SYN-01696,DDoS at Beacon Hill Support,Beacon Hill Support,nonprofit,Charity/Nonprofit,US,DDoS,Volumetric flood,CobaltFinch,Ransomware crew,False,,2019-12-14,2019-12-20,2019-12-27,6,Public leak / dark web,,not_applicable,,not_applicable,1,60947,unknown,low,True,synthetic (Faker),
SYN-00202,"Data breach at Heath, Jones and Hall","Heath, Jones and Hall",private,Financial services,US,Data breach,Credential stuffing,Unattributed,Unknown,False,,2019-12-03,2019-12-21,2019-12-23,18,Internal detection,121284,bank_details|email|employment|phone,,not_applicable,0,19377665,yes,medium,True,synthetic (Faker),
SYN-01296,Unauthorised access at West Robert Council,West Robert Council,public,Education,GB,Unauthorised access,MFA fatigue,DimStag,Ransomware crew,False,,2019-08-13,2019-12-21,2019-12-28,130,Third-party notification,285757,email|health|name|passport|phone|postal_address|safeguarding_notes,,not_applicable,0,25336017,yes,medium,True,synthetic (Faker),
=======
SYN-00830,Ransomware at White and Sons,White and Sons,vendor,Cloud/SaaS,GB,Ransomware,Unpatched vulnerability,GlassMantis,Ransomware crew,True,132,2019-12-09,2019-12-13,2019-12-31,4,Internal detection,841702,email|internal_email|name|phone|postal_address,104185,yes,237,,no,high,True,synthetic (Faker),
SYN-00348,"Business email compromise at Bond, Howe and Stone","Bond, Howe and Stone",private,Retail,US,Business email compromise,Phishing,Unattributed,Unknown,False,,2019-12-09,2019-12-19,2020-01-06,10,Public leak / dark web,,not_applicable,,not_applicable,1,,unknown,low,True,synthetic (Faker),
SYN-00202,"Data breach at Heath, Jones and Hall","Heath, Jones and Hall",private,Financial services,US,Data breach,Credential stuffing,Unattributed,Unknown,False,,2019-12-03,2019-12-21,2019-12-23,18,Internal detection,121284,bank_details|email|employment|phone,,not_applicable,0,19377665,yes,medium,True,synthetic (Faker),
>>>>>>> 8a74902011229c25354fcb7e063b9152ef665657
SYN-00600,Unauthorised access at Fisher-Jackson,Fisher-Jackson,private,Logistics,GB,Unauthorised access,Compromised credentials,Unattributed,Unknown,False,,2019-12-09,2019-12-22,2019-12-29,13,Internal detection,33378,credentials|passport|postal_address,,not_applicable,0,4892940,yes,medium,True,synthetic (Faker),
SYN-00203,"Business email compromise at Lawrence, Lara and Gonzalez","Lawrence, Lara and Gonzalez",private,Manufacturing,US,Business email compromise,Phishing,Unattributed,Financially motivated,False,,2019-12-15,2019-12-23,2019-12-25,8,Security vendor / MDR,,not_applicable,,not_applicable,1,348535,no,low,True,synthetic (Faker),
SYN-00357,Data breach at Vargas-Bell,Vargas-Bell,private,Manufacturing,US,Data breach,Misconfigured cloud storage,QuietFathom,Ransomware crew,False,,2019-12-20,2019-12-26,2020-01-05,6,Internal detection,2255,bank_details|credit_card|email|health|internal_email|passport|phone,,not_applicable,0,,no,medium,True,synthetic (Faker),
SYN-00290,Ransomware at Bates Ltd,Bates Ltd,private,Hospitality,US,Ransomware,Compromised credentials,NorthQuarry,Ransomware crew,False,,2019-12-14,2019-12-28,2019-12-30,14,Law enforcement notification,594235,bank_details|date_of_birth|email|passport|phone|safeguarding_notes,101873,no,5,55109198,yes,medium,True,synthetic (Faker),
SYN-00416,"Insider incident at White, Taylor and Baldwin","White, Taylor and Baldwin",private,Legal/Professional,GB,Insider incident,Negligent insider,Unattributed,Insider,False,,2019-12-15,2019-12-29,2020-01-02,14,Internal detection,3478,credentials|date_of_birth|donation_history|email|phone|postal_address|ssn_or_ni_number,,not_applicable,2,,yes,medium,True,synthetic (Faker),
SYN-00387,Data breach at Davies-Tyler,Davies-Tyler,private,Healthcare,US,Data breach,Compromised credentials,IronMagpie,Ransomware crew,False,,2019-06-09,2020-01-03,2020-01-07,208,Third-party notification,1159986,email|health|phone|postal_address,,not_applicable,4,,yes,high,True,synthetic (Faker),
SYN-00261,"Business email compromise at Phillips, Lyons and Johnson","Phillips, Lyons and Johnson",private,Hospitality,US,Business email compromise,Phishing,NorthQuarry,Ransomware crew,False,,2019-12-31,2020-01-04,2020-01-07,4,Customer report,,not_applicable,,not_applicable,0,,unknown,medium,True,synthetic (Faker),
SYN-00638,Data breach at Perezside Authority,Perezside Authority,public,Local government,IN,Data breach,Insecure API endpoint,Unattributed,Ransomware crew,False,,2019-12-03,2020-01-04,2020-01-07,32,Internal detection,1274,date_of_birth|name,,not_applicable,0,269971,yes,low,True,synthetic (Faker),
SYN-00176,Unauthorised access at Sullivan and Sons,Sullivan and Sons,private,Legal/Professional,US,Unauthorised access,MFA fatigue,Unattributed,Ransomware crew,False,,2019-12-29,2020-01-05,2020-01-17,7,Internal detection,3750,credit_card|donation_history|internal_email|name|phone|postal_address,,not_applicable,0,402230,yes,low,True,synthetic (Faker),
<<<<<<< HEAD
SYN-01506,Ransomware at Kieranburgh NHS Trust,Kieranburgh NHS Trust,public,Local government,CA,Ransomware,Phishing,NorthQuarry,Ransomware crew,False,,2020-01-03,2020-01-05,2020-01-18,2,Internal detection,148,credentials|email|health|phone|postal_address,190109,no,13,1296299,yes,medium,True,synthetic (Faker),
SYN-01352,Data breach at West Thomas District Board,West Thomas District Board,public,Education,GB,Data breach,Credential stuffing,Unattributed,Hacktivist,False,,2019-12-28,2020-01-06,2020-01-10,9,Public leak / dark web,29541,credit_card|name|postal_address,,not_applicable,0,795033,yes,medium,True,synthetic (Faker),
SYN-01907,Business email compromise at Rhysburgh District Board,Rhysburgh District Board,public,Education,AU,Business email compromise,Phishing,Unattributed,Financially motivated,False,,2019-12-27,2020-01-10,2020-03-19,14,Law enforcement notification,,not_applicable,,not_applicable,1,,unknown,medium,True,synthetic (Faker),
SYN-00458,Phishing campaign at Weber PLC,Weber PLC,private,Manufacturing,US,Phishing campaign,Phishing,Unattributed,Unknown,False,,2019-12-25,2020-01-13,2020-01-29,19,Customer report,17250,donation_history|employment|safeguarding_notes,,not_applicable,0,1201223,yes,medium,True,synthetic (Faker),
SYN-01118,Data breach at Gibson-Wood,Gibson-Wood,private,Retail,US,Data breach,Credential stuffing,Unattributed,Unknown,False,,2019-11-28,2020-01-13,2020-01-13,46,Internal detection,312604,credentials|email|health|name|phone|ssn_or_ni_number,,not_applicable,0,25876871,yes,medium,True,synthetic (Faker),
SYN-00970,Ransomware at New Marcstad Council,New Marcstad Council,public,Education,DE,Ransomware,Compromised credentials,GlassMantis,Ransomware crew,False,,2020-01-08,2020-01-15,2020-01-16,7,Security vendor / MDR,44667,donation_history|email|phone,11993349,no,45,7471352,yes,high,True,synthetic (Faker),
SYN-01318,Data breach at Heritage Trust,Heritage Trust,nonprofit,Charity/Nonprofit,IE,Data breach,Credential stuffing,Unattributed,Financially motivated,False,,2019-09-03,2020-01-15,2020-01-21,134,Customer report,3333,name|passport|postal_address|safeguarding_notes,152305,no,0,246831,yes,medium,True,synthetic (Faker),
SYN-01353,Data breach at Lewis LLC,Lewis LLC,private,Manufacturing,GB,Data breach,Compromised credentials,DimStag,Ransomware crew,False,,2019-12-27,2020-01-15,2020-01-17,19,Customer report,4453,date_of_birth|postal_address|safeguarding_notes,,not_applicable,22,1743170,yes,medium,True,synthetic (Faker),
SYN-01410,"Data breach at Murphy, Daniels and Clark","Murphy, Daniels and Clark",private,Logistics,US,Data breach,Third-party supplier access,NineSpindle,Ransomware crew,True,31,2019-10-30,2020-01-19,2020-01-27,81,Third-party notification,48979,credit_card|name|passport,,not_applicable,1,4056865,no,medium,True,synthetic (Faker),
SYN-00173,"Unauthorised access at Stevenson, Duffy and Smith","Stevenson, Duffy and Smith",vendor,Cloud/SaaS,US,Unauthorised access,MFA fatigue,Unattributed,Financially motivated,False,,2020-01-06,2020-01-20,2020-01-30,14,Security vendor / MDR,1059374,bank_details|credentials|email|internal_email|phone|postal_address|safeguarding_notes,,not_applicable,0,,yes,high,True,synthetic (Faker),
SYN-01237,DDoS at Shelter Support,Shelter Support,nonprofit,Charity/Nonprofit,IE,DDoS,Volumetric flood,Unattributed,Hacktivist,False,,2020-01-19,2020-01-20,2020-01-31,1,Security vendor / MDR,14995,email|internal_email|phone|postal_address|safeguarding_notes,,not_applicable,1,1179533,yes,medium,True,synthetic (Faker),
SYN-01568,Business email compromise at Johnson PLC,Johnson PLC,vendor,Software,GB,Business email compromise,MFA fatigue,Unattributed,Financially motivated,False,,2019-12-16,2020-01-20,2020-01-22,35,Third-party notification,,not_applicable,,not_applicable,0,296013,no,medium,True,synthetic (Faker),
SYN-00943,Supply chain compromise at Rogers LLC,Rogers LLC,private,Healthcare,DE,Supply chain compromise,Compromised credentials,Unattributed,Financially motivated,True,451,2019-12-29,2020-01-21,2020-01-23,23,Law enforcement notification,3381786,donation_history|health|name|phone|postal_address|safeguarding_notes|ssn_or_ni_number,,not_applicable,0,,yes,high,True,synthetic (Faker),
SYN-00921,Data breach at Deleon PLC,Deleon PLC,private,Logistics,GB,Data breach,Compromised credentials,Unattributed,Financially motivated,False,,2019-03-21,2020-01-23,2020-02-12,308,Security vendor / MDR,5078,credentials|date_of_birth|donation_history|email|phone|postal_address|safeguarding_notes,,not_applicable,0,,yes,medium,True,synthetic (Faker),
SYN-01230,Data breach at Walkershire Authority,Walkershire Authority,public,Education,US,Data breach,Compromised credentials,Unattributed,Insider,False,,2019-08-09,2020-01-23,2020-01-25,167,Internal detection,62872,email|name|postal_address,,not_applicable,0,10767341,yes,medium,True,synthetic (Faker),
SYN-00711,Data breach at Port Jenniferside Authority,Port Jenniferside Authority,public,Education,US,Data breach,Phishing,TinCathedral,Ransomware crew,False,,2019-11-12,2020-01-24,2020-01-28,73,Third-party notification,1060,credentials|date_of_birth|email|health|passport|phone|postal_address,,not_applicable,7,611355,yes,medium,True,synthetic (Faker),
SYN-00779,"Supply chain compromise at Jackson, Moore and Ayala","Jackson, Moore and Ayala",vendor,Software,GB,Supply chain compromise,Compromised credentials,Unattributed,Hacktivist,True,649,2019-12-28,2020-01-24,2020-01-30,27,Security vendor / MDR,438692208,date_of_birth|name|postal_address,,not_applicable,0,44138685778,yes,high,True,synthetic (Faker),
SYN-01902,Business email compromise at West Lynn District Board,West Lynn District Board,public,Local government,NL,Business email compromise,Phishing,Unattributed,Financially motivated,False,,2020-01-04,2020-01-24,2020-02-15,20,Law enforcement notification,,not_applicable,,not_applicable,0,59790,no,medium,True,synthetic (Faker),
SYN-01938,Data breach at Wellbeing Network,Wellbeing Network,nonprofit,Charity/Nonprofit,US,Data breach,Credential stuffing,Unattributed,Unknown,False,,2019-10-01,2020-01-25,2020-02-04,116,Routine audit,2677,donation_history|email|name|phone|ssn_or_ni_number,,not_applicable,0,211916,yes,medium,True,synthetic (Faker),
SYN-00271,Ransomware at Scott Group,Scott Group,private,Financial services,GB,Ransomware,Unpatched vulnerability,QuietFathom,Ransomware crew,False,,2020-01-23,2020-01-28,2020-02-02,5,Customer report,15426,credit_card|phone,6538936,no,7,2119388,yes,medium,True,synthetic (Faker),
SYN-00693,Data breach at South Daniel Authority,South Daniel Authority,public,Education,US,Data breach,Compromised credentials,Unattributed,Unknown,False,,2020-01-26,2020-01-29,2020-01-30,3,Customer report,2886,date_of_birth|email|employment|name|phone|ssn_or_ni_number,,not_applicable,14,863688,yes,medium,True,synthetic (Faker),
SYN-01961,Ransomware at Wall-Smith,Wall-Smith,private,Manufacturing,IN,Ransomware,Third-party supplier access,QuietFathom,Ransomware crew,True,30,2020-01-23,2020-01-31,2020-02-24,8,Customer report,2700,donation_history|email|health|name|phone|postal_address,151537,no,25,2786921,yes,high,True,synthetic (Faker),
SYN-01905,"Destructive malware at Taylor, Taylor and McCarthy","Taylor, Taylor and McCarthy",private,Hospitality,AU,Destructive malware,Trojanised software update,Unattributed,Unknown,True,133,2020-02-01,2020-02-01,2020-02-04,0,Internal detection,202,bank_details|donation_history|name|phone,2080721,no,13,,yes,high,True,synthetic (Faker),
SYN-01488,Unauthorised access at East Juantown NHS Trust,East Juantown NHS Trust,public,Local government,AU,Unauthorised access,Insecure API endpoint,Unattributed,Ransomware crew,False,,2019-09-17,2020-02-03,2020-02-14,139,Customer report,72366,credentials|date_of_birth|internal_email|name|phone|postal_address,,not_applicable,0,4919365,yes,medium,True,synthetic (Faker),
REAL-0026,Redcar & Cleveland Council attack,Redcar & Cleveland Borough Council,public,Local government,GB,Ransomware,Phishing,Unattributed,Ransomware crew,False,,2020-02-08,2020-02-08,2020-02-10,0,Internal detection,,council_services,,no,135,10400000,yes,high,False,UK MHCLG/council statements (2020),"135,000 residents offline for weeks; ~£10.4M recovery on a small council budget."
SYN-00277,Business email compromise at Jennings-Young,Jennings-Young,private,Healthcare,FR,Business email compromise,Phishing,Unattributed,Ransomware crew,False,,2020-01-05,2020-02-09,2020-02-12,35,Law enforcement notification,,not_applicable,,not_applicable,9,806508,unknown,medium,True,synthetic (Faker),
SYN-01607,Ransomware at Hammond-Schwartz,Hammond-Schwartz,private,Retail,GB,Ransomware,Compromised credentials,Unattributed,Ransomware crew,False,,2020-02-09,2020-02-10,2020-02-18,1,Internal detection,8077,date_of_birth|email|name|phone|postal_address|safeguarding_notes|ssn_or_ni_number,918512,no,4,1215133,yes,medium,True,synthetic (Faker),
SYN-01700,Insider incident at Marshall-Williams,Marshall-Williams,vendor,Cloud/SaaS,NL,Insider incident,Negligent insider,Unattributed,Insider,False,,2019-12-03,2020-02-12,2020-02-12,71,Routine audit,38790,name|safeguarding_notes|ssn_or_ni_number,,not_applicable,1,7234489,no,medium,True,synthetic (Faker),
SYN-00539,Data breach at Lambert-Marshall,Lambert-Marshall,private,Retail,SG,Data breach,Compromised credentials,CobaltFinch,Ransomware crew,False,,2020-01-14,2020-02-14,2020-02-20,31,Third-party notification,115810,credentials|email|name|postal_address|safeguarding_notes,30663,undisclosed,0,17198650,yes,medium,True,synthetic (Faker),
SYN-00991,"Ransomware at Edwards, Hardy and Clark","Edwards, Hardy and Clark",private,Healthcare,AU,Ransomware,Compromised credentials,Unattributed,Ransomware crew,False,,2020-02-01,2020-02-14,2020-02-18,13,Law enforcement notification,1054789,donation_history|health|internal_email|passport,46464,no,3,59624984,yes,high,True,synthetic (Faker),
SYN-01519,Business email compromise at Hall-Walker,Hall-Walker,private,Healthcare,US,Business email compromise,Phishing,Unattributed,Unknown,False,,2020-02-07,2020-02-14,2020-02-26,7,Security vendor / MDR,,not_applicable,,not_applicable,0,78143,no,medium,True,synthetic (Faker),
SYN-00007,"Supply chain compromise at Oliver, White and Stevens","Oliver, White and Stevens",vendor,Cloud/SaaS,GB,Supply chain compromise,Trojanised software update,Unattributed,Financially motivated,True,191,2020-01-18,2020-02-16,2020-02-18,29,Internal detection,751123,donation_history|email|internal_email|name|phone,,not_applicable,9,,no,high,True,synthetic (Faker),
SYN-01975,Data breach at West Abigailchester Council,West Abigailchester Council,public,Local government,GB,Data breach,Unpatched vulnerability,Unattributed,Insider,False,,2020-02-05,2020-02-17,2020-02-20,12,Law enforcement notification,6414,donation_history|email|internal_email|name|postal_address,223285,undisclosed,3,812628,yes,low,True,synthetic (Faker),
SYN-00487,Data breach at Fisher-Ford,Fisher-Ford,vendor,Software,FR,Data breach,Compromised credentials,Unattributed,Hacktivist,True,559,2019-04-19,2020-02-19,2020-02-22,306,Security vendor / MDR,23027,date_of_birth|employment|internal_email|safeguarding_notes,,not_applicable,4,,unknown,high,True,synthetic (Faker),
SYN-00847,Data breach at Harvest Trust,Harvest Trust,nonprofit,Charity/Nonprofit,GB,Data breach,Insecure API endpoint,ObsidianKoi,Ransomware crew,False,,2020-02-05,2020-02-19,2020-02-29,14,Internal detection,13571,bank_details|credentials|donation_history|email|name|phone|postal_address,,not_applicable,0,480551,yes,medium,True,synthetic (Faker),
SYN-01900,Unauthorised access at Jones-Owen,Jones-Owen,private,Healthcare,US,Unauthorised access,Insecure API endpoint,CobaltFinch,Ransomware crew,False,,2020-02-11,2020-02-23,2020-02-29,12,Third-party notification,128406,date_of_birth|email|employment|health|name|postal_address,,not_applicable,0,,yes,medium,True,synthetic (Faker),
SYN-01648,Ransomware at Smithshire District Board,Smithshire District Board,public,Energy/Utilities,US,Ransomware,Exposed RDP/VPN,Unattributed,Ransomware crew,False,,2020-02-24,2020-02-26,2020-03-11,2,Routine audit,31534,bank_details|credentials|email|employment|name|phone,859567,undisclosed,42,4254439,yes,high,True,synthetic (Faker),
=======
SYN-00458,Phishing campaign at Weber PLC,Weber PLC,private,Manufacturing,US,Phishing campaign,Phishing,Unattributed,Unknown,False,,2019-12-25,2020-01-13,2020-01-29,19,Customer report,17250,donation_history|employment|safeguarding_notes,,not_applicable,0,1201223,yes,medium,True,synthetic (Faker),
SYN-00970,Ransomware at New Marcstad Council,New Marcstad Council,public,Education,DE,Ransomware,Compromised credentials,GlassMantis,Ransomware crew,False,,2020-01-08,2020-01-15,2020-01-16,7,Security vendor / MDR,44667,donation_history|email|phone,11993349,no,45,7471352,yes,high,True,synthetic (Faker),
SYN-00173,"Unauthorised access at Stevenson, Duffy and Smith","Stevenson, Duffy and Smith",vendor,Cloud/SaaS,US,Unauthorised access,MFA fatigue,Unattributed,Financially motivated,False,,2020-01-06,2020-01-20,2020-01-30,14,Security vendor / MDR,1059374,bank_details|credentials|email|internal_email|phone|postal_address|safeguarding_notes,,not_applicable,0,,yes,high,True,synthetic (Faker),
SYN-00943,Supply chain compromise at Rogers LLC,Rogers LLC,private,Healthcare,DE,Supply chain compromise,Compromised credentials,Unattributed,Financially motivated,True,451,2019-12-29,2020-01-21,2020-01-23,23,Law enforcement notification,3381786,donation_history|health|name|phone|postal_address|safeguarding_notes|ssn_or_ni_number,,not_applicable,0,,yes,high,True,synthetic (Faker),
SYN-00921,Data breach at Deleon PLC,Deleon PLC,private,Logistics,GB,Data breach,Compromised credentials,Unattributed,Financially motivated,False,,2019-03-21,2020-01-23,2020-02-12,308,Security vendor / MDR,5078,credentials|date_of_birth|donation_history|email|phone|postal_address|safeguarding_notes,,not_applicable,0,,yes,medium,True,synthetic (Faker),
SYN-00711,Data breach at Port Jenniferside Authority,Port Jenniferside Authority,public,Education,US,Data breach,Phishing,TinCathedral,Ransomware crew,False,,2019-11-12,2020-01-24,2020-01-28,73,Third-party notification,1060,credentials|date_of_birth|email|health|passport|phone|postal_address,,not_applicable,7,611355,yes,medium,True,synthetic (Faker),
SYN-00779,"Supply chain compromise at Jackson, Moore and Ayala","Jackson, Moore and Ayala",vendor,Software,GB,Supply chain compromise,Compromised credentials,Unattributed,Hacktivist,True,649,2019-12-28,2020-01-24,2020-01-30,27,Security vendor / MDR,438692208,date_of_birth|name|postal_address,,not_applicable,0,44138685778,yes,high,True,synthetic (Faker),
SYN-00271,Ransomware at Scott Group,Scott Group,private,Financial services,GB,Ransomware,Unpatched vulnerability,QuietFathom,Ransomware crew,False,,2020-01-23,2020-01-28,2020-02-02,5,Customer report,15426,credit_card|phone,6538936,no,7,2119388,yes,medium,True,synthetic (Faker),
SYN-00693,Data breach at South Daniel Authority,South Daniel Authority,public,Education,US,Data breach,Compromised credentials,Unattributed,Unknown,False,,2020-01-26,2020-01-29,2020-01-30,3,Customer report,2886,date_of_birth|email|employment|name|phone|ssn_or_ni_number,,not_applicable,14,863688,yes,medium,True,synthetic (Faker),
REAL-0026,Redcar & Cleveland Council attack,Redcar & Cleveland Borough Council,public,Local government,GB,Ransomware,Phishing,Unattributed,Ransomware crew,False,,2020-02-08,2020-02-08,2020-02-10,0,Internal detection,,council_services,,no,135,10400000,yes,high,False,UK MHCLG/council statements (2020),"135,000 residents offline for weeks; ~£10.4M recovery on a small council budget."
SYN-00277,Business email compromise at Jennings-Young,Jennings-Young,private,Healthcare,FR,Business email compromise,Phishing,Unattributed,Ransomware crew,False,,2020-01-05,2020-02-09,2020-02-12,35,Law enforcement notification,,not_applicable,,not_applicable,9,806508,unknown,medium,True,synthetic (Faker),
SYN-00539,Data breach at Lambert-Marshall,Lambert-Marshall,private,Retail,SG,Data breach,Compromised credentials,CobaltFinch,Ransomware crew,False,,2020-01-14,2020-02-14,2020-02-20,31,Third-party notification,115810,credentials|email|name|postal_address|safeguarding_notes,30663,undisclosed,0,17198650,yes,medium,True,synthetic (Faker),
SYN-00991,"Ransomware at Edwards, Hardy and Clark","Edwards, Hardy and Clark",private,Healthcare,AU,Ransomware,Compromised credentials,Unattributed,Ransomware crew,False,,2020-02-01,2020-02-14,2020-02-18,13,Law enforcement notification,1054789,donation_history|health|internal_email|passport,46464,no,3,59624984,yes,high,True,synthetic (Faker),
SYN-00007,"Supply chain compromise at Oliver, White and Stevens","Oliver, White and Stevens",vendor,Cloud/SaaS,GB,Supply chain compromise,Trojanised software update,Unattributed,Financially motivated,True,191,2020-01-18,2020-02-16,2020-02-18,29,Internal detection,751123,donation_history|email|internal_email|name|phone,,not_applicable,9,,no,high,True,synthetic (Faker),
SYN-00487,Data breach at Fisher-Ford,Fisher-Ford,vendor,Software,FR,Data breach,Compromised credentials,Unattributed,Hacktivist,True,559,2019-04-19,2020-02-19,2020-02-22,306,Security vendor / MDR,23027,date_of_birth|employment|internal_email|safeguarding_notes,,not_applicable,4,,unknown,high,True,synthetic (Faker),
SYN-00847,Data breach at Harvest Trust,Harvest Trust,nonprofit,Charity/Nonprofit,GB,Data breach,Insecure API endpoint,ObsidianKoi,Ransomware crew,False,,2020-02-05,2020-02-19,2020-02-29,14,Internal detection,13571,bank_details|credentials|donation_history|email|name|phone|postal_address,,not_applicable,0,480551,yes,medium,True,synthetic (Faker),
>>>>>>> 8a74902011229c25354fcb7e063b9152ef665657
SYN-00124,Phishing campaign at Lantern Care,Lantern Care,nonprofit,Charity/Nonprofit,US,Phishing campaign,Phishing,Unattributed,Financially motivated,False,,2020-01-29,2020-02-27,2020-03-03,29,Internal detection,516,donation_history|email|health|internal_email|name|phone|postal_address|ssn_or_ni_number,,not_applicable,0,80901,yes,medium,True,synthetic (Faker),
SYN-00038,"Data breach at Santos, Kim and Holmes","Santos, Kim and Holmes",private,Logistics,GB,Data breach,Misconfigured cloud storage,PaleHydra,Ransomware crew,False,,2020-01-11,2020-02-28,2020-03-04,48,Security vendor / MDR,1793,date_of_birth|internal_email|passport|phone,,not_applicable,2,395095,yes,low,True,synthetic (Faker),
SYN-00594,Ransomware at Austinside Council,Austinside Council,public,Energy/Utilities,DE,Ransomware,Help-desk social engineering,Unattributed,Ransomware crew,False,,2020-02-21,2020-02-28,2020-03-08,7,Security vendor / MDR,15780,date_of_birth|donation_history|name|passport|phone|safeguarding_notes,326706,no,27,,yes,high,True,synthetic (Faker),
SYN-00770,Insider incident at Blackburn-Hartley,Blackburn-Hartley,vendor,Cloud/SaaS,GB,Insider incident,Malicious insider,Unattributed,Insider,False,,2019-01-18,2020-03-02,2020-03-06,409,Internal detection,50646,email|health|phone|postal_address|ssn_or_ni_number,,not_applicable,0,4067027,no,medium,True,synthetic (Faker),
<<<<<<< HEAD
SYN-01633,"Unauthorised access at Williams, Wilson and Roman","Williams, Wilson and Roman",private,Financial services,AU,Unauthorised access,Help-desk social engineering,Unattributed,Unknown,False,,2019-12-28,2020-03-04,2020-03-23,67,Security vendor / MDR,91038,bank_details|credentials|email|health|internal_email|phone|postal_address,,not_applicable,0,15692909,yes,medium,True,synthetic (Faker),
SYN-00258,"Business email compromise at Wright, Bruce and Gonzalez","Wright, Bruce and Gonzalez",private,Financial services,US,Business email compromise,Phishing,Unattributed,Unknown,False,,2019-11-24,2020-03-05,2020-03-09,102,Security vendor / MDR,,not_applicable,,not_applicable,13,985877,no,medium,True,synthetic (Faker),
SYN-01898,Data breach at Shelter Alliance,Shelter Alliance,nonprofit,Charity/Nonprofit,GB,Data breach,Compromised credentials,GlassMantis,Ransomware crew,False,,2020-02-19,2020-03-05,2020-03-15,15,Third-party notification,13841,credit_card|donation_history|name|postal_address,,not_applicable,0,,yes,medium,True,synthetic (Faker),
SYN-01760,Unauthorised access at Hansen-Ford,Hansen-Ford,private,Logistics,AU,Unauthorised access,Compromised credentials,Unattributed,Financially motivated,False,,2019-08-26,2020-03-06,2020-03-08,193,Internal detection,27871,bank_details|email|name|phone|postal_address|safeguarding_notes,,not_applicable,0,1584336,yes,medium,True,synthetic (Faker),
=======
SYN-00258,"Business email compromise at Wright, Bruce and Gonzalez","Wright, Bruce and Gonzalez",private,Financial services,US,Business email compromise,Phishing,Unattributed,Unknown,False,,2019-11-24,2020-03-05,2020-03-09,102,Security vendor / MDR,,not_applicable,,not_applicable,13,985877,no,medium,True,synthetic (Faker),
>>>>>>> 8a74902011229c25354fcb7e063b9152ef665657
SYN-00884,Phishing campaign at Youth Network,Youth Network,nonprofit,Charity/Nonprofit,US,Phishing campaign,Phishing,SlateWarden,Ransomware crew,False,,2020-02-23,2020-03-09,2020-03-11,15,Internal detection,293751,donation_history|health|postal_address|safeguarding_notes,,not_applicable,0,,yes,medium,True,synthetic (Faker),
SYN-00976,Ransomware at Brown Inc,Brown Inc,vendor,Software,DE,Ransomware,Unpatched vulnerability,IronMagpie,Ransomware crew,False,,2020-03-09,2020-03-09,2020-04-03,0,Security vendor / MDR,1154624,email|health|name|postal_address|ssn_or_ni_number,1692097,yes,2,85556941,yes,high,True,synthetic (Faker),
SYN-00745,Phishing campaign at Owen-Burns,Owen-Burns,private,Logistics,GB,Phishing campaign,Phishing,Unattributed,Ransomware crew,False,,2020-02-05,2020-03-10,2020-04-06,34,Security vendor / MDR,10458,employment|name,,not_applicable,6,1564285,no,medium,True,synthetic (Faker),
SYN-00800,Business email compromise at Stephenland District Board,Stephenland District Board,public,Education,NL,Business email compromise,Phishing,Unattributed,Financially motivated,False,,2020-02-01,2020-03-13,2020-03-22,41,Internal detection,,not_applicable,,not_applicable,2,241202,no,low,True,synthetic (Faker),
<<<<<<< HEAD
SYN-01500,"Data breach at Baker, Carr and Ross","Baker, Carr and Ross",private,Retail,GB,Data breach,Unpatched vulnerability,Unattributed,Unknown,False,,2020-02-08,2020-03-16,2020-03-21,37,Internal detection,210269,donation_history|email|name,,not_applicable,0,,yes,medium,True,synthetic (Faker),
SYN-00015,Ransomware at West Michael Authority,West Michael Authority,public,Local government,CA,Ransomware,Unpatched vulnerability,Unattributed,Ransomware crew,False,,2020-03-12,2020-03-17,2020-04-14,5,Third-party notification,288260,donation_history|email|employment|name|postal_address,7453671,undisclosed,68,42499672,yes,high,True,synthetic (Faker),
SYN-00842,Unauthorised access at Youth Fund,Youth Fund,nonprofit,Charity/Nonprofit,CA,Unauthorised access,Exposed RDP/VPN,Unattributed,Financially motivated,False,,2020-02-14,2020-03-18,2020-03-23,33,Law enforcement notification,42645,bank_details|phone|postal_address,,not_applicable,0,1182446,yes,medium,True,synthetic (Faker),
SYN-01824,Unauthorised access at Lake Alexanderland NHS Trust,Lake Alexanderland NHS Trust,public,Local government,US,Unauthorised access,Exposed RDP/VPN,Unattributed,Financially motivated,False,,2020-03-04,2020-03-19,2020-03-28,15,Customer report,77658,bank_details|date_of_birth|email|employment|name|phone|postal_address,,not_applicable,0,6116147,yes,medium,True,synthetic (Faker),
SYN-00780,Data breach at Cox Inc,Cox Inc,private,Retail,AU,Data breach,Misconfigured cloud storage,IronMagpie,Nation state,False,,2020-03-01,2020-03-20,2020-03-24,19,Third-party notification,26998,internal_email|postal_address|ssn_or_ni_number,,not_applicable,0,,yes,medium,True,synthetic (Faker),
SYN-01949,Ransomware at Morley LLC,Morley LLC,private,Financial services,IE,Ransomware,Unpatched vulnerability,NineSpindle,Ransomware crew,False,,2020-03-18,2020-03-21,2020-03-27,3,Law enforcement notification,10150,credit_card|email|health|name|passport|phone|postal_address,349377,no,10,2176829,yes,high,True,synthetic (Faker),
SYN-01060,Unauthorised access at North Ellen Authority,North Ellen Authority,public,Education,NL,Unauthorised access,MFA fatigue,Unattributed,Financially motivated,False,,2019-12-13,2020-03-22,2020-04-02,100,Internal detection,10686,postal_address|safeguarding_notes,1093077,undisclosed,7,1272705,yes,high,True,synthetic (Faker),
SYN-01343,"Data breach at Garcia, Fowler and Howard","Garcia, Fowler and Howard",private,Logistics,FR,Data breach,Compromised credentials,ObsidianKoi,Ransomware crew,False,,2020-03-14,2020-03-23,2020-04-05,9,Internal detection,6855,bank_details|credit_card|internal_email,,not_applicable,0,1142850,yes,medium,True,synthetic (Faker),
SYN-00204,Data breach at Lake Kieran Council,Lake Kieran Council,public,Local government,SG,Data breach,Credential stuffing,Unattributed,Unknown,False,,2020-03-18,2020-03-24,2020-04-09,6,Public leak / dark web,67063,bank_details|date_of_birth|donation_history|email|health|name,,not_applicable,2,5414129,yes,medium,True,synthetic (Faker),
SYN-01689,Ransomware at Gilesberg Authority,Gilesberg Authority,public,Local government,SG,Ransomware,Third-party supplier access,QuietFathom,Ransomware crew,True,28,2020-03-24,2020-03-25,2020-03-28,1,Public leak / dark web,244094,credit_card|email|name|phone|safeguarding_notes,1437649,no,5,24994688,yes,high,True,synthetic (Faker),
=======
SYN-00015,Ransomware at West Michael Authority,West Michael Authority,public,Local government,CA,Ransomware,Unpatched vulnerability,Unattributed,Ransomware crew,False,,2020-03-12,2020-03-17,2020-04-14,5,Third-party notification,288260,donation_history|email|employment|name|postal_address,7453671,undisclosed,68,42499672,yes,high,True,synthetic (Faker),
SYN-00842,Unauthorised access at Youth Fund,Youth Fund,nonprofit,Charity/Nonprofit,CA,Unauthorised access,Exposed RDP/VPN,Unattributed,Financially motivated,False,,2020-02-14,2020-03-18,2020-03-23,33,Law enforcement notification,42645,bank_details|phone|postal_address,,not_applicable,0,1182446,yes,medium,True,synthetic (Faker),
SYN-00780,Data breach at Cox Inc,Cox Inc,private,Retail,AU,Data breach,Misconfigured cloud storage,IronMagpie,Nation state,False,,2020-03-01,2020-03-20,2020-03-24,19,Third-party notification,26998,internal_email|postal_address|ssn_or_ni_number,,not_applicable,0,,yes,medium,True,synthetic (Faker),
SYN-00204,Data breach at Lake Kieran Council,Lake Kieran Council,public,Local government,SG,Data breach,Credential stuffing,Unattributed,Unknown,False,,2020-03-18,2020-03-24,2020-04-09,6,Public leak / dark web,67063,bank_details|date_of_birth|donation_history|email|health|name,,not_applicable,2,5414129,yes,medium,True,synthetic (Faker),
>>>>>>> 8a74902011229c25354fcb7e063b9152ef665657
SYN-00066,Business email compromise at Harris-Moran,Harris-Moran,private,Manufacturing,AU,Business email compromise,MFA fatigue,CobaltFinch,Nation state,False,,2020-02-18,2020-03-26,2020-05-13,37,Internal detection,,not_applicable,,not_applicable,1,373476,no,low,True,synthetic (Faker),
SYN-00473,"Ransomware at Hoffman, Flores and Owens","Hoffman, Flores and Owens",private,Financial services,GB,Ransomware,Help-desk social engineering,Unattributed,Ransomware crew,False,,2020-03-25,2020-03-26,2020-03-29,1,Internal detection,1578762,email|internal_email|name|passport|phone|postal_address|safeguarding_notes,10913483,yes,39,,yes,critical,True,synthetic (Faker),
SYN-00074,"Unauthorised access at Garcia, Humphrey and Baker","Garcia, Humphrey and Baker",vendor,Nonprofit technology,US,Unauthorised access,Exposed RDP/VPN,Unattributed,Unknown,True,60,2020-03-12,2020-03-29,2020-04-02,17,Third-party notification,232338,credentials|date_of_birth|email|name|phone|safeguarding_notes,,not_applicable,0,,yes,high,True,synthetic (Faker),
SYN-00418,Phishing campaign at West Dylanhaven Council,West Dylanhaven Council,public,Energy/Utilities,US,Phishing campaign,Phishing,IronMagpie,Ransomware crew,False,,2020-03-14,2020-03-29,2020-03-30,15,Internal detection,331927,donation_history|name|passport,567631,no,0,40088846,yes,medium,True,synthetic (Faker),
SYN-00886,Data breach at Ruiz-Jacobson,Ruiz-Jacobson,private,Financial services,FR,Data breach,Compromised credentials,Unattributed,Hacktivist,False,,2020-03-26,2020-03-29,2020-04-15,3,Law enforcement notification,3253286,bank_details|donation_history|health|name|phone|postal_address,94658,no,5,506404833,yes,high,True,synthetic (Faker),
<<<<<<< HEAD
SYN-01679,Business email compromise at Gibbs-Pearson,Gibbs-Pearson,private,Hospitality,FR,Business email compromise,Compromised credentials,ObsidianKoi,Ransomware crew,False,,2020-02-07,2020-03-30,2020-04-14,52,Internal detection,,not_applicable,,not_applicable,3,59697,unknown,medium,True,synthetic (Faker),
SYN-00653,Ransomware at Josephberg NHS Trust,Josephberg NHS Trust,public,Education,US,Ransomware,Phishing,Unattributed,Ransomware crew,False,,2020-03-31,2020-04-02,2020-04-05,2,Third-party notification,1252195,email|name|passport|phone|postal_address|ssn_or_ni_number,3837749,no,9,183348386,yes,high,True,synthetic (Faker),
SYN-01390,Insider incident at Benson-Adams,Benson-Adams,private,Retail,AU,Insider incident,Malicious insider,Unattributed,Insider,False,,2020-03-02,2020-04-02,2020-04-10,31,Routine audit,30952,email|name|phone|postal_address,,not_applicable,0,,yes,medium,True,synthetic (Faker),
SYN-00200,Ransomware at Harper Group,Harper Group,private,Healthcare,US,Ransomware,Compromised credentials,IronMagpie,Ransomware crew,False,,2020-04-02,2020-04-05,2020-04-07,3,Internal detection,1425028,donation_history|health|safeguarding_notes,467484,undisclosed,5,49960562,yes,high,True,synthetic (Faker),
SYN-00281,Insider incident at Turner-Clark,Turner-Clark,private,Financial services,SG,Insider incident,Negligent insider,Unattributed,Insider,False,,2020-03-25,2020-04-07,2020-04-11,13,Internal detection,128307,email|phone,,not_applicable,1,13399420,yes,medium,True,synthetic (Faker),
SYN-00790,Unauthorised access at Murphy-Tran,Murphy-Tran,private,Manufacturing,US,Unauthorised access,Help-desk social engineering,HollowLantern,Ransomware crew,False,,2020-03-16,2020-04-07,2020-04-12,22,Third-party notification,122,bank_details|employment|phone,,not_applicable,5,500595,yes,medium,True,synthetic (Faker),
SYN-01782,Ransomware at East Deanhaven Council,East Deanhaven Council,public,Local government,AU,Ransomware,Exposed RDP/VPN,TinCathedral,Ransomware crew,False,,2020-04-02,2020-04-08,2020-04-12,6,Internal detection,2105967,bank_details|passport|postal_address,397817,no,13,338952054,yes,high,True,synthetic (Faker),
SYN-01542,Data breach at New Denisefurt District Board,New Denisefurt District Board,public,Local government,GB,Data breach,Misconfigured cloud storage,Unattributed,Ransomware crew,False,,2020-03-26,2020-04-09,2020-04-21,14,Third-party notification,4090,health|phone|postal_address,,not_applicable,0,416499,yes,medium,True,synthetic (Faker),
SYN-00398,Phishing campaign at Combs Ltd,Combs Ltd,vendor,Cloud/SaaS,US,Phishing campaign,Phishing,Unattributed,Hacktivist,True,31,2020-04-01,2020-04-12,2020-04-18,11,Internal detection,582968,bank_details|date_of_birth|email|name|passport|phone,,not_applicable,2,97998971,no,high,True,synthetic (Faker),
SYN-01048,"Ransomware at Sharp, Webb and Moss","Sharp, Webb and Moss",private,Manufacturing,GB,Ransomware,Help-desk social engineering,Unattributed,Ransomware crew,False,,2020-04-10,2020-04-13,2020-04-15,3,Internal detection,2462,credit_card|email|health|name|passport|phone,563093,undisclosed,40,2275754,no,high,True,synthetic (Faker),
SYN-00992,Unauthorised access at Ryan-Ryan,Ryan-Ryan,vendor,Cloud/SaaS,FR,Unauthorised access,Exposed RDP/VPN,Unattributed,Unknown,False,,2020-01-14,2020-04-14,2020-04-14,91,Routine audit,968084,email|name|postal_address,,not_applicable,0,87284481,yes,medium,True,synthetic (Faker),
SYN-01099,Unauthorised access at Edwards-Thomas,Edwards-Thomas,private,Legal/Professional,GB,Unauthorised access,Insecure API endpoint,Unattributed,Financially motivated,False,,2020-03-19,2020-04-15,2020-04-18,27,Internal detection,1331,email|internal_email|name|phone|postal_address|safeguarding_notes,,not_applicable,1,,yes,medium,True,synthetic (Faker),
SYN-01207,Ransomware at Richmond-Hill,Richmond-Hill,private,Financial services,US,Ransomware,Third-party supplier access,IronMagpie,Ransomware crew,True,36,2020-04-15,2020-04-18,2020-04-30,3,Third-party notification,264736,bank_details|email|health|phone|postal_address,226913,no,2,28262401,yes,high,True,synthetic (Faker),
SYN-01969,Ransomware at Lantern Aid,Lantern Aid,nonprofit,Charity/Nonprofit,GB,Ransomware,Phishing,SlateWarden,Ransomware crew,False,,2020-04-19,2020-04-19,2020-05-04,0,Law enforcement notification,3101,credentials|date_of_birth|donation_history|email|phone|postal_address,583492,no,7,362272,yes,medium,True,synthetic (Faker),
SYN-01445,Ransomware at Beacon Hill Aid,Beacon Hill Aid,nonprofit,Charity/Nonprofit,US,Ransomware,Help-desk social engineering,ObsidianKoi,Ransomware crew,False,,2020-04-13,2020-04-21,2020-04-22,8,Routine audit,13631,donation_history|health|phone,283104,no,8,,yes,high,True,synthetic (Faker),
SYN-01072,Business email compromise at Lucyburgh District Board,Lucyburgh District Board,public,Education,NL,Business email compromise,Compromised credentials,Unattributed,Unknown,False,,2020-04-20,2020-04-22,2020-05-04,2,Internal detection,433,bank_details|credit_card|email|name|postal_address|safeguarding_notes|ssn_or_ni_number,,not_applicable,0,,yes,medium,True,synthetic (Faker),
SYN-00501,"Business email compromise at Wells, Griffiths and Brown","Wells, Griffiths and Brown",private,Manufacturing,DE,Business email compromise,Phishing,Unattributed,Ransomware crew,False,,2020-03-05,2020-04-23,2020-04-24,49,Routine audit,,not_applicable,,not_applicable,3,330474,unknown,medium,True,synthetic (Faker),
SYN-01852,Phishing campaign at Patel-Black,Patel-Black,vendor,Nonprofit technology,GB,Phishing campaign,Phishing,QuietFathom,Nation state,True,48,2019-12-18,2020-04-24,2020-04-27,128,Third-party notification,24342731,bank_details|donation_history|employment|health|name|passport|phone|postal_address,,not_applicable,4,,yes,high,True,synthetic (Faker),
SYN-00230,Ransomware at Bates-Foster,Bates-Foster,private,Financial services,DE,Ransomware,Exposed RDP/VPN,HollowLantern,Ransomware crew,False,,2020-03-28,2020-04-25,2020-04-27,28,Law enforcement notification,100705,name|ssn_or_ni_number,95950,no,74,14849323,yes,high,True,synthetic (Faker),
SYN-00662,Data breach at Navarro-Chen,Navarro-Chen,vendor,Cloud/SaaS,IN,Data breach,Misconfigured cloud storage,VelvetSiphon,Ransomware crew,True,313,2020-02-28,2020-04-27,2020-04-28,59,Internal detection,1706334,date_of_birth|email|postal_address,,not_applicable,0,81838223,yes,high,True,synthetic (Faker),
SYN-00199,Supply chain compromise at Smith PLC,Smith PLC,private,Retail,FR,Supply chain compromise,Third-party supplier access,Unattributed,Financially motivated,True,3,2020-04-11,2020-04-28,2020-04-29,17,Internal detection,792562,date_of_birth|employment|safeguarding_notes,,not_applicable,0,106203418,yes,high,True,synthetic (Faker),
SYN-01328,Data breach at Atkinson-Slater,Atkinson-Slater,private,Manufacturing,IN,Data breach,Credential stuffing,Unattributed,Financially motivated,False,,2020-03-09,2020-04-28,2020-05-09,50,Security vendor / MDR,735,date_of_birth|health|internal_email|name|phone|postal_address|safeguarding_notes,831127,no,0,322453,yes,medium,True,synthetic (Faker),
=======
SYN-00653,Ransomware at Josephberg NHS Trust,Josephberg NHS Trust,public,Education,US,Ransomware,Phishing,Unattributed,Ransomware crew,False,,2020-03-31,2020-04-02,2020-04-05,2,Third-party notification,1252195,email|name|passport|phone|postal_address|ssn_or_ni_number,3837749,no,9,183348386,yes,high,True,synthetic (Faker),
SYN-00200,Ransomware at Harper Group,Harper Group,private,Healthcare,US,Ransomware,Compromised credentials,IronMagpie,Ransomware crew,False,,2020-04-02,2020-04-05,2020-04-07,3,Internal detection,1425028,donation_history|health|safeguarding_notes,467484,undisclosed,5,49960562,yes,high,True,synthetic (Faker),
SYN-00281,Insider incident at Turner-Clark,Turner-Clark,private,Financial services,SG,Insider incident,Negligent insider,Unattributed,Insider,False,,2020-03-25,2020-04-07,2020-04-11,13,Internal detection,128307,email|phone,,not_applicable,1,13399420,yes,medium,True,synthetic (Faker),
SYN-00790,Unauthorised access at Murphy-Tran,Murphy-Tran,private,Manufacturing,US,Unauthorised access,Help-desk social engineering,HollowLantern,Ransomware crew,False,,2020-03-16,2020-04-07,2020-04-12,22,Third-party notification,122,bank_details|employment|phone,,not_applicable,5,500595,yes,medium,True,synthetic (Faker),
SYN-00398,Phishing campaign at Combs Ltd,Combs Ltd,vendor,Cloud/SaaS,US,Phishing campaign,Phishing,Unattributed,Hacktivist,True,31,2020-04-01,2020-04-12,2020-04-18,11,Internal detection,582968,bank_details|date_of_birth|email|name|passport|phone,,not_applicable,2,97998971,no,high,True,synthetic (Faker),
SYN-00992,Unauthorised access at Ryan-Ryan,Ryan-Ryan,vendor,Cloud/SaaS,FR,Unauthorised access,Exposed RDP/VPN,Unattributed,Unknown,False,,2020-01-14,2020-04-14,2020-04-14,91,Routine audit,968084,email|name|postal_address,,not_applicable,0,87284481,yes,medium,True,synthetic (Faker),
SYN-00501,"Business email compromise at Wells, Griffiths and Brown","Wells, Griffiths and Brown",private,Manufacturing,DE,Business email compromise,Phishing,Unattributed,Ransomware crew,False,,2020-03-05,2020-04-23,2020-04-24,49,Routine audit,,not_applicable,,not_applicable,3,330474,unknown,medium,True,synthetic (Faker),
SYN-00230,Ransomware at Bates-Foster,Bates-Foster,private,Financial services,DE,Ransomware,Exposed RDP/VPN,HollowLantern,Ransomware crew,False,,2020-03-28,2020-04-25,2020-04-27,28,Law enforcement notification,100705,name|ssn_or_ni_number,95950,no,74,14849323,yes,high,True,synthetic (Faker),
SYN-00662,Data breach at Navarro-Chen,Navarro-Chen,vendor,Cloud/SaaS,IN,Data breach,Misconfigured cloud storage,VelvetSiphon,Ransomware crew,True,313,2020-02-28,2020-04-27,2020-04-28,59,Internal detection,1706334,date_of_birth|email|postal_address,,not_applicable,0,81838223,yes,high,True,synthetic (Faker),
SYN-00199,Supply chain compromise at Smith PLC,Smith PLC,private,Retail,FR,Supply chain compromise,Third-party supplier access,Unattributed,Financially motivated,True,3,2020-04-11,2020-04-28,2020-04-29,17,Internal detection,792562,date_of_birth|employment|safeguarding_notes,,not_applicable,0,106203418,yes,high,True,synthetic (Faker),
>>>>>>> 8a74902011229c25354fcb7e063b9152ef665657
SYN-00269,Data breach at Fitzgerald LLC,Fitzgerald LLC,private,Manufacturing,US,Data breach,Compromised credentials,Unattributed,Ransomware crew,False,,2019-08-10,2020-04-29,2020-05-04,263,Routine audit,28278,donation_history|email|safeguarding_notes|ssn_or_ni_number,,not_applicable,6,,yes,high,True,synthetic (Faker),
SYN-00562,"Data breach at Stewart, Berry and Burton","Stewart, Berry and Burton",private,Retail,DE,Data breach,Credential stuffing,Unattributed,Ransomware crew,False,,2020-04-22,2020-04-29,2020-05-02,7,Internal detection,1049139,credentials|donation_history|email|passport|phone|postal_address|safeguarding_notes,,not_applicable,4,87765507,yes,high,True,synthetic (Faker),
SYN-00445,Ransomware at Dorothystad NHS Trust,Dorothystad NHS Trust,public,Local government,NL,Ransomware,Third-party supplier access,CobaltFinch,Ransomware crew,True,8,2020-05-04,2020-05-05,2020-05-06,1,Third-party notification,86992,bank_details|safeguarding_notes,741909,no,5,5913992,yes,high,True,synthetic (Faker),
SYN-00756,"Ransomware at Jenkins, Barrett and Gilbert","Jenkins, Barrett and Gilbert",vendor,Nonprofit technology,US,Ransomware,Phishing,IronMagpie,Ransomware crew,True,765,2020-05-03,2020-05-05,2020-05-07,2,Internal detection,407585,credentials|phone,1017208,undisclosed,5,18646938,yes,medium,True,synthetic (Faker),
<<<<<<< HEAD
SYN-01626,Unauthorised access at Refuge Fund,Refuge Fund,nonprofit,Charity/Nonprofit,GB,Unauthorised access,Insecure API endpoint,Unattributed,Insider,False,,2020-04-14,2020-05-07,2020-05-13,23,Third-party notification,657522,donation_history|email|name|postal_address|ssn_or_ni_number,,not_applicable,0,40478960,yes,medium,True,synthetic (Faker),
SYN-00279,Phishing campaign at Wellbeing Trust,Wellbeing Trust,nonprofit,Charity/Nonprofit,GB,Phishing campaign,Phishing,Unattributed,Financially motivated,False,,2020-04-27,2020-05-09,2020-05-17,12,Security vendor / MDR,538860,credit_card|donation_history|employment|internal_email|name|phone|postal_address|safeguarding_notes,73328,undisclosed,0,,yes,medium,True,synthetic (Faker),
SYN-00677,Ransomware at Sheppard-Jordan,Sheppard-Jordan,private,Financial services,AU,Ransomware,Exposed RDP/VPN,Unattributed,Ransomware crew,False,,2020-05-07,2020-05-10,2020-05-21,3,Public leak / dark web,862054,date_of_birth|email|health|phone|postal_address|ssn_or_ni_number,999979,yes,11,75103651,yes,high,True,synthetic (Faker),
SYN-01896,Insider incident at King-Lawrence,King-Lawrence,private,Logistics,US,Insider incident,Negligent insider,Unattributed,Insider,False,,2019-04-13,2020-05-10,2020-05-11,393,Security vendor / MDR,589,bank_details|date_of_birth|donation_history|phone,,not_applicable,0,282692,no,medium,True,synthetic (Faker),
SYN-01623,Ransomware at Carter-Harris,Carter-Harris,private,Retail,NL,Ransomware,Unpatched vulnerability,CobaltFinch,Ransomware crew,False,,2020-05-06,2020-05-12,2020-05-28,6,Internal detection,8088746,credentials|email|employment|health|internal_email|name|postal_address,3200700,no,4,,yes,high,True,synthetic (Faker),
SYN-01865,"Ransomware at Brock, Reynolds and Fernandez","Brock, Reynolds and Fernandez",vendor,Cloud/SaaS,GB,Ransomware,Unpatched vulnerability,PaleHydra,Ransomware crew,True,456,2020-05-10,2020-05-13,2020-05-26,3,Customer report,4159390,email|employment|internal_email|passport|phone|safeguarding_notes,140595,yes,5,663541959,unknown,high,True,synthetic (Faker),
SYN-01906,Ransomware at Turner-Mayer,Turner-Mayer,private,Healthcare,GB,Ransomware,Compromised credentials,DimStag,Ransomware crew,False,,2020-05-11,2020-05-13,2020-05-14,2,Internal detection,2780230,email|health|name|passport|phone|postal_address|safeguarding_notes,425683,no,11,223240391,yes,high,True,synthetic (Faker),
SYN-00850,Business email compromise at Baker LLC,Baker LLC,private,Healthcare,GB,Business email compromise,Phishing,NorthQuarry,Ransomware crew,False,,2020-03-19,2020-05-16,2020-05-24,58,Internal detection,,not_applicable,,not_applicable,3,285440,no,medium,True,synthetic (Faker),
SYN-00892,Data breach at Port Charlottehaven District Board,Port Charlottehaven District Board,public,Local government,US,Data breach,Credential stuffing,Unattributed,Unknown,False,,2020-04-02,2020-05-17,2020-05-18,45,Security vendor / MDR,45627,bank_details|credit_card|email|health|passport|postal_address,,not_applicable,2,5974165,yes,medium,True,synthetic (Faker),
SYN-00272,"Supply chain compromise at Harrell, Brock and Mcdonald","Harrell, Brock and Mcdonald",private,Financial services,GB,Supply chain compromise,Third-party supplier access,Unattributed,Unknown,True,74,2020-04-25,2020-05-18,2020-05-19,23,Routine audit,25241921,name|postal_address,,not_applicable,0,,yes,high,True,synthetic (Faker),
SYN-01004,Data breach at Sarahmouth NHS Trust,Sarahmouth NHS Trust,public,Local government,DE,Data breach,Compromised credentials,Unattributed,Unknown,False,,2020-05-10,2020-05-18,2020-05-19,8,Internal detection,1367766,name|postal_address,,not_applicable,0,,yes,medium,True,synthetic (Faker),
SYN-00611,"Ransomware at Murphy, Howard and Todd","Murphy, Howard and Todd",private,Manufacturing,FR,Ransomware,Compromised credentials,NorthQuarry,Ransomware crew,False,,2020-05-18,2020-05-19,2020-05-21,1,Internal detection,46364,email|phone,46329,no,40,7508334,yes,high,True,synthetic (Faker),
REAL-0002,Blackbaud ransomware breach,Blackbaud,vendor,Nonprofit technology,US,Ransomware,Compromised credentials,Unattributed,Ransomware crew,True,13000,2020-02-07,2020-05-20,2020-07-16,103,Internal detection,12000000,name|email|postal_address|donation_history|bank_details|ssn,,yes,0,49500000,yes,critical,False,US multistate AG settlement (Oct 2023); ICO/FTC actions,Canonical charity-CRM precedent. Ransom paid for deletion assurance. $49.5M multistate settlement. Records figure is an estimate across downstream customers.
SYN-00987,Unauthorised access at Miles-Harris,Miles-Harris,private,Financial services,US,Unauthorised access,Compromised credentials,GlassMantis,Nation state,False,,2020-01-31,2020-05-21,2020-05-27,111,Internal detection,87154,internal_email|passport|postal_address,,not_applicable,0,9131793,yes,medium,True,synthetic (Faker),
SYN-01378,"Supply chain compromise at Thomas, Williams and Meyers","Thomas, Williams and Meyers",vendor,Cloud/SaaS,US,Supply chain compromise,Compromised credentials,AmberBastion,Ransomware crew,True,1858,2020-02-19,2020-05-21,2020-05-28,92,Third-party notification,757421,email|health|postal_address,,not_applicable,7,,unknown,high,True,synthetic (Faker),
SYN-00654,Data breach at Williams Group,Williams Group,vendor,Nonprofit technology,US,Data breach,Misconfigured cloud storage,VelvetSiphon,Ransomware crew,False,,2020-05-16,2020-05-23,2020-06-04,7,Customer report,26599,credit_card|email|employment|health|name|phone|postal_address,,not_applicable,0,2529169,yes,medium,True,synthetic (Faker),
SYN-01215,Ransomware at Port Guy Council,Port Guy Council,public,Energy/Utilities,GB,Ransomware,Exposed RDP/VPN,Unattributed,Ransomware crew,False,,2020-05-21,2020-05-23,2020-05-29,2,Security vendor / MDR,22947,donation_history|email|health|internal_email|phone|postal_address|safeguarding_notes,3868058,yes,3,3962539,yes,medium,True,synthetic (Faker),
SYN-01994,Data breach at Gallagher Ltd,Gallagher Ltd,private,Manufacturing,US,Data breach,Third-party supplier access,Unattributed,Financially motivated,True,1444,2019-10-21,2020-05-24,2020-06-10,216,Internal detection,422174,credit_card|donation_history|employment|health|name|phone|postal_address,,not_applicable,0,16706331,yes,high,True,synthetic (Faker),
SYN-00394,Ransomware at Young-Begum,Young-Begum,vendor,Cloud/SaaS,CA,Ransomware,Third-party supplier access,Unattributed,Ransomware crew,True,7380,2020-05-20,2020-05-26,2020-06-03,6,Internal detection,4458092,credentials|date_of_birth|health|name|phone|postal_address|ssn_or_ni_number,8954181,no,1,169936772,unknown,high,True,synthetic (Faker),
SYN-01046,Unauthorised access at Glassburgh Council,Glassburgh Council,public,Education,DE,Unauthorised access,Compromised credentials,DimStag,Ransomware crew,False,,2020-04-20,2020-05-26,2020-05-28,36,Customer report,383522,bank_details|email|employment|internal_email|name|phone,,not_applicable,0,,yes,medium,True,synthetic (Faker),
SYN-01223,Unauthorised access at Deanville Authority,Deanville Authority,public,Local government,DE,Unauthorised access,MFA fatigue,Unattributed,Financially motivated,False,,2020-05-10,2020-05-26,2020-06-05,16,Internal detection,17480,email|name|phone,,not_applicable,0,922471,yes,medium,True,synthetic (Faker),
SYN-01276,"Data breach at Perez, Davis and Parker","Perez, Davis and Parker",private,Retail,NL,Data breach,Compromised credentials,ObsidianKoi,Ransomware crew,False,,2020-05-22,2020-05-27,2020-06-12,5,Third-party notification,184995,email|internal_email|passport|phone,,not_applicable,0,20512825,yes,medium,True,synthetic (Faker),
SYN-00342,"Data breach at Patterson, Sullivan and Bowman","Patterson, Sullivan and Bowman",vendor,Software,GB,Data breach,Phishing,QuietFathom,Ransomware crew,False,,2020-05-06,2020-05-28,2020-05-30,22,Third-party notification,2122760,bank_details|credit_card|email|name|phone|postal_address|safeguarding_notes,665519,no,5,,no,high,True,synthetic (Faker),
SYN-00304,Unauthorised access at Baker-Pickering,Baker-Pickering,private,Healthcare,GB,Unauthorised access,Exposed RDP/VPN,Unattributed,Ransomware crew,False,,2020-05-24,2020-05-30,2020-06-02,6,Third-party notification,11216,credit_card|email|employment|health|name|passport|phone,,not_applicable,0,,yes,medium,True,synthetic (Faker),
SYN-01183,Business email compromise at West Juneside Council,West Juneside Council,public,Education,US,Business email compromise,MFA fatigue,Unattributed,Financially motivated,False,,2020-05-04,2020-06-01,2020-06-15,28,Law enforcement notification,,not_applicable,,not_applicable,0,106236,no,medium,True,synthetic (Faker),
SYN-00893,"Ransomware at Mcdaniel, Mayer and Armstrong","Mcdaniel, Mayer and Armstrong",private,Healthcare,GB,Ransomware,Help-desk social engineering,IronMagpie,Ransomware crew,False,,2020-05-24,2020-06-02,2020-06-10,9,Internal detection,123073,employment|health|name|passport|postal_address,697915,no,27,16961714,yes,high,True,synthetic (Faker),
SYN-00906,Business email compromise at Hernandez PLC,Hernandez PLC,vendor,Cloud/SaaS,GB,Business email compromise,MFA fatigue,QuietFathom,Ransomware crew,True,179,2020-05-15,2020-06-02,2020-06-06,18,Routine audit,,not_applicable,35108,no,5,718694,unknown,medium,True,synthetic (Faker),
SYN-01498,Data breach at Wood Group,Wood Group,private,Manufacturing,GB,Data breach,Credential stuffing,Unattributed,Financially motivated,False,,2020-05-12,2020-06-04,2020-06-27,23,Internal detection,11460,credit_card|name|safeguarding_notes,,not_applicable,1,2151887,yes,medium,True,synthetic (Faker),
SYN-01674,"Ransomware at Murphy, Cooper and Khan","Murphy, Cooper and Khan",private,Retail,FR,Ransomware,Unpatched vulnerability,TinCathedral,Ransomware crew,False,,2020-06-05,2020-06-05,2020-06-08,0,Routine audit,4241141,bank_details|employment|name|phone|postal_address|safeguarding_notes,5388969,yes,30,260153817,yes,high,True,synthetic (Faker),
SYN-01087,Data breach at Ward-Robinson,Ward-Robinson,private,Logistics,GB,Data breach,Misconfigured cloud storage,Unattributed,Financially motivated,False,,2020-05-29,2020-06-06,2020-06-10,8,Internal detection,3341,email|name|phone,,not_applicable,0,562699,yes,low,True,synthetic (Faker),
SYN-00365,Ransomware at North Louis District Board,North Louis District Board,public,Education,US,Ransomware,Exposed RDP/VPN,CobaltFinch,Ransomware crew,False,,2020-05-31,2020-06-07,2020-06-12,7,Internal detection,120736,bank_details|credit_card|email|employment|postal_address,1791971,no,35,22101145,yes,high,True,synthetic (Faker),
SYN-00631,Supply chain compromise at Refuge Network,Refuge Network,nonprofit,Charity/Nonprofit,US,Supply chain compromise,Trojanised software update,TinCathedral,Ransomware crew,True,24,2020-02-11,2020-06-07,2020-06-12,117,Internal detection,3250,donation_history|name|phone,,not_applicable,3,,yes,medium,True,synthetic (Faker),
SYN-01492,Business email compromise at Price-Watson,Price-Watson,private,Financial services,GB,Business email compromise,Phishing,Unattributed,Hacktivist,False,,2020-02-14,2020-06-07,2020-06-13,114,Third-party notification,,not_applicable,,not_applicable,1,153723,no,medium,True,synthetic (Faker),
SYN-00005,Phishing campaign at Wrighttown NHS Trust,Wrighttown NHS Trust,public,Energy/Utilities,US,Phishing campaign,Phishing,Unattributed,Financially motivated,False,,2020-04-03,2020-06-08,2020-06-13,66,Third-party notification,3019,email|health|name|passport|phone|postal_address,,not_applicable,0,554859,yes,medium,True,synthetic (Faker),
SYN-00729,Ransomware at Lloydchester NHS Trust,Lloydchester NHS Trust,public,Energy/Utilities,GB,Ransomware,Exposed RDP/VPN,VelvetSiphon,Ransomware crew,False,,2020-06-08,2020-06-08,2020-06-09,0,Third-party notification,3042,credentials|credit_card|postal_address,3554925,no,14,,yes,medium,True,synthetic (Faker),
SYN-01517,Business email compromise at Swiftland Authority,Swiftland Authority,public,Local government,AU,Business email compromise,Phishing,AmberBastion,Ransomware crew,False,,2020-03-28,2020-06-08,2020-08-17,72,Security vendor / MDR,,not_applicable,194271,no,6,669098,unknown,medium,True,synthetic (Faker),
SYN-00221,"Ransomware at Avila, Garrett and Wolf","Avila, Garrett and Wolf",private,Financial services,US,Ransomware,Phishing,GlassMantis,Ransomware crew,False,,2020-06-07,2020-06-11,2020-06-14,4,Customer report,16693,phone|postal_address,373467,yes,28,3891843,yes,medium,True,synthetic (Faker),
SYN-00734,Ransomware at Smith-Rubio,Smith-Rubio,private,Financial services,GB,Ransomware,Unpatched vulnerability,NineSpindle,Ransomware crew,False,,2020-06-11,2020-06-12,2020-06-20,1,Internal detection,132293,email|health|internal_email|name|phone|safeguarding_notes|ssn_or_ni_number,39662,no,19,,yes,high,True,synthetic (Faker),
SYN-01136,Ransomware at Fisher PLC,Fisher PLC,private,Healthcare,US,Ransomware,Phishing,Unattributed,Ransomware crew,False,,2020-05-29,2020-06-13,2020-06-18,15,Security vendor / MDR,76594,bank_details|health|internal_email|phone|safeguarding_notes,1004015,no,19,,yes,high,True,synthetic (Faker),
SYN-01598,Data breach at Ali PLC,Ali PLC,private,Healthcare,US,Data breach,Unpatched vulnerability,Unattributed,Hacktivist,False,,2020-05-31,2020-06-14,2020-06-16,14,Routine audit,19543,health|name|phone,,not_applicable,3,3474243,yes,medium,True,synthetic (Faker),
SYN-00250,Ransomware at Nicholasberg District Board,Nicholasberg District Board,public,Education,US,Ransomware,Phishing,CobaltFinch,Ransomware crew,False,,2020-06-12,2020-06-15,2020-06-26,3,Customer report,44525,credentials|credit_card|email|employment|phone|postal_address|ssn_or_ni_number,3982932,no,6,,yes,high,True,synthetic (Faker),
SYN-00767,Data breach at Wilkinson Group,Wilkinson Group,private,Healthcare,US,Data breach,Credential stuffing,Unattributed,Financially motivated,False,,2019-11-07,2020-06-20,2020-06-21,226,Customer report,654241,health|name|phone|postal_address,579126,no,0,55471383,yes,medium,True,synthetic (Faker),
SYN-01546,Insider incident at Taylor-Smith,Taylor-Smith,private,Logistics,FR,Insider incident,Malicious insider,Unattributed,Insider,False,,2019-10-15,2020-06-21,2020-06-22,250,Law enforcement notification,33896,credit_card|email|employment|name|phone|postal_address,,not_applicable,2,,no,medium,True,synthetic (Faker),
SYN-01577,Unauthorised access at Robinson-Morgan,Robinson-Morgan,vendor,Nonprofit technology,CA,Unauthorised access,MFA fatigue,Unattributed,Ransomware crew,True,290,2020-06-12,2020-06-21,2020-06-26,9,Internal detection,3345619,bank_details|health|phone,,not_applicable,0,,yes,high,True,synthetic (Faker),
SYN-00566,"Ransomware at Taylor, Iqbal and Turner","Taylor, Iqbal and Turner",private,Legal/Professional,US,Ransomware,Unpatched vulnerability,Unattributed,Ransomware crew,False,,2020-06-18,2020-06-23,2020-07-04,5,Security vendor / MDR,28281,email|health|name|passport|phone|postal_address|safeguarding_notes,3228103,no,30,6248490,yes,high,True,synthetic (Faker),
SYN-00192,Ransomware at Burrows PLC,Burrows PLC,vendor,Nonprofit technology,SG,Ransomware,Compromised credentials,AmberBastion,Ransomware crew,True,30,2020-06-24,2020-06-26,2020-07-02,2,Customer report,6854547,bank_details|date_of_birth|employment|name|phone|postal_address|ssn_or_ni_number,187487,undisclosed,7,320422156,yes,critical,True,synthetic (Faker),
SYN-01690,Data breach at Allen-Duarte,Allen-Duarte,private,Manufacturing,GB,Data breach,Unpatched vulnerability,Unattributed,Financially motivated,False,,2019-11-01,2020-06-27,2020-07-06,239,Internal detection,2811,bank_details|date_of_birth|donation_history|safeguarding_notes,85343,undisclosed,0,596183,unknown,medium,True,synthetic (Faker),
SYN-00267,Unauthorised access at New Michaelberg Council,New Michaelberg Council,public,Local government,US,Unauthorised access,Insecure API endpoint,Unattributed,Hacktivist,False,,2020-06-01,2020-06-30,2020-07-02,29,Internal detection,2414,email|employment|phone,,not_applicable,0,501160,yes,low,True,synthetic (Faker),
SYN-00829,"Data breach at Harris, Ali and Walton","Harris, Ali and Walton",vendor,Cloud/SaaS,GB,Data breach,Phishing,GlassMantis,Ransomware crew,False,,2020-02-07,2020-07-01,2020-07-05,145,Internal detection,3433347,bank_details|donation_history|internal_email|safeguarding_notes,3161380,undisclosed,1,78592667,unknown,high,True,synthetic (Faker),
SYN-01933,"Ransomware at Byrd, Barnes and Ortiz","Byrd, Barnes and Ortiz",vendor,Software,IN,Ransomware,Exposed RDP/VPN,NorthQuarry,Ransomware crew,True,389,2020-06-23,2020-07-01,2020-07-02,8,Internal detection,20646,email|internal_email|postal_address,263010,undisclosed,17,3739478,unknown,high,True,synthetic (Faker),
SYN-00298,Data breach at Brown and Sons,Brown and Sons,private,Logistics,US,Data breach,Phishing,Unattributed,Hacktivist,False,,2020-06-12,2020-07-03,2020-07-11,21,Internal detection,45670,bank_details|date_of_birth|email|passport|ssn_or_ni_number,,not_applicable,0,7259226,yes,medium,True,synthetic (Faker),
SYN-00565,Supply chain compromise at Lake Tamaraside Council,Lake Tamaraside Council,public,Energy/Utilities,GB,Supply chain compromise,Trojanised software update,Unattributed,Insider,True,32,2020-01-29,2020-07-03,2020-07-06,156,Security vendor / MDR,37703,email|internal_email|name,,not_applicable,14,6217927,yes,high,True,synthetic (Faker),
SYN-01417,Phishing campaign at Scottview Authority,Scottview Authority,public,Local government,AU,Phishing campaign,Phishing,RustVulture,Ransomware crew,False,,2020-05-14,2020-07-03,2020-07-08,50,Internal detection,964,email|health|name|phone|safeguarding_notes,,not_applicable,0,287460,yes,medium,True,synthetic (Faker),
SYN-01811,Data breach at Gates Group,Gates Group,vendor,Software,US,Data breach,Phishing,RustVulture,Ransomware crew,False,,2020-06-08,2020-07-03,2020-07-05,25,Public leak / dark web,103468,donation_history|email|name|phone|postal_address|safeguarding_notes,,not_applicable,0,10671748,no,medium,True,synthetic (Faker),
SYN-00748,Ransomware at Parsons-Dobson,Parsons-Dobson,private,Logistics,US,Ransomware,Unpatched vulnerability,TinCathedral,Ransomware crew,False,,2020-06-29,2020-07-04,2020-07-08,5,Internal detection,37955,credentials|email|internal_email|name|phone|safeguarding_notes|ssn_or_ni_number,1397199,no,33,5934046,no,high,True,synthetic (Faker),
SYN-01016,Phishing campaign at West Abbiemouth Authority,West Abbiemouth Authority,public,Local government,NL,Phishing campaign,Phishing,TinCathedral,Nation state,False,,2020-06-27,2020-07-04,2020-07-26,7,Routine audit,6450,email|name|phone|postal_address,,not_applicable,0,,yes,low,True,synthetic (Faker),
SYN-00803,Data breach at Rosales-Howe,Rosales-Howe,private,Retail,US,Data breach,Unpatched vulnerability,Unattributed,Ransomware crew,False,,2020-07-06,2020-07-07,2020-07-09,1,Internal detection,25486,credentials|safeguarding_notes,157857,no,0,3470310,yes,medium,True,synthetic (Faker),
SYN-00521,Data breach at Maldonado and Sons,Maldonado and Sons,private,Retail,IN,Data breach,Credential stuffing,Unattributed,Unknown,False,,2020-06-17,2020-07-08,2020-07-11,21,Internal detection,227975,credit_card|date_of_birth|email|name|phone,,not_applicable,0,19947559,yes,medium,True,synthetic (Faker),
SYN-01731,"Ransomware at Martinez, Green and Lopez","Martinez, Green and Lopez",vendor,Software,US,Ransomware,Compromised credentials,IronMagpie,Ransomware crew,False,,2020-07-09,2020-07-09,2020-07-15,0,Internal detection,20045,postal_address|safeguarding_notes,7876720,yes,15,3628999,yes,high,True,synthetic (Faker),
SYN-01172,"Phishing campaign at Garza, Hall and Cruz","Garza, Hall and Cruz",private,Legal/Professional,IE,Phishing campaign,Phishing,Unattributed,Hacktivist,False,,2020-03-28,2020-07-10,2020-08-07,104,Third-party notification,558,email|employment|health|name|postal_address|ssn_or_ni_number,,not_applicable,0,452291,yes,medium,True,synthetic (Faker),
SYN-01374,Unauthorised access at O'Donnell-Turnbull,O'Donnell-Turnbull,private,Healthcare,GB,Unauthorised access,Insecure API endpoint,Unattributed,Ransomware crew,False,,2020-06-07,2020-07-13,2020-07-20,36,Internal detection,1611070,health|internal_email|postal_address,90302,undisclosed,0,,yes,high,True,synthetic (Faker),
=======
SYN-00279,Phishing campaign at Wellbeing Trust,Wellbeing Trust,nonprofit,Charity/Nonprofit,GB,Phishing campaign,Phishing,Unattributed,Financially motivated,False,,2020-04-27,2020-05-09,2020-05-17,12,Security vendor / MDR,538860,credit_card|donation_history|employment|internal_email|name|phone|postal_address|safeguarding_notes,73328,undisclosed,0,,yes,medium,True,synthetic (Faker),
SYN-00677,Ransomware at Sheppard-Jordan,Sheppard-Jordan,private,Financial services,AU,Ransomware,Exposed RDP/VPN,Unattributed,Ransomware crew,False,,2020-05-07,2020-05-10,2020-05-21,3,Public leak / dark web,862054,date_of_birth|email|health|phone|postal_address|ssn_or_ni_number,999979,yes,11,75103651,yes,high,True,synthetic (Faker),
SYN-00850,Business email compromise at Baker LLC,Baker LLC,private,Healthcare,GB,Business email compromise,Phishing,NorthQuarry,Ransomware crew,False,,2020-03-19,2020-05-16,2020-05-24,58,Internal detection,,not_applicable,,not_applicable,3,285440,no,medium,True,synthetic (Faker),
SYN-00892,Data breach at Port Charlottehaven District Board,Port Charlottehaven District Board,public,Local government,US,Data breach,Credential stuffing,Unattributed,Unknown,False,,2020-04-02,2020-05-17,2020-05-18,45,Security vendor / MDR,45627,bank_details|credit_card|email|health|passport|postal_address,,not_applicable,2,5974165,yes,medium,True,synthetic (Faker),
SYN-00272,"Supply chain compromise at Harrell, Brock and Mcdonald","Harrell, Brock and Mcdonald",private,Financial services,GB,Supply chain compromise,Third-party supplier access,Unattributed,Unknown,True,74,2020-04-25,2020-05-18,2020-05-19,23,Routine audit,25241921,name|postal_address,,not_applicable,0,,yes,high,True,synthetic (Faker),
SYN-00611,"Ransomware at Murphy, Howard and Todd","Murphy, Howard and Todd",private,Manufacturing,FR,Ransomware,Compromised credentials,NorthQuarry,Ransomware crew,False,,2020-05-18,2020-05-19,2020-05-21,1,Internal detection,46364,email|phone,46329,no,40,7508334,yes,high,True,synthetic (Faker),
REAL-0002,Blackbaud ransomware breach,Blackbaud,vendor,Nonprofit technology,US,Ransomware,Compromised credentials,Unattributed,Ransomware crew,True,13000,2020-02-07,2020-05-20,2020-07-16,103,Internal detection,12000000,name|email|postal_address|donation_history|bank_details|ssn,,yes,0,49500000,yes,critical,False,US multistate AG settlement (Oct 2023); ICO/FTC actions,Canonical charity-CRM precedent. Ransom paid for deletion assurance. $49.5M multistate settlement. Records figure is an estimate across downstream customers.
SYN-00987,Unauthorised access at Miles-Harris,Miles-Harris,private,Financial services,US,Unauthorised access,Compromised credentials,GlassMantis,Nation state,False,,2020-01-31,2020-05-21,2020-05-27,111,Internal detection,87154,internal_email|passport|postal_address,,not_applicable,0,9131793,yes,medium,True,synthetic (Faker),
SYN-00654,Data breach at Williams Group,Williams Group,vendor,Nonprofit technology,US,Data breach,Misconfigured cloud storage,VelvetSiphon,Ransomware crew,False,,2020-05-16,2020-05-23,2020-06-04,7,Customer report,26599,credit_card|email|employment|health|name|phone|postal_address,,not_applicable,0,2529169,yes,medium,True,synthetic (Faker),
SYN-00394,Ransomware at Young-Begum,Young-Begum,vendor,Cloud/SaaS,CA,Ransomware,Third-party supplier access,Unattributed,Ransomware crew,True,7380,2020-05-20,2020-05-26,2020-06-03,6,Internal detection,4458092,credentials|date_of_birth|health|name|phone|postal_address|ssn_or_ni_number,8954181,no,1,169936772,unknown,high,True,synthetic (Faker),
SYN-00342,"Data breach at Patterson, Sullivan and Bowman","Patterson, Sullivan and Bowman",vendor,Software,GB,Data breach,Phishing,QuietFathom,Ransomware crew,False,,2020-05-06,2020-05-28,2020-05-30,22,Third-party notification,2122760,bank_details|credit_card|email|name|phone|postal_address|safeguarding_notes,665519,no,5,,no,high,True,synthetic (Faker),
SYN-00304,Unauthorised access at Baker-Pickering,Baker-Pickering,private,Healthcare,GB,Unauthorised access,Exposed RDP/VPN,Unattributed,Ransomware crew,False,,2020-05-24,2020-05-30,2020-06-02,6,Third-party notification,11216,credit_card|email|employment|health|name|passport|phone,,not_applicable,0,,yes,medium,True,synthetic (Faker),
SYN-00893,"Ransomware at Mcdaniel, Mayer and Armstrong","Mcdaniel, Mayer and Armstrong",private,Healthcare,GB,Ransomware,Help-desk social engineering,IronMagpie,Ransomware crew,False,,2020-05-24,2020-06-02,2020-06-10,9,Internal detection,123073,employment|health|name|passport|postal_address,697915,no,27,16961714,yes,high,True,synthetic (Faker),
SYN-00906,Business email compromise at Hernandez PLC,Hernandez PLC,vendor,Cloud/SaaS,GB,Business email compromise,MFA fatigue,QuietFathom,Ransomware crew,True,179,2020-05-15,2020-06-02,2020-06-06,18,Routine audit,,not_applicable,35108,no,5,718694,unknown,medium,True,synthetic (Faker),
SYN-00365,Ransomware at North Louis District Board,North Louis District Board,public,Education,US,Ransomware,Exposed RDP/VPN,CobaltFinch,Ransomware crew,False,,2020-05-31,2020-06-07,2020-06-12,7,Internal detection,120736,bank_details|credit_card|email|employment|postal_address,1791971,no,35,22101145,yes,high,True,synthetic (Faker),
SYN-00631,Supply chain compromise at Refuge Network,Refuge Network,nonprofit,Charity/Nonprofit,US,Supply chain compromise,Trojanised software update,TinCathedral,Ransomware crew,True,24,2020-02-11,2020-06-07,2020-06-12,117,Internal detection,3250,donation_history|name|phone,,not_applicable,3,,yes,medium,True,synthetic (Faker),
SYN-00005,Phishing campaign at Wrighttown NHS Trust,Wrighttown NHS Trust,public,Energy/Utilities,US,Phishing campaign,Phishing,Unattributed,Financially motivated,False,,2020-04-03,2020-06-08,2020-06-13,66,Third-party notification,3019,email|health|name|passport|phone|postal_address,,not_applicable,0,554859,yes,medium,True,synthetic (Faker),
SYN-00729,Ransomware at Lloydchester NHS Trust,Lloydchester NHS Trust,public,Energy/Utilities,GB,Ransomware,Exposed RDP/VPN,VelvetSiphon,Ransomware crew,False,,2020-06-08,2020-06-08,2020-06-09,0,Third-party notification,3042,credentials|credit_card|postal_address,3554925,no,14,,yes,medium,True,synthetic (Faker),
SYN-00221,"Ransomware at Avila, Garrett and Wolf","Avila, Garrett and Wolf",private,Financial services,US,Ransomware,Phishing,GlassMantis,Ransomware crew,False,,2020-06-07,2020-06-11,2020-06-14,4,Customer report,16693,phone|postal_address,373467,yes,28,3891843,yes,medium,True,synthetic (Faker),
SYN-00734,Ransomware at Smith-Rubio,Smith-Rubio,private,Financial services,GB,Ransomware,Unpatched vulnerability,NineSpindle,Ransomware crew,False,,2020-06-11,2020-06-12,2020-06-20,1,Internal detection,132293,email|health|internal_email|name|phone|safeguarding_notes|ssn_or_ni_number,39662,no,19,,yes,high,True,synthetic (Faker),
SYN-00250,Ransomware at Nicholasberg District Board,Nicholasberg District Board,public,Education,US,Ransomware,Phishing,CobaltFinch,Ransomware crew,False,,2020-06-12,2020-06-15,2020-06-26,3,Customer report,44525,credentials|credit_card|email|employment|phone|postal_address|ssn_or_ni_number,3982932,no,6,,yes,high,True,synthetic (Faker),
SYN-00767,Data breach at Wilkinson Group,Wilkinson Group,private,Healthcare,US,Data breach,Credential stuffing,Unattributed,Financially motivated,False,,2019-11-07,2020-06-20,2020-06-21,226,Customer report,654241,health|name|phone|postal_address,579126,no,0,55471383,yes,medium,True,synthetic (Faker),
SYN-00566,"Ransomware at Taylor, Iqbal and Turner","Taylor, Iqbal and Turner",private,Legal/Professional,US,Ransomware,Unpatched vulnerability,Unattributed,Ransomware crew,False,,2020-06-18,2020-06-23,2020-07-04,5,Security vendor / MDR,28281,email|health|name|passport|phone|postal_address|safeguarding_notes,3228103,no,30,6248490,yes,high,True,synthetic (Faker),
SYN-00192,Ransomware at Burrows PLC,Burrows PLC,vendor,Nonprofit technology,SG,Ransomware,Compromised credentials,AmberBastion,Ransomware crew,True,30,2020-06-24,2020-06-26,2020-07-02,2,Customer report,6854547,bank_details|date_of_birth|employment|name|phone|postal_address|ssn_or_ni_number,187487,undisclosed,7,320422156,yes,critical,True,synthetic (Faker),
SYN-00267,Unauthorised access at New Michaelberg Council,New Michaelberg Council,public,Local government,US,Unauthorised access,Insecure API endpoint,Unattributed,Hacktivist,False,,2020-06-01,2020-06-30,2020-07-02,29,Internal detection,2414,email|employment|phone,,not_applicable,0,501160,yes,low,True,synthetic (Faker),
SYN-00829,"Data breach at Harris, Ali and Walton","Harris, Ali and Walton",vendor,Cloud/SaaS,GB,Data breach,Phishing,GlassMantis,Ransomware crew,False,,2020-02-07,2020-07-01,2020-07-05,145,Internal detection,3433347,bank_details|donation_history|internal_email|safeguarding_notes,3161380,undisclosed,1,78592667,unknown,high,True,synthetic (Faker),
SYN-00298,Data breach at Brown and Sons,Brown and Sons,private,Logistics,US,Data breach,Phishing,Unattributed,Hacktivist,False,,2020-06-12,2020-07-03,2020-07-11,21,Internal detection,45670,bank_details|date_of_birth|email|passport|ssn_or_ni_number,,not_applicable,0,7259226,yes,medium,True,synthetic (Faker),
SYN-00565,Supply chain compromise at Lake Tamaraside Council,Lake Tamaraside Council,public,Energy/Utilities,GB,Supply chain compromise,Trojanised software update,Unattributed,Insider,True,32,2020-01-29,2020-07-03,2020-07-06,156,Security vendor / MDR,37703,email|internal_email|name,,not_applicable,14,6217927,yes,high,True,synthetic (Faker),
SYN-00748,Ransomware at Parsons-Dobson,Parsons-Dobson,private,Logistics,US,Ransomware,Unpatched vulnerability,TinCathedral,Ransomware crew,False,,2020-06-29,2020-07-04,2020-07-08,5,Internal detection,37955,credentials|email|internal_email|name|phone|safeguarding_notes|ssn_or_ni_number,1397199,no,33,5934046,no,high,True,synthetic (Faker),
SYN-00803,Data breach at Rosales-Howe,Rosales-Howe,private,Retail,US,Data breach,Unpatched vulnerability,Unattributed,Ransomware crew,False,,2020-07-06,2020-07-07,2020-07-09,1,Internal detection,25486,credentials|safeguarding_notes,157857,no,0,3470310,yes,medium,True,synthetic (Faker),
SYN-00521,Data breach at Maldonado and Sons,Maldonado and Sons,private,Retail,IN,Data breach,Credential stuffing,Unattributed,Unknown,False,,2020-06-17,2020-07-08,2020-07-11,21,Internal detection,227975,credit_card|date_of_birth|email|name|phone,,not_applicable,0,19947559,yes,medium,True,synthetic (Faker),
>>>>>>> 8a74902011229c25354fcb7e063b9152ef665657
SYN-00450,"Data breach at Young, Collins and Matthews","Young, Collins and Matthews",vendor,Software,IE,Data breach,Compromised credentials,Unattributed,Financially motivated,True,99,2020-07-06,2020-07-14,2020-07-26,8,Third-party notification,230530,email|health|name|phone|ssn_or_ni_number,125169,undisclosed,0,22913916,no,high,True,synthetic (Faker),
SYN-00527,Business email compromise at Greenwood-Birch,Greenwood-Birch,private,Manufacturing,GB,Business email compromise,Phishing,Unattributed,Financially motivated,False,,2020-05-07,2020-07-16,2020-07-22,70,Security vendor / MDR,,not_applicable,,not_applicable,0,246615,no,medium,True,synthetic (Faker),
SYN-00479,Ransomware at Koch-Jimenez,Koch-Jimenez,private,Hospitality,IE,Ransomware,Phishing,QuietFathom,Ransomware crew,False,,2020-07-07,2020-07-17,2020-07-18,10,Internal detection,498361,email|phone,355618,no,5,26810336,yes,medium,True,synthetic (Faker),
SYN-00427,Unauthorised access at West Ireneport NHS Trust,West Ireneport NHS Trust,public,Education,GB,Unauthorised access,Compromised credentials,Unattributed,Financially motivated,False,,2020-06-24,2020-07-18,2020-07-18,24,Internal detection,118395,health|phone|postal_address|ssn_or_ni_number,,not_applicable,0,,yes,medium,True,synthetic (Faker),
SYN-00750,Data breach at Wheeler and Sons,Wheeler and Sons,vendor,Software,GB,Data breach,Misconfigured cloud storage,Unattributed,Unknown,True,446,2020-04-17,2020-07-21,2020-07-31,95,Public leak / dark web,654509,email|internal_email|postal_address|safeguarding_notes|ssn_or_ni_number,593327,undisclosed,2,92725761,yes,high,True,synthetic (Faker),
SYN-00697,"Unauthorised access at Macdonald, Hardy and Rogers","Macdonald, Hardy and Rogers",private,Financial services,US,Unauthorised access,Insecure API endpoint,AmberBastion,Nation state,False,,2020-07-17,2020-07-22,2020-08-10,5,Internal detection,113433,email|health|passport|phone|postal_address,,not_applicable,0,,yes,medium,True,synthetic (Faker),
SYN-00033,Data breach at Brown PLC,Brown PLC,private,Hospitality,US,Data breach,Misconfigured cloud storage,Unattributed,Ransomware crew,False,,2020-07-09,2020-07-28,2020-08-04,19,Internal detection,97808,bank_details|email|internal_email|name|passport|phone|postal_address,,not_applicable,1,5284045,unknown,medium,True,synthetic (Faker),
SYN-00359,Ransomware at Connolly LLC,Connolly LLC,private,Healthcare,GB,Ransomware,Help-desk social engineering,SlateWarden,Ransomware crew,False,,2020-07-26,2020-07-28,2020-08-05,2,Internal detection,407552,date_of_birth|health|passport,57253,no,5,15237922,yes,medium,True,synthetic (Faker),
SYN-00154,Data breach at Jackson-Lawson,Jackson-Lawson,private,Healthcare,SG,Data breach,Misconfigured cloud storage,Unattributed,Unknown,False,,2020-07-06,2020-07-31,2020-08-04,25,Security vendor / MDR,203,bank_details|email|health|name|phone|safeguarding_notes,,not_applicable,0,48555,yes,medium,True,synthetic (Faker),
<<<<<<< HEAD
SYN-01295,Supply chain compromise at Green Inc,Green Inc,private,Healthcare,FR,Supply chain compromise,Trojanised software update,TinCathedral,Nation state,True,103,2020-07-06,2020-08-03,2020-08-09,28,Internal detection,32485,credentials|email|health|name|phone,,not_applicable,2,3131423,yes,high,True,synthetic (Faker),
SYN-00085,Unauthorised access at Taylor and Sons,Taylor and Sons,vendor,Software,AU,Unauthorised access,MFA fatigue,RustVulture,Ransomware crew,False,,2020-06-27,2020-08-05,2020-08-10,39,Internal detection,15102,credentials|employment|name|phone,62944,no,0,1358707,unknown,medium,True,synthetic (Faker),
SYN-01312,"Ransomware at Gill, Jones and Anderson","Gill, Jones and Anderson",vendor,Nonprofit technology,GB,Ransomware,Compromised credentials,Unattributed,Ransomware crew,False,,2020-07-31,2020-08-06,2020-09-05,6,Routine audit,2921,donation_history|email|health|internal_email|name|phone|postal_address|ssn_or_ni_number,1207398,no,10,332050,yes,medium,True,synthetic (Faker),
SYN-00306,Unauthorised access at Wellbeing Support,Wellbeing Support,nonprofit,Charity/Nonprofit,NL,Unauthorised access,Help-desk social engineering,QuietFathom,Ransomware crew,False,,2020-06-18,2020-08-08,2020-08-16,51,Internal detection,36552,date_of_birth|donation_history|email|health|internal_email|postal_address|ssn_or_ni_number,,not_applicable,0,,yes,medium,True,synthetic (Faker),
SYN-01654,"Unauthorised access at Cole, Allen and Thompson","Cole, Allen and Thompson",private,Healthcare,FR,Unauthorised access,Insecure API endpoint,Unattributed,Insider,False,,2020-07-28,2020-08-10,2020-08-21,13,Internal detection,63832,date_of_birth|email|health|name|phone|postal_address|safeguarding_notes,,not_applicable,0,3058963,yes,medium,True,synthetic (Faker),
SYN-00324,Phishing campaign at Brady-Owen,Brady-Owen,private,Manufacturing,GB,Phishing campaign,Phishing,Unattributed,Ransomware crew,False,,2020-07-24,2020-08-14,2020-08-15,21,Internal detection,649,donation_history|email|name|passport|postal_address|safeguarding_notes|ssn_or_ni_number,245851,undisclosed,0,302981,no,medium,True,synthetic (Faker),
SYN-01134,"Destructive malware at Mercado, Jones and Jones","Mercado, Jones and Jones",private,Legal/Professional,GB,Destructive malware,Trojanised software update,Unattributed,Unknown,True,2,2020-08-14,2020-08-15,2020-08-19,1,Internal detection,,not_applicable,107574,undisclosed,36,1533934,no,high,True,synthetic (Faker),
SYN-01916,Business email compromise at Kindling Support,Kindling Support,nonprofit,Charity/Nonprofit,GB,Business email compromise,Phishing,CobaltFinch,Ransomware crew,False,,2020-07-16,2020-08-15,2020-08-23,30,Internal detection,204,bank_details|email|health|internal_email|phone|postal_address|ssn_or_ni_number,,not_applicable,0,110193,yes,medium,True,synthetic (Faker),
SYN-01903,Insider incident at Fowler-Haynes,Fowler-Haynes,vendor,Cloud/SaaS,CA,Insider incident,Negligent insider,Unattributed,Insider,True,1395,2020-08-03,2020-08-16,2020-09-05,13,Third-party notification,3866209,bank_details|credentials|email|internal_email|name|phone|postal_address,453635,no,0,,yes,high,True,synthetic (Faker),
SYN-01847,Business email compromise at Heritage Network,Heritage Network,nonprofit,Charity/Nonprofit,GB,Business email compromise,Phishing,Unattributed,Hacktivist,False,,2020-08-12,2020-08-17,2020-08-30,5,Internal detection,2504,credit_card|donation_history|email,,not_applicable,7,,yes,medium,True,synthetic (Faker),
SYN-00802,Ransomware at Adams-Clarke,Adams-Clarke,private,Healthcare,US,Ransomware,Help-desk social engineering,AmberBastion,Ransomware crew,False,,2020-08-17,2020-08-20,2020-08-25,3,Public leak / dark web,344122,bank_details|email|health|internal_email|name|ssn_or_ni_number,10067654,no,23,48993103,yes,high,True,synthetic (Faker),
SYN-00900,Ransomware at Rivers Network,Rivers Network,nonprofit,Charity/Nonprofit,AU,Ransomware,Exposed RDP/VPN,RustVulture,Ransomware crew,False,,2020-08-20,2020-08-21,2020-08-23,1,Routine audit,4224,credentials|credit_card|date_of_birth|donation_history|email|health|postal_address,10475701,no,16,,yes,medium,True,synthetic (Faker),
SYN-01198,Ransomware at Port Lorifort Council,Port Lorifort Council,public,Education,GB,Ransomware,Help-desk social engineering,QuietFathom,Ransomware crew,False,,2020-08-14,2020-08-21,2020-08-25,7,Third-party notification,57376,credentials|health|name|phone|postal_address,1507802,yes,17,6394459,yes,high,True,synthetic (Faker),
SYN-00389,Unauthorised access at Montoya PLC,Montoya PLC,private,Financial services,NL,Unauthorised access,Insecure API endpoint,GlassMantis,Ransomware crew,False,,2020-08-07,2020-08-22,2020-08-24,15,Internal detection,319035,credit_card|email|phone,,not_applicable,0,36933023,yes,medium,True,synthetic (Faker),
SYN-01497,Data breach at Douglasville Council,Douglasville Council,public,Local government,US,Data breach,Compromised credentials,Unattributed,Financially motivated,False,,2020-04-19,2020-08-25,2020-08-27,128,Law enforcement notification,9527,donation_history|phone|postal_address|safeguarding_notes,,not_applicable,0,1419306,yes,medium,True,synthetic (Faker),
SYN-00809,Data breach at Hayes Group,Hayes Group,vendor,Nonprofit technology,GB,Data breach,Compromised credentials,NorthQuarry,Ransomware crew,True,800,2020-06-27,2020-08-26,2020-08-27,60,Internal detection,13035140,donation_history|phone|safeguarding_notes,,not_applicable,0,2141719937,yes,high,True,synthetic (Faker),
SYN-01833,Ransomware at North Gregoryport Authority,North Gregoryport Authority,public,Local government,US,Ransomware,Compromised credentials,NineSpindle,Ransomware crew,False,,2020-08-22,2020-08-27,2020-08-31,5,Third-party notification,10407,email|name|passport|phone|postal_address,134366,undisclosed,5,729967,yes,medium,True,synthetic (Faker),
SYN-01030,Ransomware at James PLC,James PLC,private,Financial services,CA,Ransomware,Compromised credentials,PaleHydra,Ransomware crew,False,,2020-08-28,2020-08-29,2020-08-30,1,Law enforcement notification,284671,credit_card|email|name|passport|phone|postal_address|ssn_or_ni_number,66810,yes,19,26022360,yes,high,True,synthetic (Faker),
SYN-01940,Ransomware at Begum-Jones,Begum-Jones,private,Logistics,US,Ransomware,Compromised credentials,RustVulture,Ransomware crew,False,,2020-08-28,2020-08-30,2020-08-31,2,Law enforcement notification,26883,date_of_birth|donation_history|email|phone,97318,yes,23,6409540,unknown,medium,True,synthetic (Faker),
SYN-01882,Destructive malware at Walsh and Sons,Walsh and Sons,vendor,Software,US,Destructive malware,Phishing,Unattributed,Unknown,False,,2020-08-31,2020-08-31,2020-09-05,0,Internal detection,575,bank_details|credentials|health|name|phone|postal_address|ssn_or_ni_number,734527,no,32,588930,yes,high,True,synthetic (Faker),
SYN-00181,Data breach at Stevens Group,Stevens Group,private,Retail,DE,Data breach,Unpatched vulnerability,NineSpindle,Ransomware crew,False,,2020-02-28,2020-09-01,2020-09-02,186,Customer report,239718,email|ssn_or_ni_number,,not_applicable,3,41171653,yes,medium,True,synthetic (Faker),
SYN-00456,Destructive malware at May-Reynolds,May-Reynolds,private,Legal/Professional,GB,Destructive malware,Trojanised software update,Unattributed,Financially motivated,True,59,2020-08-29,2020-09-03,2020-09-08,5,Third-party notification,,not_applicable,1069418,undisclosed,3,510753,no,medium,True,synthetic (Faker),
SYN-01315,Ransomware at West Leahberg Authority,West Leahberg Authority,public,Local government,GB,Ransomware,Phishing,Unattributed,Ransomware crew,False,,2020-09-01,2020-09-04,2020-09-14,3,Customer report,53117,email|employment|health|phone|postal_address|safeguarding_notes,58012,yes,13,,yes,high,True,synthetic (Faker),
SYN-00146,Ransomware at Juarez-Gray,Juarez-Gray,private,Hospitality,CA,Ransomware,Third-party supplier access,SlateWarden,Ransomware crew,True,33,2020-09-09,2020-09-10,2020-09-16,1,Third-party notification,138136,employment|phone,33448725,no,11,,no,high,True,synthetic (Faker),
SYN-00516,Data breach at Bennett-Lynch,Bennett-Lynch,private,Retail,AU,Data breach,Third-party supplier access,IronMagpie,Ransomware crew,True,5,2020-07-05,2020-09-10,2020-09-16,67,Public leak / dark web,25535,bank_details|donation_history|health|postal_address,,not_applicable,0,4320467,yes,high,True,synthetic (Faker),
SYN-01699,Data breach at Leeville District Board,Leeville District Board,public,Local government,GB,Data breach,Phishing,Unattributed,Financially motivated,False,,2020-08-22,2020-09-10,2020-09-15,19,Internal detection,104986,name|phone|safeguarding_notes,,not_applicable,1,,yes,medium,True,synthetic (Faker),
SYN-01238,Supply chain compromise at Evans-Taylor,Evans-Taylor,private,Financial services,GB,Supply chain compromise,Trojanised software update,IronMagpie,Ransomware crew,True,2,2020-01-07,2020-09-12,2020-10-01,249,Internal detection,622401,email|name,,not_applicable,0,107557248,yes,medium,True,synthetic (Faker),
SYN-00336,"DDoS at Estrada, Williams and Foster","Estrada, Williams and Foster",private,Financial services,IE,DDoS,Volumetric flood,NorthQuarry,Ransomware crew,False,,2020-09-06,2020-09-13,2020-09-19,7,Law enforcement notification,,not_applicable,,not_applicable,3,656445,unknown,medium,True,synthetic (Faker),
SYN-01941,Ransomware at Mobility Foundation,Mobility Foundation,nonprofit,Charity/Nonprofit,GB,Ransomware,Exposed RDP/VPN,NorthQuarry,Ransomware crew,False,,2020-09-13,2020-09-13,2020-10-10,0,Internal detection,7238,credentials|donation_history|email|name|postal_address|ssn_or_ni_number,3440595,no,12,860869,yes,medium,True,synthetic (Faker),
=======
SYN-00085,Unauthorised access at Taylor and Sons,Taylor and Sons,vendor,Software,AU,Unauthorised access,MFA fatigue,RustVulture,Ransomware crew,False,,2020-06-27,2020-08-05,2020-08-10,39,Internal detection,15102,credentials|employment|name|phone,62944,no,0,1358707,unknown,medium,True,synthetic (Faker),
SYN-00306,Unauthorised access at Wellbeing Support,Wellbeing Support,nonprofit,Charity/Nonprofit,NL,Unauthorised access,Help-desk social engineering,QuietFathom,Ransomware crew,False,,2020-06-18,2020-08-08,2020-08-16,51,Internal detection,36552,date_of_birth|donation_history|email|health|internal_email|postal_address|ssn_or_ni_number,,not_applicable,0,,yes,medium,True,synthetic (Faker),
SYN-00324,Phishing campaign at Brady-Owen,Brady-Owen,private,Manufacturing,GB,Phishing campaign,Phishing,Unattributed,Ransomware crew,False,,2020-07-24,2020-08-14,2020-08-15,21,Internal detection,649,donation_history|email|name|passport|postal_address|safeguarding_notes|ssn_or_ni_number,245851,undisclosed,0,302981,no,medium,True,synthetic (Faker),
SYN-00802,Ransomware at Adams-Clarke,Adams-Clarke,private,Healthcare,US,Ransomware,Help-desk social engineering,AmberBastion,Ransomware crew,False,,2020-08-17,2020-08-20,2020-08-25,3,Public leak / dark web,344122,bank_details|email|health|internal_email|name|ssn_or_ni_number,10067654,no,23,48993103,yes,high,True,synthetic (Faker),
SYN-00900,Ransomware at Rivers Network,Rivers Network,nonprofit,Charity/Nonprofit,AU,Ransomware,Exposed RDP/VPN,RustVulture,Ransomware crew,False,,2020-08-20,2020-08-21,2020-08-23,1,Routine audit,4224,credentials|credit_card|date_of_birth|donation_history|email|health|postal_address,10475701,no,16,,yes,medium,True,synthetic (Faker),
SYN-00389,Unauthorised access at Montoya PLC,Montoya PLC,private,Financial services,NL,Unauthorised access,Insecure API endpoint,GlassMantis,Ransomware crew,False,,2020-08-07,2020-08-22,2020-08-24,15,Internal detection,319035,credit_card|email|phone,,not_applicable,0,36933023,yes,medium,True,synthetic (Faker),
SYN-00809,Data breach at Hayes Group,Hayes Group,vendor,Nonprofit technology,GB,Data breach,Compromised credentials,NorthQuarry,Ransomware crew,True,800,2020-06-27,2020-08-26,2020-08-27,60,Internal detection,13035140,donation_history|phone|safeguarding_notes,,not_applicable,0,2141719937,yes,high,True,synthetic (Faker),
SYN-00181,Data breach at Stevens Group,Stevens Group,private,Retail,DE,Data breach,Unpatched vulnerability,NineSpindle,Ransomware crew,False,,2020-02-28,2020-09-01,2020-09-02,186,Customer report,239718,email|ssn_or_ni_number,,not_applicable,3,41171653,yes,medium,True,synthetic (Faker),
SYN-00456,Destructive malware at May-Reynolds,May-Reynolds,private,Legal/Professional,GB,Destructive malware,Trojanised software update,Unattributed,Financially motivated,True,59,2020-08-29,2020-09-03,2020-09-08,5,Third-party notification,,not_applicable,1069418,undisclosed,3,510753,no,medium,True,synthetic (Faker),
SYN-00146,Ransomware at Juarez-Gray,Juarez-Gray,private,Hospitality,CA,Ransomware,Third-party supplier access,SlateWarden,Ransomware crew,True,33,2020-09-09,2020-09-10,2020-09-16,1,Third-party notification,138136,employment|phone,33448725,no,11,,no,high,True,synthetic (Faker),
SYN-00516,Data breach at Bennett-Lynch,Bennett-Lynch,private,Retail,AU,Data breach,Third-party supplier access,IronMagpie,Ransomware crew,True,5,2020-07-05,2020-09-10,2020-09-16,67,Public leak / dark web,25535,bank_details|donation_history|health|postal_address,,not_applicable,0,4320467,yes,high,True,synthetic (Faker),
SYN-00336,"DDoS at Estrada, Williams and Foster","Estrada, Williams and Foster",private,Financial services,IE,DDoS,Volumetric flood,NorthQuarry,Ransomware crew,False,,2020-09-06,2020-09-13,2020-09-19,7,Law enforcement notification,,not_applicable,,not_applicable,3,656445,unknown,medium,True,synthetic (Faker),
>>>>>>> 8a74902011229c25354fcb7e063b9152ef665657
SYN-00866,Ransomware at Wilkerson Group,Wilkerson Group,vendor,Nonprofit technology,GB,Ransomware,Unpatched vulnerability,GlassMantis,Ransomware crew,True,1740,2020-09-03,2020-09-14,2020-09-22,11,Internal detection,123298,credentials|phone,544878,no,3,6988035,yes,medium,True,synthetic (Faker),
SYN-00415,"Ransomware at Thompson, Maxwell and Marshall","Thompson, Maxwell and Marshall",private,Manufacturing,GB,Ransomware,Compromised credentials,Unattributed,Ransomware crew,False,,2020-09-14,2020-09-15,2020-10-02,1,Public leak / dark web,4545,bank_details|credentials|name|postal_address|safeguarding_notes|ssn_or_ni_number,646319,no,9,1005748,yes,medium,True,synthetic (Faker),
SYN-00715,Data breach at Rowe and Sons,Rowe and Sons,private,Financial services,IE,Data breach,Phishing,SlateWarden,Nation state,False,,2020-07-06,2020-09-15,2020-09-17,71,Routine audit,257764,health|phone|postal_address|safeguarding_notes,,not_applicable,0,45927030,yes,medium,True,synthetic (Faker),
SYN-00949,Unauthorised access at New Jeanshire Authority,New Jeanshire Authority,public,Education,US,Unauthorised access,Insecure API endpoint,Unattributed,Financially motivated,False,,2020-08-05,2020-09-15,2020-09-17,41,Third-party notification,524077,email|health|passport|phone,,not_applicable,10,25196474,yes,high,True,synthetic (Faker),
<<<<<<< HEAD
SYN-01585,Data breach at Kindling Appeal,Kindling Appeal,nonprofit,Charity/Nonprofit,FR,Data breach,Phishing,PaleHydra,Ransomware crew,False,,2020-04-24,2020-09-16,2020-09-27,145,Public leak / dark web,16836,name|passport|phone|safeguarding_notes,,not_applicable,0,1331018,yes,medium,True,synthetic (Faker),
SYN-01765,Insider incident at George LLC,George LLC,vendor,Software,IN,Insider incident,Malicious insider,Unattributed,Insider,True,455,2020-07-17,2020-09-16,2020-09-30,61,Security vendor / MDR,298169,bank_details|email|employment|name|passport|phone|postal_address,,not_applicable,0,11129841,yes,high,True,synthetic (Faker),
SYN-00027,"Data breach at Valencia, Smith and Le","Valencia, Smith and Le",private,Retail,IN,Data breach,Third-party supplier access,Unattributed,Financially motivated,True,844,2020-07-13,2020-09-21,2020-10-04,70,Public leak / dark web,21661519,credit_card|employment|postal_address|ssn_or_ni_number,,not_applicable,0,2112192677,yes,high,True,synthetic (Faker),
SYN-01121,Ransomware at Jones-Mills,Jones-Mills,private,Retail,GB,Ransomware,Phishing,IronMagpie,Ransomware crew,False,,2020-08-25,2020-09-22,2020-09-28,28,Law enforcement notification,554002,credit_card|date_of_birth|email|health|name|phone|safeguarding_notes,102726,no,12,23978731,yes,high,True,synthetic (Faker),
SYN-01635,Supply chain compromise at Sims and Sons,Sims and Sons,private,Logistics,GB,Supply chain compromise,Third-party supplier access,Unattributed,Ransomware crew,True,102,2020-05-22,2020-09-22,2020-09-30,123,Public leak / dark web,63992,email|internal_email,,not_applicable,0,4806481,no,medium,True,synthetic (Faker),
SYN-00373,Data breach at Larson Inc,Larson Inc,private,Manufacturing,GB,Data breach,Unpatched vulnerability,Unattributed,Unknown,False,,2020-08-29,2020-09-26,2020-10-19,28,Law enforcement notification,2728,bank_details|email|health|name|phone|postal_address|ssn_or_ni_number,,not_applicable,0,436867,yes,medium,True,synthetic (Faker),
SYN-01419,"Ransomware at Richards, Butler and Blackburn","Richards, Butler and Blackburn",private,Legal/Professional,GB,Ransomware,Compromised credentials,DimStag,Ransomware crew,False,,2020-09-26,2020-09-27,2020-10-02,1,Third-party notification,2396,email|passport|postal_address,346107,no,10,1151503,yes,medium,True,synthetic (Faker),
SYN-00088,Data breach at Carr-Taylor,Carr-Taylor,vendor,Software,GB,Data breach,Misconfigured cloud storage,Unattributed,Financially motivated,False,,2020-09-17,2020-10-01,2020-10-07,14,Internal detection,237688,health|internal_email|phone|postal_address|ssn_or_ni_number,,not_applicable,0,,unknown,medium,True,synthetic (Faker),
SYN-00960,Ransomware at Ward PLC,Ward PLC,private,Retail,CA,Ransomware,Compromised credentials,CobaltFinch,Ransomware crew,False,,2020-10-04,2020-10-04,2020-10-10,0,Internal detection,779444,credit_card|email|employment|name|phone|safeguarding_notes,3054845,no,10,66759788,yes,high,True,synthetic (Faker),
SYN-01261,"Data breach at Matthews, Sheppard and Gutierrez","Matthews, Sheppard and Gutierrez",private,Logistics,US,Data breach,Unpatched vulnerability,TinCathedral,Nation state,False,,2020-06-03,2020-10-05,2020-10-08,124,Customer report,1088,bank_details|email|health|name|phone,,not_applicable,0,,yes,medium,True,synthetic (Faker),
=======
SYN-00027,"Data breach at Valencia, Smith and Le","Valencia, Smith and Le",private,Retail,IN,Data breach,Third-party supplier access,Unattributed,Financially motivated,True,844,2020-07-13,2020-09-21,2020-10-04,70,Public leak / dark web,21661519,credit_card|employment|postal_address|ssn_or_ni_number,,not_applicable,0,2112192677,yes,high,True,synthetic (Faker),
SYN-00373,Data breach at Larson Inc,Larson Inc,private,Manufacturing,GB,Data breach,Unpatched vulnerability,Unattributed,Unknown,False,,2020-08-29,2020-09-26,2020-10-19,28,Law enforcement notification,2728,bank_details|email|health|name|phone|postal_address|ssn_or_ni_number,,not_applicable,0,436867,yes,medium,True,synthetic (Faker),
SYN-00088,Data breach at Carr-Taylor,Carr-Taylor,vendor,Software,GB,Data breach,Misconfigured cloud storage,Unattributed,Financially motivated,False,,2020-09-17,2020-10-01,2020-10-07,14,Internal detection,237688,health|internal_email|phone|postal_address|ssn_or_ni_number,,not_applicable,0,,unknown,medium,True,synthetic (Faker),
SYN-00960,Ransomware at Ward PLC,Ward PLC,private,Retail,CA,Ransomware,Compromised credentials,CobaltFinch,Ransomware crew,False,,2020-10-04,2020-10-04,2020-10-10,0,Internal detection,779444,credit_card|email|employment|name|phone|safeguarding_notes,3054845,no,10,66759788,yes,high,True,synthetic (Faker),
>>>>>>> 8a74902011229c25354fcb7e063b9152ef665657
SYN-00100,Ransomware at Sutton-Bates,Sutton-Bates,private,Financial services,US,Ransomware,Help-desk social engineering,Unattributed,Ransomware crew,False,,2020-10-05,2020-10-06,2020-10-26,1,Security vendor / MDR,455964,credit_card|email|employment|name|phone|postal_address,368320,no,5,15620318,yes,medium,True,synthetic (Faker),
SYN-00888,Phishing campaign at Woodmouth Council,Woodmouth Council,public,Education,US,Phishing campaign,Phishing,Unattributed,Financially motivated,False,,2020-09-16,2020-10-07,2020-10-12,21,Internal detection,61270,email|postal_address,,not_applicable,6,7980117,yes,medium,True,synthetic (Faker),
SYN-00424,Data breach at Marshall-Owen,Marshall-Owen,private,Healthcare,FR,Data breach,Insecure API endpoint,Unattributed,Unknown,False,,2020-06-04,2020-10-08,2020-10-21,126,Internal detection,177535,date_of_birth|health|internal_email|name|postal_address|safeguarding_notes,,not_applicable,0,,yes,medium,True,synthetic (Faker),
SYN-00270,Data breach at Rivers Foundation,Rivers Foundation,nonprofit,Charity/Nonprofit,US,Data breach,Credential stuffing,Unattributed,Financially motivated,False,,2020-08-31,2020-10-10,2020-10-15,40,Security vendor / MDR,99472,bank_details|phone|ssn_or_ni_number,,not_applicable,13,,yes,high,True,synthetic (Faker),
<<<<<<< HEAD
SYN-01226,"Ransomware at Smith, Vincent and Rubio","Smith, Vincent and Rubio",private,Healthcare,GB,Ransomware,Phishing,Unattributed,Ransomware crew,False,,2020-10-05,2020-10-10,2020-10-16,5,Internal detection,35147,bank_details|credentials|email|health|name|safeguarding_notes|ssn_or_ni_number,1756055,no,2,4811356,yes,medium,True,synthetic (Faker),
SYN-00378,Data breach at Youth Aid,Youth Aid,nonprofit,Charity/Nonprofit,US,Data breach,Unpatched vulnerability,Unattributed,Financially motivated,False,,2020-09-25,2020-10-12,2020-10-16,17,Third-party notification,665505,date_of_birth|email|internal_email,,not_applicable,4,50924014,yes,medium,True,synthetic (Faker),
SYN-00227,Ransomware at Holland and Sons,Holland and Sons,vendor,Cloud/SaaS,CA,Ransomware,Compromised credentials,Unattributed,Ransomware crew,False,,2020-10-05,2020-10-15,2020-10-28,10,Third-party notification,688610,employment|health|name|phone,170282,yes,7,23723335,no,high,True,synthetic (Faker),
SYN-01222,Data breach at Martin-Howell,Martin-Howell,private,Healthcare,GB,Data breach,Unpatched vulnerability,Unattributed,Unknown,False,,2020-08-10,2020-10-15,2020-10-25,66,Third-party notification,449340,bank_details|email|employment|health|internal_email|name|passport|postal_address,,not_applicable,6,52513892,yes,high,True,synthetic (Faker),
SYN-01189,"Unauthorised access at Bowers, Olson and Wood","Bowers, Olson and Wood",private,Retail,IE,Unauthorised access,Help-desk social engineering,Unattributed,Ransomware crew,False,,2020-07-03,2020-10-16,2020-10-24,105,Internal detection,1184167,phone|postal_address|safeguarding_notes,,not_applicable,0,167570556,yes,high,True,synthetic (Faker),
SYN-01439,Ransomware at Hayes-White,Hayes-White,private,Logistics,GB,Ransomware,Exposed RDP/VPN,IronMagpie,Ransomware crew,False,,2020-10-15,2020-10-17,2020-10-22,2,Internal detection,404,date_of_birth|email|phone|postal_address,11339990,undisclosed,9,660927,unknown,medium,True,synthetic (Faker),
SYN-01936,Supply chain compromise at Smith and Sons,Smith and Sons,private,Healthcare,GB,Supply chain compromise,Trojanised software update,Unattributed,Insider,True,43,2020-08-11,2020-10-17,2020-10-27,67,Third-party notification,5996977,donation_history|health|phone,45152,no,2,181294611,yes,high,True,synthetic (Faker),
SYN-00325,"Data breach at Perez, Patterson and Hoffman","Perez, Patterson and Hoffman",private,Hospitality,US,Data breach,Unpatched vulnerability,VelvetSiphon,Ransomware crew,False,,2020-10-13,2020-10-18,2020-10-24,5,Law enforcement notification,33463,credentials|credit_card|donation_history|name|passport|phone|safeguarding_notes,530520,undisclosed,0,5514361,unknown,medium,True,synthetic (Faker),
SYN-01308,Data breach at Boyer and Sons,Boyer and Sons,vendor,Cloud/SaaS,US,Data breach,Compromised credentials,Unattributed,Financially motivated,True,7090,2020-09-21,2020-10-20,2020-10-21,29,Internal detection,475701,date_of_birth|email|name|postal_address,,not_applicable,0,70874282,yes,medium,True,synthetic (Faker),
SYN-01712,Business email compromise at Rodriguez LLC,Rodriguez LLC,private,Retail,AU,Business email compromise,Phishing,Unattributed,Insider,False,,2020-09-14,2020-10-22,2020-10-30,38,Third-party notification,6080,donation_history|name|phone|postal_address|safeguarding_notes,,not_applicable,0,,yes,medium,True,synthetic (Faker),
SYN-01943,Data breach at Lambert-Anderson,Lambert-Anderson,private,Logistics,IN,Data breach,Phishing,GlassMantis,Nation state,False,,2020-09-18,2020-10-22,2020-10-23,34,Internal detection,726,bank_details|email|employment,,not_applicable,0,302929,yes,medium,True,synthetic (Faker),
SYN-01748,Ransomware at Wellbeing Support,Wellbeing Support,nonprofit,Charity/Nonprofit,US,Ransomware,Unpatched vulnerability,Unattributed,Ransomware crew,False,,2020-10-24,2020-10-24,2020-11-02,0,Customer report,6938,donation_history|email|employment|name|phone|postal_address,1716911,no,7,,yes,medium,True,synthetic (Faker),
SYN-01244,Insider incident at Gonzalez-Marsh,Gonzalez-Marsh,vendor,Cloud/SaaS,DE,Insider incident,Malicious insider,Unattributed,Insider,False,,2020-09-19,2020-10-25,2020-10-30,36,Law enforcement notification,189939,date_of_birth|email|passport|phone|postal_address,,not_applicable,0,16804547,yes,medium,True,synthetic (Faker),
SYN-01474,Ransomware at Morton-Stephenson,Morton-Stephenson,private,Manufacturing,DE,Ransomware,Phishing,AmberBastion,Ransomware crew,False,,2020-10-27,2020-10-27,2020-11-02,0,Law enforcement notification,2665,email|health|name|phone|postal_address|safeguarding_notes,219615,no,2,,yes,medium,True,synthetic (Faker),
SYN-00540,"Ransomware at Iqbal, Parkes and Stevenson","Iqbal, Parkes and Stevenson",private,Healthcare,GB,Ransomware,Exposed RDP/VPN,NorthQuarry,Ransomware crew,False,,2020-11-05,2020-11-05,2020-11-06,0,Customer report,14914,bank_details|credit_card|health|passport|phone|postal_address,192804,no,6,2395918,yes,high,True,synthetic (Faker),
SYN-01362,Unauthorised access at Butler-Parrish,Butler-Parrish,vendor,Nonprofit technology,FR,Unauthorised access,Compromised credentials,Unattributed,Financially motivated,True,148,2020-11-05,2020-11-07,2020-11-30,2,Security vendor / MDR,1962130,bank_details|credentials|credit_card|donation_history|email|internal_email|name|phone,,not_applicable,0,52264509,yes,high,True,synthetic (Faker),
SYN-01972,Business email compromise at South Jonathanbury Authority,South Jonathanbury Authority,public,Local government,GB,Business email compromise,Compromised credentials,Unattributed,Hacktivist,False,,2020-10-12,2020-11-07,2020-11-09,26,Internal detection,,not_applicable,,not_applicable,0,,no,low,True,synthetic (Faker),
SYN-00412,Business email compromise at King-Smith,King-Smith,vendor,Nonprofit technology,US,Business email compromise,Phishing,Unattributed,Insider,False,,2020-10-18,2020-11-08,2020-11-18,21,Internal detection,,not_applicable,,not_applicable,0,151675,no,low,True,synthetic (Faker),
SYN-01551,Ransomware at Turner-Davies,Turner-Davies,private,Healthcare,US,Ransomware,Unpatched vulnerability,Unattributed,Ransomware crew,False,,2020-11-06,2020-11-08,2020-11-15,2,Internal detection,27442,health|name|passport|phone,3202579,undisclosed,7,5272942,yes,high,True,synthetic (Faker),
SYN-01988,Phishing campaign at Cox Group,Cox Group,private,Financial services,FR,Phishing campaign,Phishing,PaleHydra,Ransomware crew,False,,2020-11-04,2020-11-08,2020-11-14,4,Third-party notification,82496,credentials|email|internal_email|name|phone|postal_address|safeguarding_notes,,not_applicable,1,6531406,yes,medium,True,synthetic (Faker),
SYN-00402,"Data breach at Singh, Jenkins and Davison","Singh, Jenkins and Davison",private,Manufacturing,GB,Data breach,Unpatched vulnerability,Unattributed,Nation state,False,,2020-08-13,2020-11-10,2020-11-25,89,Internal detection,4469,credit_card|postal_address,,not_applicable,0,,no,low,True,synthetic (Faker),
SYN-01812,Data breach at Smith Ltd,Smith Ltd,vendor,Nonprofit technology,US,Data breach,Compromised credentials,Unattributed,Financially motivated,True,752,2020-06-21,2020-11-13,2020-11-15,145,Internal detection,24396345,bank_details|employment|name|phone|postal_address,,not_applicable,6,2431732870,yes,critical,True,synthetic (Faker),
=======
SYN-00378,Data breach at Youth Aid,Youth Aid,nonprofit,Charity/Nonprofit,US,Data breach,Unpatched vulnerability,Unattributed,Financially motivated,False,,2020-09-25,2020-10-12,2020-10-16,17,Third-party notification,665505,date_of_birth|email|internal_email,,not_applicable,4,50924014,yes,medium,True,synthetic (Faker),
SYN-00227,Ransomware at Holland and Sons,Holland and Sons,vendor,Cloud/SaaS,CA,Ransomware,Compromised credentials,Unattributed,Ransomware crew,False,,2020-10-05,2020-10-15,2020-10-28,10,Third-party notification,688610,employment|health|name|phone,170282,yes,7,23723335,no,high,True,synthetic (Faker),
SYN-00325,"Data breach at Perez, Patterson and Hoffman","Perez, Patterson and Hoffman",private,Hospitality,US,Data breach,Unpatched vulnerability,VelvetSiphon,Ransomware crew,False,,2020-10-13,2020-10-18,2020-10-24,5,Law enforcement notification,33463,credentials|credit_card|donation_history|name|passport|phone|safeguarding_notes,530520,undisclosed,0,5514361,unknown,medium,True,synthetic (Faker),
SYN-00540,"Ransomware at Iqbal, Parkes and Stevenson","Iqbal, Parkes and Stevenson",private,Healthcare,GB,Ransomware,Exposed RDP/VPN,NorthQuarry,Ransomware crew,False,,2020-11-05,2020-11-05,2020-11-06,0,Customer report,14914,bank_details|credit_card|health|passport|phone|postal_address,192804,no,6,2395918,yes,high,True,synthetic (Faker),
SYN-00412,Business email compromise at King-Smith,King-Smith,vendor,Nonprofit technology,US,Business email compromise,Phishing,Unattributed,Insider,False,,2020-10-18,2020-11-08,2020-11-18,21,Internal detection,,not_applicable,,not_applicable,0,151675,no,low,True,synthetic (Faker),
SYN-00402,"Data breach at Singh, Jenkins and Davison","Singh, Jenkins and Davison",private,Manufacturing,GB,Data breach,Unpatched vulnerability,Unattributed,Nation state,False,,2020-08-13,2020-11-10,2020-11-25,89,Internal detection,4469,credit_card|postal_address,,not_applicable,0,,no,low,True,synthetic (Faker),
>>>>>>> 8a74902011229c25354fcb7e063b9152ef665657
SYN-00726,"Data breach at Brady, Neal and Wiley","Brady, Neal and Wiley",vendor,Cloud/SaaS,GB,Data breach,Credential stuffing,Unattributed,Unknown,True,701,2020-11-01,2020-11-14,2021-01-01,13,Security vendor / MDR,15302203,donation_history|email|employment|internal_email|phone|safeguarding_notes,,not_applicable,0,2086638938,yes,high,True,synthetic (Faker),
SYN-00089,Ransomware at Warren Group,Warren Group,vendor,Nonprofit technology,US,Ransomware,Phishing,VelvetSiphon,Ransomware crew,False,,2020-11-14,2020-11-15,2020-11-18,1,Law enforcement notification,20673,credit_card|donation_history|email|name|passport|phone|postal_address,434205,undisclosed,48,6868238,yes,high,True,synthetic (Faker),
SYN-00068,Insider incident at Stewartland Authority,Stewartland Authority,public,Education,CA,Insider incident,Malicious insider,Unattributed,Insider,False,,2020-04-25,2020-11-16,2020-11-26,205,Internal detection,28194,email|name|phone|postal_address,,not_applicable,0,4515955,yes,medium,True,synthetic (Faker),
SYN-00956,Supply chain compromise at French-Rivera,French-Rivera,private,Manufacturing,GB,Supply chain compromise,Third-party supplier access,Unattributed,Financially motivated,True,10,2020-10-26,2020-11-16,2020-11-22,21,Customer report,2541575,name|postal_address,,not_applicable,0,340680572,unknown,high,True,synthetic (Faker),
<<<<<<< HEAD
SYN-01939,"Insider incident at Harper, Jones and Hawkins","Harper, Jones and Hawkins",vendor,Software,GB,Insider incident,Negligent insider,Unattributed,Insider,True,78,2020-07-18,2020-11-16,2020-11-21,121,Third-party notification,202312,email|name,,not_applicable,1,8590655,unknown,medium,True,synthetic (Faker),
SYN-01726,Ransomware at Montgomery and Sons,Montgomery and Sons,private,Manufacturing,IE,Ransomware,Unpatched vulnerability,AmberBastion,Ransomware crew,False,,2020-11-14,2020-11-18,2020-11-19,4,Customer report,6877,credit_card|health|name|phone|postal_address,297432,yes,8,,yes,medium,True,synthetic (Faker),
SYN-00083,Ransomware at Kelly-Smith,Kelly-Smith,vendor,Nonprofit technology,DE,Ransomware,Compromised credentials,NineSpindle,Ransomware crew,False,,2020-11-20,2020-11-21,2020-11-24,1,Law enforcement notification,7121462,bank_details|donation_history|email|employment|health|name|phone|ssn_or_ni_number,13515,no,9,,yes,high,True,synthetic (Faker),
SYN-01465,Unauthorised access at Harvest Fund,Harvest Fund,nonprofit,Charity/Nonprofit,CA,Unauthorised access,Help-desk social engineering,Unattributed,Insider,False,,2020-10-24,2020-11-21,2020-11-27,28,Law enforcement notification,3980,bank_details|donation_history|internal_email|name|postal_address,,not_applicable,13,917583,yes,medium,True,synthetic (Faker),
SYN-01774,Business email compromise at Guyport District Board,Guyport District Board,public,Education,US,Business email compromise,Phishing,HollowLantern,Ransomware crew,False,,2020-09-20,2020-11-23,2020-11-27,64,Law enforcement notification,,not_applicable,,not_applicable,0,,no,medium,True,synthetic (Faker),
SYN-01455,Business email compromise at Young LLC,Young LLC,vendor,Software,SG,Business email compromise,Phishing,Unattributed,Financially motivated,False,,2020-11-25,2020-11-28,2020-11-30,3,Third-party notification,134915,credit_card|date_of_birth|postal_address,,not_applicable,1,9275617,unknown,medium,True,synthetic (Faker),
SYN-01740,Phishing campaign at Jennings-Richards,Jennings-Richards,private,Retail,US,Phishing campaign,Phishing,Unattributed,Ransomware crew,False,,2020-11-18,2020-11-28,2020-11-30,10,Internal detection,670647,postal_address|ssn_or_ni_number,,not_applicable,0,79892080,yes,medium,True,synthetic (Faker),
SYN-00301,Phishing campaign at Lantern Care,Lantern Care,nonprofit,Charity/Nonprofit,GB,Phishing campaign,Phishing,Unattributed,Unknown,False,,2020-11-04,2020-11-29,2020-11-30,25,Law enforcement notification,11146,bank_details|credentials|date_of_birth|donation_history|name|phone,,not_applicable,1,,yes,medium,True,synthetic (Faker),
SYN-00762,Business email compromise at Smith Inc,Smith Inc,vendor,Software,GB,Business email compromise,MFA fatigue,NineSpindle,Ransomware crew,False,,2020-10-16,2020-11-29,2020-12-04,44,Law enforcement notification,,not_applicable,,not_applicable,4,558762,no,low,True,synthetic (Faker),
SYN-01007,"Unauthorised access at Davis, Briggs and White","Davis, Briggs and White",private,Manufacturing,US,Unauthorised access,Exposed RDP/VPN,SlateWarden,Ransomware crew,False,,2019-04-29,2020-11-29,2020-12-04,580,Third-party notification,439,bank_details|email|employment|name|passport|phone|postal_address,,not_applicable,2,571635,yes,medium,True,synthetic (Faker),
SYN-01366,"Data breach at Cunningham, Murphy and Wolfe","Cunningham, Murphy and Wolfe",vendor,Software,IE,Data breach,Misconfigured cloud storage,SlateWarden,Ransomware crew,False,,2020-10-30,2020-11-29,2020-12-01,30,Third-party notification,973458,credentials|donation_history|email|internal_email|name|postal_address,589968,undisclosed,0,167446994,yes,medium,True,synthetic (Faker),
SYN-00188,Ransomware at Salas PLC,Salas PLC,private,Healthcare,US,Ransomware,Compromised credentials,Unattributed,Ransomware crew,False,,2020-11-27,2020-11-30,2020-12-02,3,Internal detection,2106,email|employment|health|postal_address,1507639,yes,6,,yes,medium,True,synthetic (Faker),
SYN-01511,"Phishing campaign at Sanchez, Jones and Austin","Sanchez, Jones and Austin",private,Retail,US,Phishing campaign,Phishing,NineSpindle,Ransomware crew,False,,2020-11-09,2020-11-30,2020-12-09,21,Law enforcement notification,5206185,donation_history|phone,,not_applicable,6,,yes,high,True,synthetic (Faker),
SYN-00374,"Destructive malware at Bennett, Conner and Li","Bennett, Conner and Li",vendor,Software,DE,Destructive malware,Trojanised software update,Unattributed,Financially motivated,True,65,2020-11-28,2020-12-01,2020-12-07,3,Customer report,298,email|internal_email|name|phone|safeguarding_notes,55531,no,2,322080,unknown,medium,True,synthetic (Faker),
SYN-00660,Data breach at Dannyborough Authority,Dannyborough Authority,public,Energy/Utilities,SG,Data breach,Compromised credentials,Unattributed,Ransomware crew,False,,2020-10-16,2020-12-01,2020-12-06,46,Third-party notification,2370,email|health|name|passport|phone|postal_address,,not_applicable,8,,yes,medium,True,synthetic (Faker),
SYN-01706,Data breach at Brown-Watson,Brown-Watson,private,Healthcare,GB,Data breach,Compromised credentials,Unattributed,Financially motivated,False,,2020-11-13,2020-12-01,2020-12-04,18,Third-party notification,1324,credit_card|employment|health|phone|postal_address,,not_applicable,0,530719,yes,medium,True,synthetic (Faker),
SYN-00719,"Ransomware at Campbell, Ryan and Morris","Campbell, Ryan and Morris",private,Manufacturing,US,Ransomware,Unpatched vulnerability,GlassMantis,Ransomware crew,False,,2020-12-02,2020-12-02,2020-12-08,0,Internal detection,853,donation_history|email|phone|postal_address|ssn_or_ni_number,257304,no,10,823737,yes,medium,True,synthetic (Faker),
SYN-01165,Business email compromise at Thompson and Sons,Thompson and Sons,private,Healthcare,FR,Business email compromise,Phishing,Unattributed,Ransomware crew,False,,2020-11-22,2020-12-02,2020-12-05,10,Security vendor / MDR,,not_applicable,,not_applicable,3,207465,no,medium,True,synthetic (Faker),
SYN-01631,Data breach at Ferguson-Flowers,Ferguson-Flowers,private,Logistics,US,Data breach,Insecure API endpoint,Unattributed,Unknown,False,,2020-07-08,2020-12-03,2020-12-05,148,Customer report,13872,date_of_birth|email|name|passport|postal_address|safeguarding_notes,,not_applicable,0,,yes,medium,True,synthetic (Faker),
SYN-01190,Supply chain compromise at Hinton-Lane,Hinton-Lane,private,Legal/Professional,US,Supply chain compromise,Trojanised software update,QuietFathom,Ransomware crew,True,89,2020-05-21,2020-12-04,2020-12-13,197,Third-party notification,7238287,health|name|passport|phone|postal_address|ssn_or_ni_number,382198,no,0,783363046,yes,high,True,synthetic (Faker),
SYN-01918,"Business email compromise at Edwards, Read and Brooks","Edwards, Read and Brooks",private,Manufacturing,GB,Business email compromise,Phishing,RustVulture,Nation state,False,,2020-08-21,2020-12-05,2020-12-06,106,Third-party notification,,not_applicable,,not_applicable,0,323463,no,low,True,synthetic (Faker),
SYN-00356,"Ransomware at Stewart, Gonzales and Harrison","Stewart, Gonzales and Harrison",private,Retail,US,Ransomware,Exposed RDP/VPN,QuietFathom,Ransomware crew,False,,2020-11-24,2020-12-07,2020-12-31,13,Security vendor / MDR,1599702,bank_details|credit_card|email|employment|name|phone|postal_address,148676,no,1,246578111,yes,high,True,synthetic (Faker),
SYN-00401,Data breach at Brown and Sons,Brown and Sons,private,Retail,US,Data breach,Misconfigured cloud storage,Unattributed,Hacktivist,False,,2020-12-02,2020-12-07,2021-02-01,5,Third-party notification,1326066,bank_details|credit_card|name|passport|postal_address,,not_applicable,5,,yes,high,True,synthetic (Faker),
REAL-0010,SolarWinds Orion supply-chain compromise,SolarWinds,vendor,Software,US,Supply chain compromise,Trojanised software update,APT29 (Cozy Bear/Nobelium),Nation state,True,18000,2019-09-04,2020-12-08,2020-12-13,461,Third-party notification,,internal_email|source_code|government_systems,,not_applicable,0,40000000,yes,critical,False,CISA ED 21-01; SolarWinds SEC filings,~14 months dwell time before FireEye discovery.
SYN-01809,Ransomware at Stephenport District Board,Stephenport District Board,public,Local government,US,Ransomware,Third-party supplier access,Unattributed,Ransomware crew,True,48,2020-12-09,2020-12-10,2021-01-07,1,Internal detection,70858,date_of_birth|phone|ssn_or_ni_number,108585,no,5,2944306,yes,high,True,synthetic (Faker),
=======
SYN-00083,Ransomware at Kelly-Smith,Kelly-Smith,vendor,Nonprofit technology,DE,Ransomware,Compromised credentials,NineSpindle,Ransomware crew,False,,2020-11-20,2020-11-21,2020-11-24,1,Law enforcement notification,7121462,bank_details|donation_history|email|employment|health|name|phone|ssn_or_ni_number,13515,no,9,,yes,high,True,synthetic (Faker),
SYN-00301,Phishing campaign at Lantern Care,Lantern Care,nonprofit,Charity/Nonprofit,GB,Phishing campaign,Phishing,Unattributed,Unknown,False,,2020-11-04,2020-11-29,2020-11-30,25,Law enforcement notification,11146,bank_details|credentials|date_of_birth|donation_history|name|phone,,not_applicable,1,,yes,medium,True,synthetic (Faker),
SYN-00762,Business email compromise at Smith Inc,Smith Inc,vendor,Software,GB,Business email compromise,MFA fatigue,NineSpindle,Ransomware crew,False,,2020-10-16,2020-11-29,2020-12-04,44,Law enforcement notification,,not_applicable,,not_applicable,4,558762,no,low,True,synthetic (Faker),
SYN-00188,Ransomware at Salas PLC,Salas PLC,private,Healthcare,US,Ransomware,Compromised credentials,Unattributed,Ransomware crew,False,,2020-11-27,2020-11-30,2020-12-02,3,Internal detection,2106,email|employment|health|postal_address,1507639,yes,6,,yes,medium,True,synthetic (Faker),
SYN-00374,"Destructive malware at Bennett, Conner and Li","Bennett, Conner and Li",vendor,Software,DE,Destructive malware,Trojanised software update,Unattributed,Financially motivated,True,65,2020-11-28,2020-12-01,2020-12-07,3,Customer report,298,email|internal_email|name|phone|safeguarding_notes,55531,no,2,322080,unknown,medium,True,synthetic (Faker),
SYN-00660,Data breach at Dannyborough Authority,Dannyborough Authority,public,Energy/Utilities,SG,Data breach,Compromised credentials,Unattributed,Ransomware crew,False,,2020-10-16,2020-12-01,2020-12-06,46,Third-party notification,2370,email|health|name|passport|phone|postal_address,,not_applicable,8,,yes,medium,True,synthetic (Faker),
SYN-00719,"Ransomware at Campbell, Ryan and Morris","Campbell, Ryan and Morris",private,Manufacturing,US,Ransomware,Unpatched vulnerability,GlassMantis,Ransomware crew,False,,2020-12-02,2020-12-02,2020-12-08,0,Internal detection,853,donation_history|email|phone|postal_address|ssn_or_ni_number,257304,no,10,823737,yes,medium,True,synthetic (Faker),
SYN-00356,"Ransomware at Stewart, Gonzales and Harrison","Stewart, Gonzales and Harrison",private,Retail,US,Ransomware,Exposed RDP/VPN,QuietFathom,Ransomware crew,False,,2020-11-24,2020-12-07,2020-12-31,13,Security vendor / MDR,1599702,bank_details|credit_card|email|employment|name|phone|postal_address,148676,no,1,246578111,yes,high,True,synthetic (Faker),
SYN-00401,Data breach at Brown and Sons,Brown and Sons,private,Retail,US,Data breach,Misconfigured cloud storage,Unattributed,Hacktivist,False,,2020-12-02,2020-12-07,2021-02-01,5,Third-party notification,1326066,bank_details|credit_card|name|passport|postal_address,,not_applicable,5,,yes,high,True,synthetic (Faker),
REAL-0010,SolarWinds Orion supply-chain compromise,SolarWinds,vendor,Software,US,Supply chain compromise,Trojanised software update,APT29 (Cozy Bear/Nobelium),Nation state,True,18000,2019-09-04,2020-12-08,2020-12-13,461,Third-party notification,,internal_email|source_code|government_systems,,not_applicable,0,40000000,yes,critical,False,CISA ED 21-01; SolarWinds SEC filings,~14 months dwell time before FireEye discovery.
>>>>>>> 8a74902011229c25354fcb7e063b9152ef665657
SYN-00096,Ransomware at Darlenefurt District Board,Darlenefurt District Board,public,Energy/Utilities,GB,Ransomware,Third-party supplier access,Unattributed,Ransomware crew,True,61,2020-12-12,2020-12-12,2021-01-09,0,Public leak / dark web,12186,bank_details|phone,6098878,undisclosed,13,,yes,high,True,synthetic (Faker),
SYN-00265,"Data breach at Campos, Saunders and Becker","Campos, Saunders and Becker",vendor,Cloud/SaaS,AU,Data breach,Unpatched vulnerability,Unattributed,Financially motivated,False,,2020-11-19,2020-12-14,2020-12-17,25,Internal detection,5478038,credit_card|phone,,not_applicable,1,,yes,medium,True,synthetic (Faker),
SYN-00114,"Supply chain compromise at Jackson, Miller and Robertson","Jackson, Miller and Robertson",private,Financial services,IE,Supply chain compromise,Third-party supplier access,Unattributed,Financially motivated,True,2,2020-11-14,2020-12-17,2020-12-29,33,Internal detection,9555696,date_of_birth|donation_history|passport,,not_applicable,8,,yes,high,True,synthetic (Faker),
SYN-00907,Data breach at Moore Inc,Moore Inc,vendor,Nonprofit technology,CA,Data breach,Phishing,IronMagpie,Ransomware crew,True,736,2020-10-13,2020-12-17,2021-01-20,65,Security vendor / MDR,4237654,credentials|credit_card|email|name|phone|postal_address|safeguarding_notes,166019,undisclosed,1,690467447,yes,high,True,synthetic (Faker),
SYN-00901,Data breach at Osborn Ltd,Osborn Ltd,private,Hospitality,IN,Data breach,Compromised credentials,Unattributed,Financially motivated,False,,2020-08-30,2020-12-21,2021-01-23,113,Law enforcement notification,16156,name|phone,,not_applicable,1,2593257,yes,medium,True,synthetic (Faker),
SYN-00765,Data breach at Millerside Council,Millerside Council,public,Local government,GB,Data breach,Unpatched vulnerability,Unattributed,Ransomware crew,False,,2020-11-12,2020-12-22,2020-12-31,40,Internal detection,21386,email|passport|safeguarding_notes|ssn_or_ni_number,,not_applicable,0,3929399,yes,medium,True,synthetic (Faker),
SYN-00933,Ransomware at Palmertown NHS Trust,Palmertown NHS Trust,public,Energy/Utilities,US,Ransomware,Compromised credentials,Unattributed,Ransomware crew,False,,2020-12-22,2020-12-22,2020-12-30,0,Third-party notification,135,donation_history|email|name|postal_address|safeguarding_notes,1760847,yes,40,3358703,yes,high,True,synthetic (Faker),
SYN-00934,Data breach at Lake Glen Council,Lake Glen Council,public,Education,US,Data breach,Phishing,Unattributed,Ransomware crew,False,,2020-11-07,2020-12-23,2020-12-29,46,Internal detection,72915,date_of_birth|employment|health|name|phone|postal_address|safeguarding_notes,,not_applicable,0,3506712,yes,medium,True,synthetic (Faker),
<<<<<<< HEAD
SYN-01793,Insider incident at Iqbalview Council,Iqbalview Council,public,Energy/Utilities,IE,Insider incident,Negligent insider,Unattributed,Insider,False,,2020-11-16,2020-12-23,2020-12-25,37,Customer report,13135,credit_card|date_of_birth|email|phone|postal_address|safeguarding_notes|ssn_or_ni_number,,not_applicable,0,778305,yes,medium,True,synthetic (Faker),
REAL-0025,SEPA ransomware and data leak,Scottish Environment Protection Agency,public,Government/Environment,GB,Ransomware,Phishing,Conti,Ransomware crew,False,,2020-12-24,2020-12-24,2021-01-14,0,Internal detection,,contracts|procurement|internal_staff|project_data,,no,120,1400000,yes,high,False,SEPA/Audit Scotland lessons-learned reports (2021),"4,000+ files leaked; refused to pay; multi-year recovery. Public-sector analogue to a small charity with thin IT."
SYN-00061,"Insider incident at Newman, Long and Sinclair","Newman, Long and Sinclair",vendor,Software,CA,Insider incident,Negligent insider,Unattributed,Insider,False,,2020-12-21,2020-12-25,2021-01-07,4,Customer report,496433,credentials|email|employment|internal_email|name|postal_address,,not_applicable,0,19073204,yes,medium,True,synthetic (Faker),
SYN-00377,Destructive malware at Perez and Sons,Perez and Sons,vendor,Software,US,Destructive malware,Trojanised software update,AmberBastion,Ransomware crew,True,47,2020-12-24,2020-12-25,2020-12-27,1,Third-party notification,,not_applicable,247887,no,20,,no,medium,True,synthetic (Faker),
SYN-01476,"Data breach at Robles, Mclaughlin and Clark","Robles, Mclaughlin and Clark",vendor,Software,US,Data breach,Unpatched vulnerability,GlassMantis,Ransomware crew,True,250,2019-10-23,2020-12-25,2021-01-02,429,Third-party notification,54801741,bank_details|donation_history|internal_email|name|phone,,not_applicable,0,6377460143,yes,high,True,synthetic (Faker),
SYN-01995,"Ransomware at Rodriguez, Ferguson and Smith","Rodriguez, Ferguson and Smith",private,Manufacturing,GB,Ransomware,Phishing,Unattributed,Ransomware crew,False,,2020-12-25,2020-12-25,2020-12-28,0,Customer report,1265,donation_history|name|postal_address|safeguarding_notes,1038782,undisclosed,1,474534,yes,medium,True,synthetic (Faker),
SYN-01354,Data breach at Andreahaven Authority,Andreahaven Authority,public,Local government,US,Data breach,Compromised credentials,Unattributed,Hacktivist,False,,2020-12-15,2020-12-27,2020-12-28,12,Routine audit,291593,credentials|donation_history|email|employment|name|phone|postal_address,,not_applicable,0,,yes,medium,True,synthetic (Faker),
SYN-01864,Data breach at Clarkland NHS Trust,Clarkland NHS Trust,public,Education,CA,Data breach,Unpatched vulnerability,Unattributed,Financially motivated,False,,2020-11-04,2020-12-27,2021-01-05,53,Internal detection,262614,credentials|health|internal_email|name|passport,,not_applicable,0,7889990,yes,medium,True,synthetic (Faker),
SYN-00497,"Insider incident at Rodriguez, Butler and Parker","Rodriguez, Butler and Parker",private,Hospitality,US,Insider incident,Malicious insider,Unattributed,Insider,False,,2020-12-02,2020-12-28,2021-01-17,26,Routine audit,291428,email|employment|safeguarding_notes,244251,no,0,25893424,yes,medium,True,synthetic (Faker),
SYN-01427,Ransomware at Wattsmouth NHS Trust,Wattsmouth NHS Trust,public,Education,CA,Ransomware,Unpatched vulnerability,Unattributed,Ransomware crew,False,,2020-12-25,2020-12-28,2021-01-05,3,Internal detection,28890,internal_email|name|phone,919915,no,7,5604775,yes,medium,True,synthetic (Faker),
SYN-00944,Ransomware at Green-Dawson,Green-Dawson,vendor,Software,US,Ransomware,Exposed RDP/VPN,RustVulture,Ransomware crew,True,319,2020-12-21,2020-12-29,2021-01-03,8,Internal detection,28944,bank_details|email|name,472942,no,15,,yes,high,True,synthetic (Faker),
SYN-01556,Data breach at Lantern Network,Lantern Network,nonprofit,Charity/Nonprofit,DE,Data breach,Phishing,Unattributed,Financially motivated,False,,2020-12-14,2021-01-01,2021-01-14,18,Internal detection,2433,date_of_birth|donation_history|health|name|passport|phone|postal_address,,not_applicable,3,233487,yes,medium,True,synthetic (Faker),
SYN-01595,"Data breach at Silva, Murray and Leonard","Silva, Murray and Leonard",private,Financial services,FR,Data breach,Unpatched vulnerability,PaleHydra,Nation state,False,,2020-11-21,2021-01-01,2021-01-01,41,Security vendor / MDR,4408,email|employment,,not_applicable,2,814516,yes,low,True,synthetic (Faker),
SYN-00138,Ransomware at Smith-Bell,Smith-Bell,private,Healthcare,IE,Ransomware,Phishing,HollowLantern,Ransomware crew,False,,2021-01-01,2021-01-03,2021-01-16,2,Third-party notification,59271,bank_details|credit_card|date_of_birth|email|health|passport|postal_address|safeguarding_notes,1451430,yes,25,9738040,yes,high,True,synthetic (Faker),
SYN-01510,Unauthorised access at Thomas-Bush,Thomas-Bush,private,Logistics,US,Unauthorised access,Insecure API endpoint,Unattributed,Nation state,False,,2020-12-19,2021-01-04,2021-01-07,16,Internal detection,3763,bank_details|employment|name|phone|postal_address|ssn_or_ni_number,,not_applicable,0,671348,yes,medium,True,synthetic (Faker),
SYN-00090,Ransomware at Hoover-Savage,Hoover-Savage,private,Healthcare,US,Ransomware,Phishing,Unattributed,Ransomware crew,False,,2021-01-04,2021-01-05,2021-01-06,1,Customer report,211427,health|name|passport|phone|postal_address,273970,yes,6,37959670,yes,high,True,synthetic (Faker),
SYN-00609,Data breach at Beacon Hill Support,Beacon Hill Support,nonprofit,Charity/Nonprofit,NL,Data breach,Unpatched vulnerability,HollowLantern,Nation state,False,,2021-01-03,2021-01-05,2021-01-09,2,Internal detection,15610,bank_details|date_of_birth|donation_history|email|name|postal_address|ssn_or_ni_number,,not_applicable,1,1294118,yes,medium,True,synthetic (Faker),
SYN-00014,Data breach at South Rickymouth Authority,South Rickymouth Authority,public,Education,AU,Data breach,Unpatched vulnerability,Unattributed,Financially motivated,False,,2020-11-26,2021-01-06,2021-01-17,41,Third-party notification,1394235,bank_details|email|name,,not_applicable,0,217622560,yes,high,True,synthetic (Faker),
SYN-01691,Ransomware at Kingburgh Council,Kingburgh Council,public,Local government,IE,Ransomware,Phishing,SlateWarden,Ransomware crew,False,,2021-01-05,2021-01-06,2021-01-09,1,Law enforcement notification,7109,bank_details|credentials|email|internal_email|phone|postal_address|ssn_or_ni_number,284990,no,85,6035325,yes,high,True,synthetic (Faker),
SYN-01028,Ransomware at Rivers Trust,Rivers Trust,nonprofit,Charity/Nonprofit,GB,Ransomware,Unpatched vulnerability,CobaltFinch,Ransomware crew,False,,2021-01-05,2021-01-07,2021-01-12,2,Routine audit,14209,credentials|donation_history|email|health|name|phone,1281885,no,20,1690103,yes,high,True,synthetic (Faker),
SYN-01685,"Data breach at Harding, Johnston and Sutton","Harding, Johnston and Sutton",vendor,Nonprofit technology,CA,Data breach,Compromised credentials,NorthQuarry,Ransomware crew,True,84,2020-12-29,2021-01-07,2021-01-09,9,Routine audit,972150,date_of_birth|donation_history|email|internal_email|name|phone,,not_applicable,0,39646735,yes,medium,True,synthetic (Faker),
SYN-01164,Ransomware at Johnson Inc,Johnson Inc,private,Retail,CA,Ransomware,Exposed RDP/VPN,VelvetSiphon,Ransomware crew,False,,2021-01-06,2021-01-09,2021-01-15,3,Security vendor / MDR,177375,bank_details|employment|name|passport|phone|postal_address,442479,no,3,,yes,medium,True,synthetic (Faker),
SYN-01649,Ransomware at Spencer Ltd,Spencer Ltd,private,Hospitality,US,Ransomware,Phishing,PaleHydra,Ransomware crew,False,,2021-01-06,2021-01-10,2021-01-19,4,Internal detection,103274,health|name,6879778,undisclosed,1,8192901,yes,medium,True,synthetic (Faker),
SYN-00778,Ransomware at Beacon Hill Network,Beacon Hill Network,nonprofit,Charity/Nonprofit,NL,Ransomware,Help-desk social engineering,PaleHydra,Ransomware crew,False,,2020-12-11,2021-01-11,2021-01-12,31,Routine audit,7283,credit_card|date_of_birth|donation_history|email|health|name|phone,759997,no,20,954080,yes,medium,True,synthetic (Faker),
SYN-01477,Insider incident at Williams-Bailey,Williams-Bailey,private,Healthcare,GB,Insider incident,Negligent insider,Unattributed,Insider,False,,2020-12-30,2021-01-11,2021-01-13,12,Third-party notification,1371057,date_of_birth|email|health|internal_email|phone|postal_address,,not_applicable,0,115302299,yes,high,True,synthetic (Faker),
SYN-00595,Data breach at James-Ferguson,James-Ferguson,private,Manufacturing,NL,Data breach,Insecure API endpoint,HollowLantern,Ransomware crew,False,,2020-08-26,2021-01-12,2021-01-20,139,Public leak / dark web,4377,credentials|name|postal_address,,not_applicable,0,511283,unknown,low,True,synthetic (Faker),
SYN-00674,Supply chain compromise at Hilton Ltd,Hilton Ltd,private,Healthcare,DE,Supply chain compromise,Trojanised software update,Unattributed,Financially motivated,True,429,2020-12-09,2021-01-13,2021-01-21,35,Security vendor / MDR,457908,date_of_birth|email|health,,not_applicable,1,29096316,yes,high,True,synthetic (Faker),
SYN-00276,"Supply chain compromise at James, Little and Watson","James, Little and Watson",private,Retail,AU,Supply chain compromise,Third-party supplier access,HollowLantern,Ransomware crew,True,20,2020-09-28,2021-01-14,2021-01-20,108,Public leak / dark web,16359932,bank_details|phone|postal_address,,not_applicable,0,1554355421,yes,high,True,synthetic (Faker),
SYN-01850,Ransomware at Smith-Harrison,Smith-Harrison,private,Logistics,IN,Ransomware,Third-party supplier access,GlassMantis,Ransomware crew,True,129,2021-01-09,2021-01-15,2021-01-16,6,Internal detection,64535,bank_details|credit_card|name|phone|postal_address|ssn_or_ni_number,2909865,undisclosed,6,6190431,yes,high,True,synthetic (Faker),
SYN-01201,Ransomware at Lake Alan NHS Trust,Lake Alan NHS Trust,public,Education,GB,Ransomware,Unpatched vulnerability,CobaltFinch,Ransomware crew,False,,2021-01-16,2021-01-17,2021-02-02,1,Third-party notification,6889,bank_details|credentials|email|internal_email|name|postal_address|ssn_or_ni_number,482075,no,11,452330,yes,medium,True,synthetic (Faker),
SYN-00041,Business email compromise at Walters Inc,Walters Inc,private,Healthcare,FR,Business email compromise,Compromised credentials,Unattributed,Financially motivated,False,,2020-12-26,2021-01-18,2021-01-26,23,Security vendor / MDR,3701,date_of_birth|email|health|name|passport|phone|postal_address|ssn_or_ni_number,,not_applicable,0,161482,yes,medium,True,synthetic (Faker),
SYN-00736,Ransomware at Pena LLC,Pena LLC,private,Financial services,GB,Ransomware,Unpatched vulnerability,ObsidianKoi,Ransomware crew,False,,2021-01-13,2021-01-18,2021-01-20,5,Third-party notification,238519,credit_card|email|employment,486552,no,12,,yes,medium,True,synthetic (Faker),
SYN-00235,Ransomware at Mollybury NHS Trust,Mollybury NHS Trust,public,Education,GB,Ransomware,Compromised credentials,GlassMantis,Ransomware crew,False,,2021-01-18,2021-01-19,2021-01-22,1,Third-party notification,93454,credit_card|email|name|phone,723909,undisclosed,4,5810370,yes,medium,True,synthetic (Faker),
SYN-01844,Ransomware at Port Stewartville Council,Port Stewartville Council,public,Local government,US,Ransomware,Compromised credentials,IronMagpie,Ransomware crew,False,,2021-01-17,2021-01-19,2021-02-02,2,Security vendor / MDR,113341,donation_history|email|safeguarding_notes,9048004,yes,6,13633446,yes,high,True,synthetic (Faker),
=======
REAL-0025,SEPA ransomware and data leak,Scottish Environment Protection Agency,public,Government/Environment,GB,Ransomware,Phishing,Conti,Ransomware crew,False,,2020-12-24,2020-12-24,2021-01-14,0,Internal detection,,contracts|procurement|internal_staff|project_data,,no,120,1400000,yes,high,False,SEPA/Audit Scotland lessons-learned reports (2021),"4,000+ files leaked; refused to pay; multi-year recovery. Public-sector analogue to a small charity with thin IT."
SYN-00061,"Insider incident at Newman, Long and Sinclair","Newman, Long and Sinclair",vendor,Software,CA,Insider incident,Negligent insider,Unattributed,Insider,False,,2020-12-21,2020-12-25,2021-01-07,4,Customer report,496433,credentials|email|employment|internal_email|name|postal_address,,not_applicable,0,19073204,yes,medium,True,synthetic (Faker),
SYN-00377,Destructive malware at Perez and Sons,Perez and Sons,vendor,Software,US,Destructive malware,Trojanised software update,AmberBastion,Ransomware crew,True,47,2020-12-24,2020-12-25,2020-12-27,1,Third-party notification,,not_applicable,247887,no,20,,no,medium,True,synthetic (Faker),
SYN-00497,"Insider incident at Rodriguez, Butler and Parker","Rodriguez, Butler and Parker",private,Hospitality,US,Insider incident,Malicious insider,Unattributed,Insider,False,,2020-12-02,2020-12-28,2021-01-17,26,Routine audit,291428,email|employment|safeguarding_notes,244251,no,0,25893424,yes,medium,True,synthetic (Faker),
SYN-00944,Ransomware at Green-Dawson,Green-Dawson,vendor,Software,US,Ransomware,Exposed RDP/VPN,RustVulture,Ransomware crew,True,319,2020-12-21,2020-12-29,2021-01-03,8,Internal detection,28944,bank_details|email|name,472942,no,15,,yes,high,True,synthetic (Faker),
SYN-00138,Ransomware at Smith-Bell,Smith-Bell,private,Healthcare,IE,Ransomware,Phishing,HollowLantern,Ransomware crew,False,,2021-01-01,2021-01-03,2021-01-16,2,Third-party notification,59271,bank_details|credit_card|date_of_birth|email|health|passport|postal_address|safeguarding_notes,1451430,yes,25,9738040,yes,high,True,synthetic (Faker),
SYN-00090,Ransomware at Hoover-Savage,Hoover-Savage,private,Healthcare,US,Ransomware,Phishing,Unattributed,Ransomware crew,False,,2021-01-04,2021-01-05,2021-01-06,1,Customer report,211427,health|name|passport|phone|postal_address,273970,yes,6,37959670,yes,high,True,synthetic (Faker),
SYN-00609,Data breach at Beacon Hill Support,Beacon Hill Support,nonprofit,Charity/Nonprofit,NL,Data breach,Unpatched vulnerability,HollowLantern,Nation state,False,,2021-01-03,2021-01-05,2021-01-09,2,Internal detection,15610,bank_details|date_of_birth|donation_history|email|name|postal_address|ssn_or_ni_number,,not_applicable,1,1294118,yes,medium,True,synthetic (Faker),
SYN-00014,Data breach at South Rickymouth Authority,South Rickymouth Authority,public,Education,AU,Data breach,Unpatched vulnerability,Unattributed,Financially motivated,False,,2020-11-26,2021-01-06,2021-01-17,41,Third-party notification,1394235,bank_details|email|name,,not_applicable,0,217622560,yes,high,True,synthetic (Faker),
SYN-00778,Ransomware at Beacon Hill Network,Beacon Hill Network,nonprofit,Charity/Nonprofit,NL,Ransomware,Help-desk social engineering,PaleHydra,Ransomware crew,False,,2020-12-11,2021-01-11,2021-01-12,31,Routine audit,7283,credit_card|date_of_birth|donation_history|email|health|name|phone,759997,no,20,954080,yes,medium,True,synthetic (Faker),
SYN-00595,Data breach at James-Ferguson,James-Ferguson,private,Manufacturing,NL,Data breach,Insecure API endpoint,HollowLantern,Ransomware crew,False,,2020-08-26,2021-01-12,2021-01-20,139,Public leak / dark web,4377,credentials|name|postal_address,,not_applicable,0,511283,unknown,low,True,synthetic (Faker),
SYN-00674,Supply chain compromise at Hilton Ltd,Hilton Ltd,private,Healthcare,DE,Supply chain compromise,Trojanised software update,Unattributed,Financially motivated,True,429,2020-12-09,2021-01-13,2021-01-21,35,Security vendor / MDR,457908,date_of_birth|email|health,,not_applicable,1,29096316,yes,high,True,synthetic (Faker),
SYN-00276,"Supply chain compromise at James, Little and Watson","James, Little and Watson",private,Retail,AU,Supply chain compromise,Third-party supplier access,HollowLantern,Ransomware crew,True,20,2020-09-28,2021-01-14,2021-01-20,108,Public leak / dark web,16359932,bank_details|phone|postal_address,,not_applicable,0,1554355421,yes,high,True,synthetic (Faker),
SYN-00041,Business email compromise at Walters Inc,Walters Inc,private,Healthcare,FR,Business email compromise,Compromised credentials,Unattributed,Financially motivated,False,,2020-12-26,2021-01-18,2021-01-26,23,Security vendor / MDR,3701,date_of_birth|email|health|name|passport|phone|postal_address|ssn_or_ni_number,,not_applicable,0,161482,yes,medium,True,synthetic (Faker),
SYN-00736,Ransomware at Pena LLC,Pena LLC,private,Financial services,GB,Ransomware,Unpatched vulnerability,ObsidianKoi,Ransomware crew,False,,2021-01-13,2021-01-18,2021-01-20,5,Third-party notification,238519,credit_card|email|employment,486552,no,12,,yes,medium,True,synthetic (Faker),
SYN-00235,Ransomware at Mollybury NHS Trust,Mollybury NHS Trust,public,Education,GB,Ransomware,Compromised credentials,GlassMantis,Ransomware crew,False,,2021-01-18,2021-01-19,2021-01-22,1,Third-party notification,93454,credit_card|email|name|phone,723909,undisclosed,4,5810370,yes,medium,True,synthetic (Faker),
>>>>>>> 8a74902011229c25354fcb7e063b9152ef665657
SYN-00201,Unauthorised access at Johnson-Roberts,Johnson-Roberts,private,Financial services,US,Unauthorised access,Compromised credentials,Unattributed,Financially motivated,False,,2020-02-10,2021-01-21,2021-01-28,346,Third-party notification,511398,bank_details|credit_card|employment|name|postal_address|safeguarding_notes,,not_applicable,9,52967863,yes,high,True,synthetic (Faker),
SYN-00867,Data breach at Payne-Garcia,Payne-Garcia,vendor,Cloud/SaaS,US,Data breach,Third-party supplier access,Unattributed,Ransomware crew,True,15769,2021-01-21,2021-01-24,2021-02-13,3,Law enforcement notification,965409,name|phone|safeguarding_notes,,not_applicable,0,66097653,yes,high,True,synthetic (Faker),
SYN-00969,Business email compromise at Patterson-Woods,Patterson-Woods,vendor,Nonprofit technology,US,Business email compromise,Compromised credentials,RustVulture,Ransomware crew,False,,2021-01-28,2021-01-30,2021-02-03,2,Security vendor / MDR,,not_applicable,,not_applicable,0,145144,no,medium,True,synthetic (Faker),
SYN-00323,"Business email compromise at O'Sullivan, Nash and Jones","O'Sullivan, Nash and Jones",private,Logistics,GB,Business email compromise,Phishing,Unattributed,Financially motivated,False,,2021-01-26,2021-02-04,2021-02-12,9,Internal detection,,not_applicable,,not_applicable,0,35488,no,medium,True,synthetic (Faker),
<<<<<<< HEAD
SYN-01324,"Ransomware at Godfrey, Hope and White","Godfrey, Hope and White",private,Retail,IE,Ransomware,Phishing,TinCathedral,Ransomware crew,False,,2021-02-05,2021-02-07,2021-02-12,2,Routine audit,820396,health|name|phone|postal_address|ssn_or_ni_number,3864535,no,9,105867456,yes,high,True,synthetic (Faker),
SYN-00617,Ransomware at Adams-Sanders,Adams-Sanders,private,Financial services,GB,Ransomware,Unpatched vulnerability,SlateWarden,Ransomware crew,False,,2021-02-09,2021-02-09,2021-02-14,0,Public leak / dark web,26522,internal_email|phone|postal_address,8880220,no,22,3836258,yes,medium,True,synthetic (Faker),
SYN-00280,"Data breach at Turner, Ortiz and Taylor","Turner, Ortiz and Taylor",private,Healthcare,CA,Data breach,Credential stuffing,Unattributed,Financially motivated,False,,2021-01-16,2021-02-14,2021-02-19,29,Public leak / dark web,99614,email|health|name|phone|postal_address|safeguarding_notes|ssn_or_ni_number,,not_applicable,0,11053153,yes,medium,True,synthetic (Faker),
SYN-00282,"Ransomware at Kirk, Price and Davies","Kirk, Price and Davies",vendor,Cloud/SaaS,GB,Ransomware,Unpatched vulnerability,HollowLantern,Ransomware crew,False,,2021-02-11,2021-02-14,2021-02-18,3,Internal detection,538567,bank_details|credentials|email|phone|postal_address,157716,no,19,88301471,yes,high,True,synthetic (Faker),
SYN-01386,Data breach at Jackson-Adams,Jackson-Adams,private,Retail,US,Data breach,Unpatched vulnerability,NineSpindle,Ransomware crew,False,,2021-01-30,2021-02-16,2021-02-21,17,Customer report,308213,bank_details|employment|health|name|postal_address|ssn_or_ni_number,,not_applicable,0,17513442,yes,medium,True,synthetic (Faker),
SYN-01857,DDoS at Crawford Inc,Crawford Inc,private,Healthcare,US,DDoS,Volumetric flood,Unattributed,Insider,False,,2021-02-09,2021-02-16,2021-02-20,7,Security vendor / MDR,,not_applicable,,not_applicable,1,,no,medium,True,synthetic (Faker),
SYN-00707,Data breach at Refuge Society,Refuge Society,nonprofit,Charity/Nonprofit,NL,Data breach,Compromised credentials,Unattributed,Financially motivated,False,,2020-11-25,2021-02-18,2021-02-20,85,Customer report,9278,donation_history|email|name|phone|safeguarding_notes,,not_applicable,0,673745,yes,medium,True,synthetic (Faker),
SYN-01290,Destructive malware at Hernandez PLC,Hernandez PLC,private,Healthcare,SG,Destructive malware,Trojanised software update,HollowLantern,Ransomware crew,True,97,2021-02-16,2021-02-18,2021-03-08,2,Internal detection,,not_applicable,139812,no,112,9468671,no,high,True,synthetic (Faker),
SYN-01600,Ransomware at North Jasmineland Council,North Jasmineland Council,public,Education,DE,Ransomware,Exposed RDP/VPN,IronMagpie,Ransomware crew,False,,2021-02-14,2021-02-18,2021-02-23,4,Security vendor / MDR,58300,email|name|passport|phone|safeguarding_notes,513142,no,27,,yes,high,True,synthetic (Faker),
SYN-00142,"Data breach at Martin, Mcdonald and Anderson","Martin, Mcdonald and Anderson",private,Logistics,US,Data breach,Credential stuffing,Unattributed,Financially motivated,False,,2020-08-16,2021-02-19,2021-03-10,187,Internal detection,1741,name|phone,,not_applicable,6,944892,no,medium,True,synthetic (Faker),
SYN-01694,"Ransomware at Schultz, Dalton and Jones","Schultz, Dalton and Jones",private,Retail,US,Ransomware,Unpatched vulnerability,Unattributed,Ransomware crew,False,,2021-02-19,2021-02-19,2021-03-02,0,Security vendor / MDR,99498,donation_history|email|employment|name|phone|postal_address|ssn_or_ni_number,1108729,no,9,10572552,yes,high,True,synthetic (Faker),
SYN-00434,Phishing campaign at North Douglas District Board,North Douglas District Board,public,Education,GB,Phishing campaign,Phishing,AmberBastion,Ransomware crew,False,,2020-10-15,2021-02-20,2021-03-05,128,Third-party notification,151519,bank_details|credit_card|donation_history|email|internal_email|postal_address,,not_applicable,0,23685274,yes,medium,True,synthetic (Faker),
SYN-00945,Data breach at East Zachary Council,East Zachary Council,public,Local government,NL,Data breach,Phishing,DimStag,Ransomware crew,False,,2020-03-17,2021-02-21,2021-03-01,341,Internal detection,40117,bank_details|credentials|credit_card|internal_email|name,,not_applicable,0,6384172,yes,medium,True,synthetic (Faker),
SYN-01505,Data breach at Patel-Mejia,Patel-Mejia,private,Manufacturing,US,Data breach,Phishing,Unattributed,Financially motivated,False,,2021-01-27,2021-02-24,2021-03-04,28,Third-party notification,877,date_of_birth|name|ssn_or_ni_number,,not_applicable,0,294355,yes,medium,True,synthetic (Faker),
SYN-01093,Unauthorised access at Katherinehaven District Board,Katherinehaven District Board,public,Education,US,Unauthorised access,Insecure API endpoint,Unattributed,Ransomware crew,False,,2021-01-24,2021-02-26,2021-04-04,33,Third-party notification,28844,date_of_birth|donation_history|email|internal_email|name|postal_address,114010,undisclosed,5,3785933,yes,medium,True,synthetic (Faker),
SYN-01964,Data breach at Patel-Murray,Patel-Murray,private,Manufacturing,FR,Data breach,Credential stuffing,Unattributed,Financially motivated,False,,2021-02-13,2021-03-01,2021-03-07,16,Routine audit,742,bank_details|employment|health|name,,not_applicable,6,929723,yes,medium,True,synthetic (Faker),
SYN-01197,"Data breach at Thomas, Cooper and Robinson","Thomas, Cooper and Robinson",private,Financial services,CA,Data breach,Unpatched vulnerability,Unattributed,Unknown,False,,2021-01-16,2021-03-06,2021-03-16,49,Internal detection,6223498,credit_card|email|employment|health|phone,,not_applicable,1,513239896,yes,high,True,synthetic (Faker),
SYN-01253,Unauthorised access at West Michelleborough Council,West Michelleborough Council,public,Education,US,Unauthorised access,Compromised credentials,CobaltFinch,Ransomware crew,False,,2021-02-18,2021-03-06,2021-03-11,16,Customer report,3651,email|internal_email|name|postal_address|ssn_or_ni_number,,not_applicable,7,1166997,yes,medium,True,synthetic (Faker),
SYN-01317,Data breach at South Donald Council,South Donald Council,public,Local government,GB,Data breach,Unpatched vulnerability,Unattributed,Unknown,False,,2020-11-17,2021-03-09,2021-03-17,112,Third-party notification,1595,credentials|email|employment|name|passport,124735,no,0,378608,yes,low,True,synthetic (Faker),
SYN-01483,Destructive malware at Robles-Brewer,Robles-Brewer,private,Healthcare,GB,Destructive malware,Trojanised software update,Unattributed,Financially motivated,True,107,2021-03-07,2021-03-09,2021-03-20,2,Internal detection,106,credentials|email|health|name|phone|postal_address,37461,no,5,659632,yes,medium,True,synthetic (Faker),
SYN-01892,Data breach at Mills-Jackson,Mills-Jackson,vendor,Cloud/SaaS,US,Data breach,Third-party supplier access,GlassMantis,Ransomware crew,True,206,2020-05-01,2021-03-09,2021-03-15,312,Internal detection,4918940,donation_history|name|phone,,not_applicable,0,556744423,no,high,True,synthetic (Faker),
SYN-00430,Data breach at Sergiostad Authority,Sergiostad Authority,public,Local government,IE,Data breach,Third-party supplier access,Unattributed,Financially motivated,True,5,2020-11-07,2021-03-11,2021-03-23,124,Routine audit,5567,date_of_birth|passport,,not_applicable,7,,yes,medium,True,synthetic (Faker),
SYN-01772,Unauthorised access at Brandonport District Board,Brandonport District Board,public,Education,GB,Unauthorised access,Exposed RDP/VPN,Unattributed,Financially motivated,False,,2021-02-16,2021-03-14,2021-03-14,26,Third-party notification,11117,donation_history|email|internal_email|name|phone|postal_address|ssn_or_ni_number,,not_applicable,1,605945,yes,medium,True,synthetic (Faker),
=======
SYN-00617,Ransomware at Adams-Sanders,Adams-Sanders,private,Financial services,GB,Ransomware,Unpatched vulnerability,SlateWarden,Ransomware crew,False,,2021-02-09,2021-02-09,2021-02-14,0,Public leak / dark web,26522,internal_email|phone|postal_address,8880220,no,22,3836258,yes,medium,True,synthetic (Faker),
SYN-00280,"Data breach at Turner, Ortiz and Taylor","Turner, Ortiz and Taylor",private,Healthcare,CA,Data breach,Credential stuffing,Unattributed,Financially motivated,False,,2021-01-16,2021-02-14,2021-02-19,29,Public leak / dark web,99614,email|health|name|phone|postal_address|safeguarding_notes|ssn_or_ni_number,,not_applicable,0,11053153,yes,medium,True,synthetic (Faker),
SYN-00282,"Ransomware at Kirk, Price and Davies","Kirk, Price and Davies",vendor,Cloud/SaaS,GB,Ransomware,Unpatched vulnerability,HollowLantern,Ransomware crew,False,,2021-02-11,2021-02-14,2021-02-18,3,Internal detection,538567,bank_details|credentials|email|phone|postal_address,157716,no,19,88301471,yes,high,True,synthetic (Faker),
SYN-00707,Data breach at Refuge Society,Refuge Society,nonprofit,Charity/Nonprofit,NL,Data breach,Compromised credentials,Unattributed,Financially motivated,False,,2020-11-25,2021-02-18,2021-02-20,85,Customer report,9278,donation_history|email|name|phone|safeguarding_notes,,not_applicable,0,673745,yes,medium,True,synthetic (Faker),
SYN-00142,"Data breach at Martin, Mcdonald and Anderson","Martin, Mcdonald and Anderson",private,Logistics,US,Data breach,Credential stuffing,Unattributed,Financially motivated,False,,2020-08-16,2021-02-19,2021-03-10,187,Internal detection,1741,name|phone,,not_applicable,6,944892,no,medium,True,synthetic (Faker),
SYN-00434,Phishing campaign at North Douglas District Board,North Douglas District Board,public,Education,GB,Phishing campaign,Phishing,AmberBastion,Ransomware crew,False,,2020-10-15,2021-02-20,2021-03-05,128,Third-party notification,151519,bank_details|credit_card|donation_history|email|internal_email|postal_address,,not_applicable,0,23685274,yes,medium,True,synthetic (Faker),
SYN-00945,Data breach at East Zachary Council,East Zachary Council,public,Local government,NL,Data breach,Phishing,DimStag,Ransomware crew,False,,2020-03-17,2021-02-21,2021-03-01,341,Internal detection,40117,bank_details|credentials|credit_card|internal_email|name,,not_applicable,0,6384172,yes,medium,True,synthetic (Faker),
SYN-00430,Data breach at Sergiostad Authority,Sergiostad Authority,public,Local government,IE,Data breach,Third-party supplier access,Unattributed,Financially motivated,True,5,2020-11-07,2021-03-11,2021-03-23,124,Routine audit,5567,date_of_birth|passport,,not_applicable,7,,yes,medium,True,synthetic (Faker),
>>>>>>> 8a74902011229c25354fcb7e063b9152ef665657
SYN-00799,"Ransomware at White, Thomas and Barnes","White, Thomas and Barnes",private,Financial services,GB,Ransomware,Compromised credentials,CobaltFinch,Ransomware crew,False,,2021-03-12,2021-03-16,2021-03-21,4,Internal detection,15785,email|name,9948818,no,9,1572698,yes,medium,True,synthetic (Faker),
SYN-00622,Unauthorised access at Walsh Ltd,Walsh Ltd,private,Financial services,GB,Unauthorised access,Insecure API endpoint,Unattributed,Unknown,False,,2021-03-10,2021-03-18,2021-03-27,8,Internal detection,7420,internal_email|name,,not_applicable,8,1235005,yes,medium,True,synthetic (Faker),
SYN-00454,Data breach at Williams Inc,Williams Inc,private,Manufacturing,GB,Data breach,Insecure API endpoint,NorthQuarry,Ransomware crew,False,,2021-03-15,2021-03-22,2021-03-27,7,Law enforcement notification,817,donation_history|email|phone,,not_applicable,0,194594,yes,low,True,synthetic (Faker),
SYN-00773,Business email compromise at South Denis District Board,South Denis District Board,public,Education,AU,Business email compromise,Compromised credentials,Unattributed,Ransomware crew,False,,2021-03-08,2021-03-23,2021-04-12,15,Third-party notification,,not_applicable,,not_applicable,4,,unknown,low,True,synthetic (Faker),
<<<<<<< HEAD
SYN-01117,"Data breach at Hall, Parry and Harris","Hall, Parry and Harris",private,Manufacturing,US,Data breach,Third-party supplier access,IronMagpie,Ransomware crew,True,160,2021-01-15,2021-03-23,2021-03-28,67,Internal detection,2965,donation_history|name|safeguarding_notes|ssn_or_ni_number,,not_applicable,0,251169,yes,medium,True,synthetic (Faker),
SYN-00120,"Unauthorised access at Booth, Hughes and Smith","Booth, Hughes and Smith",private,Healthcare,AU,Unauthorised access,Help-desk social engineering,Unattributed,Unknown,False,,2020-08-22,2021-03-24,2021-03-25,214,Law enforcement notification,3365600,bank_details|date_of_birth|health,,not_applicable,0,415999828,yes,high,True,synthetic (Faker),
SYN-01363,"Ransomware at Riley, Foster and Brown","Riley, Foster and Brown",vendor,Nonprofit technology,US,Ransomware,Phishing,SlateWarden,Ransomware crew,False,,2021-03-22,2021-03-24,2021-04-01,2,Internal detection,290054,internal_email|phone|postal_address,493267,yes,25,42022121,yes,medium,True,synthetic (Faker),
=======
SYN-00120,"Unauthorised access at Booth, Hughes and Smith","Booth, Hughes and Smith",private,Healthcare,AU,Unauthorised access,Help-desk social engineering,Unattributed,Unknown,False,,2020-08-22,2021-03-24,2021-03-25,214,Law enforcement notification,3365600,bank_details|date_of_birth|health,,not_applicable,0,415999828,yes,high,True,synthetic (Faker),
>>>>>>> 8a74902011229c25354fcb7e063b9152ef665657
SYN-00885,Business email compromise at Wells Inc,Wells Inc,private,Healthcare,GB,Business email compromise,Phishing,Unattributed,Financially motivated,False,,2021-03-04,2021-03-25,2021-03-30,21,Third-party notification,535,donation_history|email|health|name|phone,,not_applicable,0,204523,yes,medium,True,synthetic (Faker),
SYN-00650,Supply chain compromise at Emmatown Council,Emmatown Council,public,Education,DE,Supply chain compromise,Trojanised software update,Unattributed,Nation state,True,45,2020-10-26,2021-03-26,2021-03-29,151,Public leak / dark web,42757,bank_details|donation_history|name|phone|ssn_or_ni_number,,not_applicable,7,6610684,yes,high,True,synthetic (Faker),
SYN-00129,"Supply chain compromise at Griffin, Moore and Hensley","Griffin, Moore and Hensley",private,Logistics,IN,Supply chain compromise,Third-party supplier access,SlateWarden,Ransomware crew,True,8,2020-10-14,2021-03-27,2021-03-31,164,Security vendor / MDR,22390,bank_details|postal_address,,not_applicable,0,3776056,yes,high,True,synthetic (Faker),
SYN-00696,Supply chain compromise at Jayneshire NHS Trust,Jayneshire NHS Trust,public,Energy/Utilities,US,Supply chain compromise,Trojanised software update,HollowLantern,Ransomware crew,True,30,2020-10-29,2021-03-28,2021-04-04,150,Internal detection,90508,email|postal_address,,not_applicable,1,10579983,yes,medium,True,synthetic (Faker),
SYN-00812,Data breach at Lake Frederickstad Authority,Lake Frederickstad Authority,public,Local government,IN,Data breach,Compromised credentials,Unattributed,Ransomware crew,False,,2021-02-24,2021-03-29,2021-04-05,33,Internal detection,507920,email|name|passport|ssn_or_ni_number,,not_applicable,2,43667149,yes,medium,True,synthetic (Faker),
SYN-00406,Unauthorised access at Lee Group,Lee Group,private,Financial services,NL,Unauthorised access,Exposed RDP/VPN,IronMagpie,Ransomware crew,False,,2021-03-22,2021-03-31,2021-04-04,9,Security vendor / MDR,16352,credentials|date_of_birth|phone|postal_address,,not_applicable,5,1003249,yes,medium,True,synthetic (Faker),
<<<<<<< HEAD
SYN-01335,"Ransomware at Hanson, Garza and Williams","Hanson, Garza and Williams",vendor,Cloud/SaaS,US,Ransomware,Third-party supplier access,NineSpindle,Ransomware crew,True,750,2021-04-01,2021-04-02,2021-04-05,1,Law enforcement notification,2077105,bank_details|phone,582693,no,23,,no,critical,True,synthetic (Faker),
=======
>>>>>>> 8a74902011229c25354fcb7e063b9152ef665657
SYN-00040,Business email compromise at New Gerald Authority,New Gerald Authority,public,Local government,GB,Business email compromise,Phishing,Unattributed,Ransomware crew,False,,2020-12-04,2021-04-03,2021-04-05,120,Internal detection,,not_applicable,,not_applicable,0,156662,unknown,medium,True,synthetic (Faker),
SYN-00366,Unauthorised access at Warren-Bishop,Warren-Bishop,vendor,Software,AU,Unauthorised access,Insecure API endpoint,Unattributed,Ransomware crew,False,,2021-02-23,2021-04-07,2021-05-03,43,Internal detection,239759,phone|postal_address,,not_applicable,0,33575000,unknown,medium,True,synthetic (Faker),
SYN-00507,Ransomware at Ericaview Council,Ericaview Council,public,Local government,AU,Ransomware,Compromised credentials,Unattributed,Ransomware crew,False,,2021-04-08,2021-04-08,2021-04-23,0,Third-party notification,77141,donation_history|phone|postal_address,33614,yes,2,2851340,yes,medium,True,synthetic (Faker),
SYN-00519,Insider incident at Bentley PLC,Bentley PLC,private,Manufacturing,US,Insider incident,Negligent insider,Unattributed,Insider,False,,2021-03-21,2021-04-08,2021-04-10,18,Internal detection,539,passport|postal_address|ssn_or_ni_number,,not_applicable,1,388377,yes,medium,True,synthetic (Faker),
SYN-00601,Supply chain compromise at Hernandez-Rivera,Hernandez-Rivera,vendor,Nonprofit technology,AU,Supply chain compromise,Trojanised software update,Unattributed,Unknown,True,690,2020-12-28,2021-04-08,2021-04-28,101,Third-party notification,240755,email|health|internal_email|ssn_or_ni_number,,not_applicable,1,9917967,yes,high,True,synthetic (Faker),
<<<<<<< HEAD
SYN-01518,Data breach at Bryant Ltd,Bryant Ltd,private,Logistics,GB,Data breach,Third-party supplier access,Unattributed,Unknown,True,9,2021-03-31,2021-04-11,2021-05-19,11,Internal detection,24780,credit_card|name|passport|postal_address|safeguarding_notes|ssn_or_ni_number,,not_applicable,3,1880655,no,high,True,synthetic (Faker),
SYN-00031,Phishing campaign at Patel and Sons,Patel and Sons,vendor,Cloud/SaaS,US,Phishing campaign,Phishing,Unattributed,Ransomware crew,True,704,2021-02-17,2021-04-13,2021-04-29,55,Internal detection,14889395,donation_history|email|name|passport|phone|postal_address|safeguarding_notes,,not_applicable,0,2475717415,unknown,high,True,synthetic (Faker),
SYN-00086,Business email compromise at White LLC,White LLC,private,Retail,US,Business email compromise,Phishing,QuietFathom,Ransomware crew,False,,2020-09-12,2021-04-13,2021-04-18,213,Security vendor / MDR,66538,health|phone|postal_address,,not_applicable,0,2875996,yes,medium,True,synthetic (Faker),
SYN-01108,"Unauthorised access at Phillips, Walters and Evans","Phillips, Walters and Evans",private,Legal/Professional,US,Unauthorised access,Compromised credentials,Unattributed,Nation state,False,,2021-04-07,2021-04-13,2021-04-20,6,Third-party notification,13077,bank_details|email|health|name|passport|phone|postal_address,,not_applicable,4,1382622,yes,medium,True,synthetic (Faker),
SYN-00320,Data breach at New Chelseaside Council,New Chelseaside Council,public,Education,IN,Data breach,Insecure API endpoint,HollowLantern,Ransomware crew,False,,2021-03-28,2021-04-14,2021-04-21,17,Third-party notification,34153,bank_details|donation_history|email|employment|name|postal_address,,not_applicable,1,3517193,yes,medium,True,synthetic (Faker),
SYN-00590,Data breach at Kay PLC,Kay PLC,private,Healthcare,NL,Data breach,Credential stuffing,GlassMantis,Nation state,False,,2021-02-19,2021-04-16,2021-04-24,56,Routine audit,224518,credit_card|email|health|name|phone|ssn_or_ni_number,,not_applicable,5,32849435,yes,medium,True,synthetic (Faker),
SYN-01576,Business email compromise at Farrell-Hill,Farrell-Hill,vendor,Cloud/SaaS,US,Business email compromise,Phishing,Unattributed,Unknown,False,,2021-03-03,2021-04-16,2021-04-17,44,Internal detection,,not_applicable,,not_applicable,0,206541,no,medium,True,synthetic (Faker),
SYN-00187,Unauthorised access at Lake Miranda District Board,Lake Miranda District Board,public,Education,US,Unauthorised access,Compromised credentials,VelvetSiphon,Ransomware crew,False,,2021-03-30,2021-04-19,2021-04-24,20,Law enforcement notification,10793,credit_card|internal_email|name|phone|postal_address,,not_applicable,1,1496542,yes,medium,True,synthetic (Faker),
SYN-00384,"Insider incident at Williams, Ali and Davies","Williams, Ali and Davies",vendor,Cloud/SaaS,US,Insider incident,Negligent insider,Unattributed,Insider,False,,2021-02-12,2021-04-19,2021-05-05,66,Internal detection,13566,internal_email|phone|postal_address,,not_applicable,0,908655,no,medium,True,synthetic (Faker),
SYN-01440,Business email compromise at Greenmouth Council,Greenmouth Council,public,Education,US,Business email compromise,MFA fatigue,Unattributed,Financially motivated,False,,2021-03-04,2021-04-19,2021-04-30,46,Customer report,63,bank_details|credit_card|date_of_birth|email|name|phone,,not_applicable,0,212705,yes,medium,True,synthetic (Faker),
SYN-01820,Data breach at Dixon-Hernandez,Dixon-Hernandez,private,Healthcare,NL,Data breach,Misconfigured cloud storage,Unattributed,Financially motivated,False,,2021-02-16,2021-04-19,2021-04-22,62,Third-party notification,129039,bank_details|email|health|internal_email|name|phone|postal_address,,not_applicable,0,15764324,yes,medium,True,synthetic (Faker),
SYN-01472,Ransomware at Lynch-Stewart,Lynch-Stewart,private,Financial services,US,Ransomware,Compromised credentials,VelvetSiphon,Ransomware crew,False,,2021-04-19,2021-04-21,2021-04-23,2,Internal detection,179558,credentials|credit_card|email|name|phone|postal_address|ssn_or_ni_number,285995,no,18,22254915,yes,high,True,synthetic (Faker),
SYN-00604,Phishing campaign at Jackson-Norton,Jackson-Norton,private,Healthcare,US,Phishing campaign,Phishing,Unattributed,Ransomware crew,False,,2021-04-14,2021-04-23,2021-04-27,9,Routine audit,1059912,credentials|email|health|name|postal_address|safeguarding_notes|ssn_or_ni_number,,not_applicable,0,59520502,yes,high,True,synthetic (Faker),
SYN-01297,Business email compromise at Ford-Moody,Ford-Moody,private,Financial services,GB,Business email compromise,Phishing,Unattributed,Hacktivist,False,,2021-04-02,2021-04-23,2021-06-02,21,Security vendor / MDR,,not_applicable,,not_applicable,0,,unknown,medium,True,synthetic (Faker),
SYN-00185,Ransomware at Brown-Wilkinson,Brown-Wilkinson,private,Retail,US,Ransomware,Unpatched vulnerability,GlassMantis,Ransomware crew,False,,2021-04-24,2021-04-25,2021-04-30,1,Internal detection,589475,date_of_birth|email|name,3700082,yes,7,62042065,yes,medium,True,synthetic (Faker),
SYN-01752,Ransomware at Roberts-Shaffer,Roberts-Shaffer,vendor,Software,GB,Ransomware,Unpatched vulnerability,NorthQuarry,Ransomware crew,True,43,2021-04-19,2021-04-25,2021-05-02,6,Routine audit,1661661,credentials|employment,560172,no,6,183107825,yes,high,True,synthetic (Faker),
SYN-00008,Phishing campaign at Davis Inc,Davis Inc,private,Financial services,GB,Phishing campaign,Phishing,VelvetSiphon,Ransomware crew,False,,2021-01-31,2021-04-26,2021-05-25,85,Law enforcement notification,97069,phone|postal_address,,not_applicable,1,5963342,yes,medium,True,synthetic (Faker),
SYN-01596,"Ransomware at Davies, Welch and Reynolds","Davies, Welch and Reynolds",private,Healthcare,US,Ransomware,Phishing,IronMagpie,Ransomware crew,False,,2021-04-26,2021-04-26,2021-04-28,0,Security vendor / MDR,56556,credentials|email|health|name|phone|postal_address,552436,no,6,8885037,yes,high,True,synthetic (Faker),
SYN-01655,"Data breach at Gardner, Knight and Giles","Gardner, Knight and Giles",private,Hospitality,DE,Data breach,Misconfigured cloud storage,Unattributed,Financially motivated,False,,2021-03-11,2021-04-26,2021-04-28,46,Third-party notification,126351,date_of_birth|name|postal_address|ssn_or_ni_number,,not_applicable,5,20052601,yes,medium,True,synthetic (Faker),
SYN-01311,Ransomware at Pearson-Bailey,Pearson-Bailey,private,Financial services,CA,Ransomware,Compromised credentials,NineSpindle,Ransomware crew,False,,2021-04-25,2021-04-28,2021-05-07,3,Security vendor / MDR,47347,phone|ssn_or_ni_number,363717,no,17,6753780,yes,high,True,synthetic (Faker),
SYN-01349,Supply chain compromise at Nixon-West,Nixon-West,private,Hospitality,GB,Supply chain compromise,Third-party supplier access,Unattributed,Ransomware crew,True,25,2021-03-05,2021-05-01,2021-05-08,57,Law enforcement notification,191103,date_of_birth|email|name|passport|phone|postal_address,,not_applicable,1,17515713,no,medium,True,synthetic (Faker),
SYN-01608,Ransomware at Martin-Jones,Martin-Jones,private,Manufacturing,US,Ransomware,Phishing,PaleHydra,Ransomware crew,False,,2021-04-30,2021-05-01,2021-05-21,1,Security vendor / MDR,4358,name|passport,1236227,no,17,1049891,yes,medium,True,synthetic (Faker),
SYN-00953,Ransomware at Rivers Foundation,Rivers Foundation,nonprofit,Charity/Nonprofit,GB,Ransomware,Exposed RDP/VPN,VelvetSiphon,Ransomware crew,False,,2021-04-30,2021-05-02,2021-05-09,2,Customer report,11275,internal_email|phone,2951287,no,41,,yes,high,True,synthetic (Faker),
SYN-01509,Ransomware at Freeman PLC,Freeman PLC,private,Retail,GB,Ransomware,Help-desk social engineering,CobaltFinch,Ransomware crew,False,,2021-05-01,2021-05-02,2021-05-17,1,Third-party notification,41840,internal_email|phone|ssn_or_ni_number,578762,yes,58,7436606,yes,high,True,synthetic (Faker),
=======
SYN-00031,Phishing campaign at Patel and Sons,Patel and Sons,vendor,Cloud/SaaS,US,Phishing campaign,Phishing,Unattributed,Ransomware crew,True,704,2021-02-17,2021-04-13,2021-04-29,55,Internal detection,14889395,donation_history|email|name|passport|phone|postal_address|safeguarding_notes,,not_applicable,0,2475717415,unknown,high,True,synthetic (Faker),
SYN-00086,Business email compromise at White LLC,White LLC,private,Retail,US,Business email compromise,Phishing,QuietFathom,Ransomware crew,False,,2020-09-12,2021-04-13,2021-04-18,213,Security vendor / MDR,66538,health|phone|postal_address,,not_applicable,0,2875996,yes,medium,True,synthetic (Faker),
SYN-00320,Data breach at New Chelseaside Council,New Chelseaside Council,public,Education,IN,Data breach,Insecure API endpoint,HollowLantern,Ransomware crew,False,,2021-03-28,2021-04-14,2021-04-21,17,Third-party notification,34153,bank_details|donation_history|email|employment|name|postal_address,,not_applicable,1,3517193,yes,medium,True,synthetic (Faker),
SYN-00590,Data breach at Kay PLC,Kay PLC,private,Healthcare,NL,Data breach,Credential stuffing,GlassMantis,Nation state,False,,2021-02-19,2021-04-16,2021-04-24,56,Routine audit,224518,credit_card|email|health|name|phone|ssn_or_ni_number,,not_applicable,5,32849435,yes,medium,True,synthetic (Faker),
SYN-00187,Unauthorised access at Lake Miranda District Board,Lake Miranda District Board,public,Education,US,Unauthorised access,Compromised credentials,VelvetSiphon,Ransomware crew,False,,2021-03-30,2021-04-19,2021-04-24,20,Law enforcement notification,10793,credit_card|internal_email|name|phone|postal_address,,not_applicable,1,1496542,yes,medium,True,synthetic (Faker),
SYN-00384,"Insider incident at Williams, Ali and Davies","Williams, Ali and Davies",vendor,Cloud/SaaS,US,Insider incident,Negligent insider,Unattributed,Insider,False,,2021-02-12,2021-04-19,2021-05-05,66,Internal detection,13566,internal_email|phone|postal_address,,not_applicable,0,908655,no,medium,True,synthetic (Faker),
SYN-00604,Phishing campaign at Jackson-Norton,Jackson-Norton,private,Healthcare,US,Phishing campaign,Phishing,Unattributed,Ransomware crew,False,,2021-04-14,2021-04-23,2021-04-27,9,Routine audit,1059912,credentials|email|health|name|postal_address|safeguarding_notes|ssn_or_ni_number,,not_applicable,0,59520502,yes,high,True,synthetic (Faker),
SYN-00185,Ransomware at Brown-Wilkinson,Brown-Wilkinson,private,Retail,US,Ransomware,Unpatched vulnerability,GlassMantis,Ransomware crew,False,,2021-04-24,2021-04-25,2021-04-30,1,Internal detection,589475,date_of_birth|email|name,3700082,yes,7,62042065,yes,medium,True,synthetic (Faker),
SYN-00008,Phishing campaign at Davis Inc,Davis Inc,private,Financial services,GB,Phishing campaign,Phishing,VelvetSiphon,Ransomware crew,False,,2021-01-31,2021-04-26,2021-05-25,85,Law enforcement notification,97069,phone|postal_address,,not_applicable,1,5963342,yes,medium,True,synthetic (Faker),
SYN-00953,Ransomware at Rivers Foundation,Rivers Foundation,nonprofit,Charity/Nonprofit,GB,Ransomware,Exposed RDP/VPN,VelvetSiphon,Ransomware crew,False,,2021-04-30,2021-05-02,2021-05-09,2,Customer report,11275,internal_email|phone,2951287,no,41,,yes,high,True,synthetic (Faker),
>>>>>>> 8a74902011229c25354fcb7e063b9152ef665657
SYN-00284,Data breach at Hospice Society,Hospice Society,nonprofit,Charity/Nonprofit,GB,Data breach,Credential stuffing,Unattributed,Unknown,False,,2021-04-07,2021-05-06,2021-05-08,29,Routine audit,1571,credentials|credit_card|donation_history|email|name|passport|postal_address|safeguarding_notes,,not_applicable,0,,yes,medium,True,synthetic (Faker),
REAL-0012,Colonial Pipeline ransomware,Colonial Pipeline,private,Energy,US,Ransomware,"Compromised credentials (legacy VPN, no MFA)",DarkSide,Ransomware crew,False,,2021-04-29,2021-05-07,2021-05-08,8,Internal detection,,internal_data,4400000,yes,6,,yes,critical,False,"US DOJ; congressional testimony, Jun 2021",~$2.3M of the ransom later recovered by DOJ.
SYN-00076,Unauthorised access at Watts LLC,Watts LLC,private,Healthcare,DE,Unauthorised access,MFA fatigue,Unattributed,Hacktivist,False,,2021-03-29,2021-05-07,2021-05-18,39,Internal detection,16162,bank_details|credit_card|donation_history|email|employment|health|phone|postal_address,,not_applicable,0,2232994,yes,medium,True,synthetic (Faker),
SYN-00155,Data breach at Arnold Inc,Arnold Inc,private,Legal/Professional,GB,Data breach,Compromised credentials,Unattributed,Ransomware crew,False,,2021-03-28,2021-05-08,2021-05-16,41,Law enforcement notification,815,bank_details|email|employment|internal_email|name|passport|postal_address,,not_applicable,0,290668,yes,medium,True,synthetic (Faker),
SYN-00231,Unauthorised access at White Group,White Group,private,Manufacturing,GB,Unauthorised access,MFA fatigue,DimStag,Ransomware crew,False,,2021-02-27,2021-05-08,2021-05-13,70,Third-party notification,84402,bank_details|donation_history|phone|postal_address,,not_applicable,0,10566396,no,medium,True,synthetic (Faker),
SYN-00936,Supply chain compromise at Smith LLC,Smith LLC,private,Retail,CA,Supply chain compromise,Third-party supplier access,TinCathedral,Ransomware crew,True,16,2021-01-15,2021-05-08,2021-05-09,113,Internal detection,250102,credit_card|email|employment|passport|phone|postal_address|ssn_or_ni_number,,not_applicable,1,19427068,yes,high,True,synthetic (Faker),
<<<<<<< HEAD
SYN-01234,Business email compromise at Beacon Hill Foundation,Beacon Hill Foundation,nonprofit,Charity/Nonprofit,US,Business email compromise,Phishing,Unattributed,Hacktivist,False,,2021-05-05,2021-05-08,2021-05-10,3,Security vendor / MDR,,not_applicable,,not_applicable,0,89737,no,medium,True,synthetic (Faker),
SYN-00064,Phishing campaign at Baldwinshire Council,Baldwinshire Council,public,Education,SG,Phishing campaign,Phishing,Unattributed,Nation state,False,,2021-04-08,2021-05-09,2021-05-12,31,Third-party notification,67511,bank_details|email|name|phone|postal_address|safeguarding_notes,422860,no,0,1888339,yes,medium,True,synthetic (Faker),
SYN-01155,"DDoS at Smith, Page and Wilson","Smith, Page and Wilson",private,Financial services,GB,DDoS,Volumetric flood,Unattributed,Financially motivated,False,,2021-05-08,2021-05-09,2021-05-17,1,Internal detection,,not_applicable,,not_applicable,1,154707,no,medium,True,synthetic (Faker),
SYN-00248,"DDoS at Campbell, Spencer and Thompson","Campbell, Spencer and Thompson",private,Manufacturing,US,DDoS,Application-layer flood,QuietFathom,Nation state,False,,2021-05-09,2021-05-11,2021-06-17,2,Law enforcement notification,,not_applicable,,not_applicable,2,366033,no,low,True,synthetic (Faker),
SYN-01780,Ransomware at Maxwell-Jenkins,Maxwell-Jenkins,private,Financial services,US,Ransomware,Compromised credentials,Unattributed,Ransomware crew,False,,2021-05-09,2021-05-11,2021-05-27,2,Internal detection,327136,credit_card|postal_address,553562,no,12,22966757,yes,medium,True,synthetic (Faker),
SYN-01408,"Data breach at Yu, Salazar and Garrett","Yu, Salazar and Garrett",vendor,Nonprofit technology,DE,Data breach,Compromised credentials,Unattributed,Financially motivated,True,13,2021-05-08,2021-05-13,2021-05-22,5,Third-party notification,4246599,bank_details|credentials|credit_card|donation_history|email|name|phone,,not_applicable,0,424932812,yes,high,True,synthetic (Faker),
SYN-01539,DDoS at Gilbert-West,Gilbert-West,private,Retail,CA,DDoS,Volumetric flood,Unattributed,Financially motivated,False,,2021-05-15,2021-05-17,2021-06-04,2,Routine audit,,not_applicable,,not_applicable,1,282607,unknown,medium,True,synthetic (Faker),
SYN-00757,Ransomware at Refuge Support,Refuge Support,nonprofit,Charity/Nonprofit,IN,Ransomware,Unpatched vulnerability,RustVulture,Ransomware crew,False,,2021-05-16,2021-05-18,2021-05-25,2,Internal detection,18719,donation_history|email|postal_address,175599,no,31,1623046,yes,high,True,synthetic (Faker),
SYN-01115,Unauthorised access at Akhtar PLC,Akhtar PLC,private,Healthcare,US,Unauthorised access,MFA fatigue,Unattributed,Insider,False,,2020-12-03,2021-05-19,2021-05-20,167,Internal detection,30732,date_of_birth|email|employment|health|name|postal_address|safeguarding_notes|ssn_or_ni_number,,not_applicable,3,2183360,yes,medium,True,synthetic (Faker),
SYN-00385,Data breach at Morrisonmouth NHS Trust,Morrisonmouth NHS Trust,public,Energy/Utilities,CA,Data breach,Phishing,QuietFathom,Ransomware crew,False,,2021-05-04,2021-05-22,2021-05-26,18,Internal detection,456,credentials|postal_address,,not_applicable,0,398764,yes,low,True,synthetic (Faker),
SYN-01640,Data breach at Shelter Society,Shelter Society,nonprofit,Charity/Nonprofit,US,Data breach,Credential stuffing,Unattributed,Financially motivated,False,,2021-03-13,2021-05-24,2021-05-29,72,Third-party notification,34176,email|health|name|phone|safeguarding_notes|ssn_or_ni_number,,not_applicable,0,2303853,yes,medium,True,synthetic (Faker),
SYN-01671,Business email compromise at Smith Group,Smith Group,private,Manufacturing,GB,Business email compromise,Phishing,Unattributed,Nation state,False,,2020-10-08,2021-05-25,2021-06-04,229,Security vendor / MDR,,not_applicable,,not_applicable,9,878784,no,medium,True,synthetic (Faker),
SYN-00994,Ransomware at French and Sons,French and Sons,private,Logistics,IN,Ransomware,Third-party supplier access,GlassMantis,Ransomware crew,True,357,2021-05-20,2021-05-29,2021-06-18,9,Internal detection,681197,donation_history|email|health|name,1264207,no,46,124406059,no,critical,True,synthetic (Faker),
SYN-01708,"Unauthorised access at Patel, Bryan and Lam","Patel, Bryan and Lam",vendor,Nonprofit technology,AU,Unauthorised access,Compromised credentials,SlateWarden,Ransomware crew,True,161,2021-04-11,2021-05-30,2021-06-01,49,Customer report,70215,internal_email|name,,not_applicable,0,10085580,yes,medium,True,synthetic (Faker),
SYN-01771,Data breach at Brown LLC,Brown LLC,private,Manufacturing,GB,Data breach,Credential stuffing,Unattributed,Unknown,False,,2021-05-10,2021-05-30,2021-06-08,20,Internal detection,56454,credit_card|email|passport|phone|postal_address|ssn_or_ni_number,,not_applicable,3,7784339,unknown,medium,True,synthetic (Faker),
SYN-01287,Supply chain compromise at Lopezland Authority,Lopezland Authority,public,Education,GB,Supply chain compromise,Third-party supplier access,TinCathedral,Ransomware crew,True,669,2021-03-24,2021-06-02,2021-06-04,70,Internal detection,250455,credentials|date_of_birth|email|employment|name|phone,,not_applicable,0,39960609,yes,medium,True,synthetic (Faker),
SYN-01904,Business email compromise at Lantern Fund,Lantern Fund,nonprofit,Charity/Nonprofit,US,Business email compromise,Phishing,ObsidianKoi,Nation state,False,,2021-04-17,2021-06-02,2021-06-04,46,Internal detection,432,name|postal_address,,not_applicable,6,285329,yes,medium,True,synthetic (Faker),
=======
SYN-00064,Phishing campaign at Baldwinshire Council,Baldwinshire Council,public,Education,SG,Phishing campaign,Phishing,Unattributed,Nation state,False,,2021-04-08,2021-05-09,2021-05-12,31,Third-party notification,67511,bank_details|email|name|phone|postal_address|safeguarding_notes,422860,no,0,1888339,yes,medium,True,synthetic (Faker),
SYN-00248,"DDoS at Campbell, Spencer and Thompson","Campbell, Spencer and Thompson",private,Manufacturing,US,DDoS,Application-layer flood,QuietFathom,Nation state,False,,2021-05-09,2021-05-11,2021-06-17,2,Law enforcement notification,,not_applicable,,not_applicable,2,366033,no,low,True,synthetic (Faker),
SYN-00757,Ransomware at Refuge Support,Refuge Support,nonprofit,Charity/Nonprofit,IN,Ransomware,Unpatched vulnerability,RustVulture,Ransomware crew,False,,2021-05-16,2021-05-18,2021-05-25,2,Internal detection,18719,donation_history|email|postal_address,175599,no,31,1623046,yes,high,True,synthetic (Faker),
SYN-00385,Data breach at Morrisonmouth NHS Trust,Morrisonmouth NHS Trust,public,Energy/Utilities,CA,Data breach,Phishing,QuietFathom,Ransomware crew,False,,2021-05-04,2021-05-22,2021-05-26,18,Internal detection,456,credentials|postal_address,,not_applicable,0,398764,yes,low,True,synthetic (Faker),
SYN-00994,Ransomware at French and Sons,French and Sons,private,Logistics,IN,Ransomware,Third-party supplier access,GlassMantis,Ransomware crew,True,357,2021-05-20,2021-05-29,2021-06-18,9,Internal detection,681197,donation_history|email|health|name,1264207,no,46,124406059,no,critical,True,synthetic (Faker),
>>>>>>> 8a74902011229c25354fcb7e063b9152ef665657
SYN-00268,Ransomware at Rose-Allan,Rose-Allan,private,Legal/Professional,GB,Ransomware,Third-party supplier access,VelvetSiphon,Ransomware crew,True,25,2021-06-02,2021-06-04,2021-06-05,2,Public leak / dark web,220139,credit_card|email|employment|health|passport|phone|safeguarding_notes,670256,no,9,17061786,yes,high,True,synthetic (Faker),
SYN-00720,Phishing campaign at Armstrong-Farley,Armstrong-Farley,vendor,Cloud/SaaS,US,Phishing campaign,Phishing,Unattributed,Unknown,False,,2021-05-10,2021-06-04,2021-06-11,25,Internal detection,113645,credentials|date_of_birth|health|name|phone|postal_address,,not_applicable,1,11838993,unknown,medium,True,synthetic (Faker),
SYN-00514,Ransomware at Youth Care,Youth Care,nonprofit,Charity/Nonprofit,GB,Ransomware,Compromised credentials,Unattributed,Ransomware crew,False,,2021-05-26,2021-06-06,2021-06-14,11,Routine audit,12377,credentials|phone|safeguarding_notes,14803070,no,7,1032058,yes,high,True,synthetic (Faker),
SYN-00461,"Insider incident at Johnson, Poole and Haynes","Johnson, Poole and Haynes",private,Manufacturing,GB,Insider incident,Negligent insider,Unattributed,Insider,False,,2021-01-23,2021-06-10,2021-06-11,138,Customer report,2380,email|name|postal_address,,not_applicable,0,222514,no,low,True,synthetic (Faker),
SYN-00494,Unauthorised access at Begum-Newton,Begum-Newton,private,Healthcare,GB,Unauthorised access,MFA fatigue,CobaltFinch,Ransomware crew,False,,2021-06-06,2021-06-10,2021-06-14,4,Public leak / dark web,1052611,donation_history|employment|health|name|passport|phone|safeguarding_notes,,not_applicable,0,46453318,yes,high,True,synthetic (Faker),
<<<<<<< HEAD
SYN-01554,Data breach at Graham Group,Graham Group,private,Retail,FR,Data breach,Third-party supplier access,Unattributed,Insider,True,15,2021-05-30,2021-06-11,2021-08-22,12,Customer report,3580735,bank_details|email|employment|passport|phone|postal_address|ssn_or_ni_number,,not_applicable,0,172424375,yes,high,True,synthetic (Faker),
SYN-01704,"Ransomware at Clark, Jones and Singh","Clark, Jones and Singh",vendor,Nonprofit technology,GB,Ransomware,Compromised credentials,Unattributed,Ransomware crew,True,1007,2021-06-08,2021-06-12,2021-06-16,4,Security vendor / MDR,1454770,health|internal_email|name|phone|postal_address|safeguarding_notes,2138585,undisclosed,70,200970169,yes,critical,True,synthetic (Faker),
SYN-01741,Ransomware at Evans-Rose,Evans-Rose,private,Healthcare,US,Ransomware,Compromised credentials,DimStag,Ransomware crew,False,,2021-06-03,2021-06-12,2021-06-13,9,Internal detection,1014676,credentials|credit_card|date_of_birth|donation_history|health|phone|postal_address|ssn_or_ni_number,116772,yes,4,,yes,high,True,synthetic (Faker),
SYN-00687,"Phishing campaign at Walsh, Moore and Hayward","Walsh, Moore and Hayward",vendor,Nonprofit technology,GB,Phishing campaign,Phishing,Unattributed,Hacktivist,False,,2021-06-01,2021-06-13,2021-06-14,12,Routine audit,136704,credit_card|email|name|phone|postal_address|safeguarding_notes,,not_applicable,4,7405405,yes,medium,True,synthetic (Faker),
SYN-01026,Supply chain compromise at Gates Group,Gates Group,private,Healthcare,GB,Supply chain compromise,Third-party supplier access,Unattributed,Unknown,True,138,2021-04-28,2021-06-16,2021-06-16,49,Internal detection,1505514,date_of_birth|email|employment|health|name|phone|postal_address,,not_applicable,12,215446867,yes,critical,True,synthetic (Faker),
SYN-00428,Ransomware at Morrison-Simmons,Morrison-Simmons,private,Manufacturing,US,Ransomware,Unpatched vulnerability,PaleHydra,Ransomware crew,False,,2021-06-16,2021-06-17,2021-06-25,1,Internal detection,10925,bank_details|email|health|name|phone|postal_address,6237848,no,5,1300853,yes,medium,True,synthetic (Faker),
SYN-01331,Business email compromise at North Callumburgh District Board,North Callumburgh District Board,public,Local government,GB,Business email compromise,Phishing,GlassMantis,Ransomware crew,False,,2021-05-20,2021-06-18,2021-06-28,29,Public leak / dark web,,not_applicable,445722,undisclosed,1,,no,low,True,synthetic (Faker),
SYN-01698,"Ransomware at Francis, Wallace and Newman","Francis, Wallace and Newman",vendor,Nonprofit technology,GB,Ransomware,Phishing,Unattributed,Ransomware crew,False,,2021-06-08,2021-06-20,2021-06-25,12,Customer report,180757,credentials|email|employment|name|phone|postal_address|safeguarding_notes,34825,undisclosed,2,26823707,yes,medium,True,synthetic (Faker),
SYN-00666,Unauthorised access at Rivers Fund,Rivers Fund,nonprofit,Charity/Nonprofit,US,Unauthorised access,Insecure API endpoint,NineSpindle,Ransomware crew,False,,2021-05-09,2021-06-21,2021-06-27,43,Law enforcement notification,31392,donation_history|employment|name|ssn_or_ni_number,,not_applicable,1,,yes,medium,True,synthetic (Faker),
SYN-01922,Business email compromise at Jameschester Authority,Jameschester Authority,public,Local government,US,Business email compromise,MFA fatigue,Unattributed,Unknown,False,,2021-06-07,2021-06-24,2021-06-26,17,Internal detection,,not_applicable,,not_applicable,8,317615,unknown,medium,True,synthetic (Faker),
SYN-01583,"Data breach at Pritchard, Little and Barnett","Pritchard, Little and Barnett",private,Financial services,US,Data breach,Insecure API endpoint,Unattributed,Unknown,False,,2020-10-21,2021-06-26,2021-06-26,248,Public leak / dark web,45117,date_of_birth|donation_history|email|health|phone,,not_applicable,0,,yes,medium,True,synthetic (Faker),
SYN-00744,Business email compromise at Archer-Forster,Archer-Forster,private,Logistics,US,Business email compromise,Phishing,Unattributed,Ransomware crew,False,,2021-04-01,2021-06-27,2021-06-30,87,Third-party notification,,not_applicable,,not_applicable,0,102028,no,medium,True,synthetic (Faker),
SYN-00974,Ransomware at Anderson-Reyes,Anderson-Reyes,private,Manufacturing,CA,Ransomware,Exposed RDP/VPN,NorthQuarry,Ransomware crew,False,,2021-06-29,2021-06-29,2021-07-02,0,Internal detection,139737,credentials|email|name|passport|phone|postal_address,418471,undisclosed,14,13955196,no,medium,True,synthetic (Faker),
SYN-01622,Ransomware at Wilkinson-Hunt,Wilkinson-Hunt,vendor,Cloud/SaaS,GB,Ransomware,Unpatched vulnerability,Unattributed,Ransomware crew,False,,2021-06-30,2021-06-30,2021-07-05,0,Third-party notification,2192118,credit_card|email|employment|internal_email|name|phone|postal_address,346919,no,26,,yes,high,True,synthetic (Faker),
REAL-0011,Kaseya VSA supply-chain ransomware,Kaseya,vendor,Software,US,Ransomware,Zero-day exploit (CVE-2021-30116),REvil/Sodinokibi,Ransomware crew,True,1500,2021-07-02,2021-07-02,2021-07-02,0,Third-party notification,,encrypted_systems,70000000,no,10,,yes,critical,False,CISA advisory AA21-183A; Kaseya statements,"MSP tooling abused to reach ~1,500 downstream SMEs in one afternoon."
SYN-00346,Unauthorised access at South Monicamouth NHS Trust,South Monicamouth NHS Trust,public,Local government,FR,Unauthorised access,Compromised credentials,TinCathedral,Ransomware crew,False,,2021-06-02,2021-07-02,2021-07-15,30,Internal detection,624,email|phone,,not_applicable,1,,yes,low,True,synthetic (Faker),
SYN-01735,Phishing campaign at Morgan PLC,Morgan PLC,private,Legal/Professional,NL,Phishing campaign,Phishing,NineSpindle,Ransomware crew,False,,2021-06-26,2021-07-02,2021-07-03,6,Internal detection,34708,donation_history|email|health|phone|postal_address|ssn_or_ni_number,,not_applicable,0,1213510,yes,medium,True,synthetic (Faker),
SYN-01662,Ransomware at Smith-Richards,Smith-Richards,private,Hospitality,US,Ransomware,Exposed RDP/VPN,QuietFathom,Ransomware crew,False,,2021-07-02,2021-07-03,2021-07-12,1,Internal detection,517140,credentials|credit_card|donation_history|email|name|phone|postal_address,123018,no,9,92635253,yes,medium,True,synthetic (Faker),
SYN-01993,"Unauthorised access at Cole, Morton and Peterson","Cole, Morton and Peterson",private,Retail,AU,Unauthorised access,Help-desk social engineering,NineSpindle,Ransomware crew,False,,2021-06-15,2021-07-03,2021-07-04,18,Security vendor / MDR,188852,credit_card|employment|internal_email|name|phone|postal_address|safeguarding_notes,,not_applicable,1,30538689,yes,medium,True,synthetic (Faker),
=======
SYN-00687,"Phishing campaign at Walsh, Moore and Hayward","Walsh, Moore and Hayward",vendor,Nonprofit technology,GB,Phishing campaign,Phishing,Unattributed,Hacktivist,False,,2021-06-01,2021-06-13,2021-06-14,12,Routine audit,136704,credit_card|email|name|phone|postal_address|safeguarding_notes,,not_applicable,4,7405405,yes,medium,True,synthetic (Faker),
SYN-00428,Ransomware at Morrison-Simmons,Morrison-Simmons,private,Manufacturing,US,Ransomware,Unpatched vulnerability,PaleHydra,Ransomware crew,False,,2021-06-16,2021-06-17,2021-06-25,1,Internal detection,10925,bank_details|email|health|name|phone|postal_address,6237848,no,5,1300853,yes,medium,True,synthetic (Faker),
SYN-00666,Unauthorised access at Rivers Fund,Rivers Fund,nonprofit,Charity/Nonprofit,US,Unauthorised access,Insecure API endpoint,NineSpindle,Ransomware crew,False,,2021-05-09,2021-06-21,2021-06-27,43,Law enforcement notification,31392,donation_history|employment|name|ssn_or_ni_number,,not_applicable,1,,yes,medium,True,synthetic (Faker),
SYN-00744,Business email compromise at Archer-Forster,Archer-Forster,private,Logistics,US,Business email compromise,Phishing,Unattributed,Ransomware crew,False,,2021-04-01,2021-06-27,2021-06-30,87,Third-party notification,,not_applicable,,not_applicable,0,102028,no,medium,True,synthetic (Faker),
SYN-00974,Ransomware at Anderson-Reyes,Anderson-Reyes,private,Manufacturing,CA,Ransomware,Exposed RDP/VPN,NorthQuarry,Ransomware crew,False,,2021-06-29,2021-06-29,2021-07-02,0,Internal detection,139737,credentials|email|name|passport|phone|postal_address,418471,undisclosed,14,13955196,no,medium,True,synthetic (Faker),
REAL-0011,Kaseya VSA supply-chain ransomware,Kaseya,vendor,Software,US,Ransomware,Zero-day exploit (CVE-2021-30116),REvil/Sodinokibi,Ransomware crew,True,1500,2021-07-02,2021-07-02,2021-07-02,0,Third-party notification,,encrypted_systems,70000000,no,10,,yes,critical,False,CISA advisory AA21-183A; Kaseya statements,"MSP tooling abused to reach ~1,500 downstream SMEs in one afternoon."
SYN-00346,Unauthorised access at South Monicamouth NHS Trust,South Monicamouth NHS Trust,public,Local government,FR,Unauthorised access,Compromised credentials,TinCathedral,Ransomware crew,False,,2021-06-02,2021-07-02,2021-07-15,30,Internal detection,624,email|phone,,not_applicable,1,,yes,low,True,synthetic (Faker),
>>>>>>> 8a74902011229c25354fcb7e063b9152ef665657
SYN-00902,"Ransomware at Smith, Walker and Johnston","Smith, Walker and Johnston",private,Retail,GB,Ransomware,Compromised credentials,SlateWarden,Ransomware crew,False,,2021-07-03,2021-07-04,2021-08-13,1,Internal detection,68100,email|phone|ssn_or_ni_number,388958,undisclosed,13,1641620,yes,high,True,synthetic (Faker),
SYN-00505,Ransomware at Frye-Stevens,Frye-Stevens,private,Healthcare,FR,Ransomware,Third-party supplier access,VelvetSiphon,Ransomware crew,True,32,2021-06-29,2021-07-05,2021-07-21,6,Public leak / dark web,2526348,bank_details|health|safeguarding_notes,247552,undisclosed,2,,yes,high,True,synthetic (Faker),
SYN-00777,Unauthorised access at Murphy-Evans,Murphy-Evans,private,Manufacturing,GB,Unauthorised access,Help-desk social engineering,Unattributed,Unknown,False,,2021-03-22,2021-07-05,2021-07-09,105,Third-party notification,4532,credit_card|employment|phone,,not_applicable,0,,no,low,True,synthetic (Faker),
SYN-00887,Data breach at Lake Amyburgh Authority,Lake Amyburgh Authority,public,Local government,GB,Data breach,Insecure API endpoint,Unattributed,Ransomware crew,False,,2021-06-21,2021-07-05,2021-07-13,14,Customer report,13577,bank_details|credentials|email|name|phone|postal_address,,not_applicable,0,,yes,medium,True,synthetic (Faker),
<<<<<<< HEAD
SYN-01184,Phishing campaign at Lopez-Fletcher,Lopez-Fletcher,private,Manufacturing,NL,Phishing campaign,Phishing,Unattributed,Insider,False,,2021-06-25,2021-07-06,2021-07-22,11,Routine audit,1389,credentials|donation_history|internal_email|name|postal_address|ssn_or_ni_number,,not_applicable,0,,unknown,medium,True,synthetic (Faker),
SYN-01179,"Ransomware at Hill, Wilson and Roberts","Hill, Wilson and Roberts",private,Legal/Professional,NL,Ransomware,Exposed RDP/VPN,ObsidianKoi,Ransomware crew,False,,2021-07-05,2021-07-08,2021-07-09,3,Security vendor / MDR,119428,credentials|email,127528,no,7,10474656,yes,medium,True,synthetic (Faker),
SYN-01838,"Ransomware at Rhodes, Miranda and Mitchell","Rhodes, Miranda and Mitchell",vendor,Software,US,Ransomware,Unpatched vulnerability,GlassMantis,Ransomware crew,False,,2021-05-14,2021-07-10,2021-07-16,57,Security vendor / MDR,1507767,credentials|date_of_birth|email|name|phone|postal_address,6364388,yes,25,236605850,yes,high,True,synthetic (Faker),
SYN-01066,Supply chain compromise at Lantern Aid,Lantern Aid,nonprofit,Charity/Nonprofit,GB,Supply chain compromise,Malicious dependency,Unattributed,Unknown,True,24,2021-05-10,2021-07-11,2021-08-15,62,Security vendor / MDR,66216,name|ssn_or_ni_number,,not_applicable,3,,yes,high,True,synthetic (Faker),
SYN-01529,DDoS at Jones-Clark,Jones-Clark,vendor,Cloud/SaaS,GB,DDoS,Application-layer flood,AmberBastion,Ransomware crew,True,213,2021-07-10,2021-07-11,2021-07-12,1,Customer report,,not_applicable,,not_applicable,1,271927,no,medium,True,synthetic (Faker),
SYN-00706,Business email compromise at Jackson-Cunningham,Jackson-Cunningham,private,Retail,GB,Business email compromise,Phishing,Unattributed,Financially motivated,False,,2021-06-24,2021-07-13,2021-07-18,19,Security vendor / MDR,,not_applicable,,not_applicable,0,,unknown,low,True,synthetic (Faker),
SYN-00596,Ransomware at Green-Hunt,Green-Hunt,private,Financial services,US,Ransomware,Exposed RDP/VPN,AmberBastion,Ransomware crew,False,,2021-07-12,2021-07-15,2021-07-23,3,Internal detection,73087,bank_details|email|passport|phone,1169880,no,11,,yes,high,True,synthetic (Faker),
SYN-01980,Ransomware at Lewis Group,Lewis Group,private,Financial services,NL,Ransomware,Unpatched vulnerability,Unattributed,Ransomware crew,False,,2021-07-14,2021-07-15,2021-08-01,1,Third-party notification,17687,bank_details|email|name,23542,yes,81,,yes,high,True,synthetic (Faker),
=======
SYN-00706,Business email compromise at Jackson-Cunningham,Jackson-Cunningham,private,Retail,GB,Business email compromise,Phishing,Unattributed,Financially motivated,False,,2021-06-24,2021-07-13,2021-07-18,19,Security vendor / MDR,,not_applicable,,not_applicable,0,,unknown,low,True,synthetic (Faker),
SYN-00596,Ransomware at Green-Hunt,Green-Hunt,private,Financial services,US,Ransomware,Exposed RDP/VPN,AmberBastion,Ransomware crew,False,,2021-07-12,2021-07-15,2021-07-23,3,Internal detection,73087,bank_details|email|passport|phone,1169880,no,11,,yes,high,True,synthetic (Faker),
>>>>>>> 8a74902011229c25354fcb7e063b9152ef665657
SYN-00704,Supply chain compromise at Robson-Lowe,Robson-Lowe,private,Logistics,GB,Supply chain compromise,Trojanised software update,ObsidianKoi,Ransomware crew,True,13,2021-02-15,2021-07-18,2021-08-04,153,Public leak / dark web,59701,email|health|name|passport|phone|postal_address|safeguarding_notes,,not_applicable,8,,yes,high,True,synthetic (Faker),
SYN-00743,Ransomware at Garner-Jones,Garner-Jones,vendor,Software,GB,Ransomware,Unpatched vulnerability,IronMagpie,Ransomware crew,True,146,2021-07-16,2021-07-18,2021-07-19,2,Routine audit,363607,credit_card|email|internal_email|name|passport|postal_address|ssn_or_ni_number,9521922,yes,3,59171234,yes,high,True,synthetic (Faker),
SYN-00115,Data breach at Cardenas and Sons,Cardenas and Sons,private,Logistics,CA,Data breach,Insecure API endpoint,Unattributed,Unknown,False,,2021-07-06,2021-07-20,2021-07-28,14,Internal detection,3643,email|employment|safeguarding_notes|ssn_or_ni_number,,not_applicable,0,818469,yes,medium,True,synthetic (Faker),
SYN-00578,Phishing campaign at Hodgson-Long,Hodgson-Long,private,Manufacturing,GB,Phishing campaign,Phishing,Unattributed,Unknown,False,,2021-07-12,2021-07-20,2021-07-22,8,Internal detection,687,name|postal_address,355615,no,0,380146,no,low,True,synthetic (Faker),
<<<<<<< HEAD
SYN-01605,Ransomware at Shelter Care,Shelter Care,nonprofit,Charity/Nonprofit,US,Ransomware,Compromised credentials,RustVulture,Ransomware crew,False,,2021-07-08,2021-07-20,2021-08-09,12,Customer report,3999,bank_details|credit_card|donation_history|email|health|phone|postal_address,434855,undisclosed,37,978247,yes,high,True,synthetic (Faker),
SYN-01800,"Ransomware at Pearce, Gibson and Whitehead","Pearce, Gibson and Whitehead",private,Hospitality,NL,Ransomware,Compromised credentials,PaleHydra,Ransomware crew,False,,2021-07-20,2021-07-20,2021-08-12,0,Security vendor / MDR,86413,credit_card|email|internal_email|phone|safeguarding_notes,203148,no,2,,yes,medium,True,synthetic (Faker),
SYN-00990,Data breach at Kindling Aid,Kindling Aid,nonprofit,Charity/Nonprofit,US,Data breach,Compromised credentials,Unattributed,Unknown,False,,2021-05-31,2021-07-23,2021-07-27,53,Third-party notification,1051,donation_history|name|phone|ssn_or_ni_number,,not_applicable,2,190031,yes,medium,True,synthetic (Faker),
SYN-01310,Ransomware at James PLC,James PLC,private,Logistics,NL,Ransomware,Compromised credentials,ObsidianKoi,Ransomware crew,False,,2021-07-20,2021-07-23,2021-07-24,3,Security vendor / MDR,531049,date_of_birth|email|employment|phone|postal_address,1443844,undisclosed,35,91177838,no,high,True,synthetic (Faker),
SYN-00156,Business email compromise at Hospice Alliance,Hospice Alliance,nonprofit,Charity/Nonprofit,NL,Business email compromise,Compromised credentials,NineSpindle,Ransomware crew,False,,2021-04-02,2021-07-24,2021-07-25,113,Internal detection,,not_applicable,,not_applicable,0,174396,unknown,low,True,synthetic (Faker),
SYN-01616,Ransomware at King LLC,King LLC,private,Healthcare,GB,Ransomware,Compromised credentials,RustVulture,Ransomware crew,False,,2021-07-19,2021-07-26,2021-07-26,7,Internal detection,1715139,email|health|name|phone|safeguarding_notes,242399,undisclosed,49,,yes,critical,True,synthetic (Faker),
SYN-00535,Ransomware at Morales Inc,Morales Inc,private,Retail,GB,Ransomware,Compromised credentials,CobaltFinch,Ransomware crew,False,,2021-07-16,2021-07-28,2021-08-31,12,Internal detection,2569234,bank_details|date_of_birth|phone|postal_address|safeguarding_notes|ssn_or_ni_number,509817,no,138,193867919,yes,critical,True,synthetic (Faker),
SYN-00449,Ransomware at Naylor-Connolly,Naylor-Connolly,private,Financial services,GB,Ransomware,Exposed RDP/VPN,Unattributed,Ransomware crew,False,,2021-07-27,2021-07-29,2021-08-07,2,Customer report,19783,credit_card|donation_history|email|internal_email|name|postal_address|safeguarding_notes,204862,no,9,3213577,yes,high,True,synthetic (Faker),
SYN-01054,Ransomware at East Sara Authority,East Sara Authority,public,Education,FR,Ransomware,Compromised credentials,Unattributed,Ransomware crew,False,,2021-07-28,2021-07-30,2021-10-10,2,Customer report,75942,credit_card|email|postal_address|safeguarding_notes,189552,undisclosed,11,12608642,yes,high,True,synthetic (Faker),
SYN-01141,Unauthorised access at Evanstown Council,Evanstown Council,public,Local government,AU,Unauthorised access,Compromised credentials,Unattributed,Unknown,False,,2021-07-28,2021-08-01,2021-08-09,4,Internal detection,749802,bank_details|credit_card|employment|name|passport|phone,,not_applicable,0,31791056,yes,medium,True,synthetic (Faker),
SYN-00111,Phishing campaign at Clark-Floyd,Clark-Floyd,private,Hospitality,IE,Phishing campaign,Phishing,GlassMantis,Ransomware crew,False,,2021-05-15,2021-08-02,2021-08-04,79,Security vendor / MDR,260975,date_of_birth|donation_history|employment|health|name|phone|ssn_or_ni_number,637947,no,0,25314090,yes,medium,True,synthetic (Faker),
SYN-01683,Phishing campaign at Mills PLC,Mills PLC,private,Hospitality,GB,Phishing campaign,Phishing,Unattributed,Financially motivated,False,,2021-08-02,2021-08-04,2021-08-07,2,Internal detection,132724,credentials|email|name|phone|postal_address,421048,undisclosed,12,13587705,no,medium,True,synthetic (Faker),
SYN-01347,Phishing campaign at Gutierrez-Schultz,Gutierrez-Schultz,private,Healthcare,IE,Phishing campaign,Phishing,Unattributed,Financially motivated,False,,2021-08-02,2021-08-07,2021-08-13,5,Third-party notification,188594,credit_card|donation_history|health|name|phone|postal_address|ssn_or_ni_number,,not_applicable,0,30009470,yes,medium,True,synthetic (Faker),
SYN-01629,Data breach at Fowler Inc,Fowler Inc,private,Hospitality,DE,Data breach,Phishing,Unattributed,Ransomware crew,False,,2021-07-29,2021-08-07,2021-08-12,9,Security vendor / MDR,85861,bank_details|credentials|credit_card|email|employment|internal_email|postal_address,,not_applicable,1,5679365,no,medium,True,synthetic (Faker),
SYN-01792,Ransomware at Dean Ltd,Dean Ltd,private,Healthcare,US,Ransomware,Exposed RDP/VPN,RustVulture,Ransomware crew,False,,2021-08-03,2021-08-07,2021-09-09,4,Public leak / dark web,73200,email|health|name|postal_address,161129,no,36,9469505,yes,high,True,synthetic (Faker),
SYN-00593,"Ransomware at Watkins, Jones and Smith","Watkins, Jones and Smith",vendor,Software,DE,Ransomware,Unpatched vulnerability,NorthQuarry,Ransomware crew,True,4292,2021-08-03,2021-08-09,2021-08-11,6,Law enforcement notification,1042817,internal_email|name|postal_address,6126027,yes,2,48420399,no,high,True,synthetic (Faker),
SYN-01736,Ransomware at Thomasport Council,Thomasport Council,public,Energy/Utilities,GB,Ransomware,Exposed RDP/VPN,HollowLantern,Ransomware crew,False,,2021-08-09,2021-08-10,2021-08-18,1,Third-party notification,1474,date_of_birth|donation_history|email|health|postal_address,3685059,no,36,,yes,high,True,synthetic (Faker),
SYN-00752,Business email compromise at Parsonschester Council,Parsonschester Council,public,Energy/Utilities,AU,Business email compromise,MFA fatigue,Unattributed,Unknown,False,,2021-07-20,2021-08-12,2021-08-15,23,Third-party notification,,not_applicable,427435,undisclosed,0,182163,no,medium,True,synthetic (Faker),
SYN-01921,Supply chain compromise at Refuge Trust,Refuge Trust,nonprofit,Charity/Nonprofit,DE,Supply chain compromise,Trojanised software update,Unattributed,Ransomware crew,True,38,2020-07-17,2021-08-12,2021-08-20,391,Security vendor / MDR,50816,email|health|name|phone|postal_address|ssn_or_ni_number,,not_applicable,5,,yes,high,True,synthetic (Faker),
SYN-00296,Ransomware at Wellbeing Foundation,Wellbeing Foundation,nonprofit,Charity/Nonprofit,DE,Ransomware,Unpatched vulnerability,QuietFathom,Ransomware crew,False,,2021-08-06,2021-08-14,2021-08-20,8,Internal detection,726,date_of_birth|email|name|postal_address,13572,yes,18,686715,yes,medium,True,synthetic (Faker),
SYN-00419,"Phishing campaign at Kennedy, Johnson and Lucas","Kennedy, Johnson and Lucas",vendor,Nonprofit technology,CA,Phishing campaign,Phishing,CobaltFinch,Ransomware crew,True,11,2021-08-12,2021-08-15,2021-08-18,3,Internal detection,6473518,bank_details|date_of_birth|donation_history|email|name|passport,1832508,no,3,258219717,yes,high,True,synthetic (Faker),
SYN-01733,"Data breach at Atkins, Wall and Gibbons","Atkins, Wall and Gibbons",private,Healthcare,US,Data breach,Misconfigured cloud storage,PaleHydra,Ransomware crew,False,,2021-06-30,2021-08-15,2021-09-08,46,Routine audit,188576,date_of_birth|health|passport|phone|postal_address,,not_applicable,3,14540355,yes,medium,True,synthetic (Faker),
SYN-00518,Data breach at Derrickshire Council,Derrickshire Council,public,Education,US,Data breach,Unpatched vulnerability,Unattributed,Unknown,False,,2021-02-28,2021-08-16,2021-08-26,169,Law enforcement notification,178735,bank_details|credentials|email|name|postal_address|ssn_or_ni_number,56051,no,0,,yes,medium,True,synthetic (Faker),
SYN-00760,Supply chain compromise at McDonald-Clarke,McDonald-Clarke,vendor,Nonprofit technology,FR,Supply chain compromise,Third-party supplier access,TinCathedral,Ransomware crew,True,66,2021-06-22,2021-08-16,2021-08-21,55,Third-party notification,12413069,bank_details|date_of_birth|donation_history|email|name|phone|postal_address|ssn_or_ni_number,,not_applicable,1,649109260,yes,high,True,synthetic (Faker),
SYN-01925,Ransomware at Simpson and Sons,Simpson and Sons,vendor,Cloud/SaaS,US,Ransomware,Unpatched vulnerability,GlassMantis,Ransomware crew,False,,2021-08-15,2021-08-17,2021-09-07,2,Internal detection,2290452,bank_details|ssn_or_ni_number,18348,no,12,,no,high,True,synthetic (Faker),
SYN-00116,Ransomware at Port James District Board,Port James District Board,public,Education,AU,Ransomware,Phishing,VelvetSiphon,Ransomware crew,False,,2021-08-20,2021-08-20,2021-08-26,0,Third-party notification,7140,date_of_birth|name|phone|postal_address|ssn_or_ni_number,820190,no,9,1020270,yes,medium,True,synthetic (Faker),
SYN-01058,"Ransomware at Adkins, Skinner and Mitchell","Adkins, Skinner and Mitchell",vendor,Cloud/SaaS,US,Ransomware,Phishing,CobaltFinch,Ransomware crew,True,429,2021-08-18,2021-08-20,2021-09-03,2,Law enforcement notification,24647951,bank_details|email|name,20945491,no,91,1008713559,unknown,critical,True,synthetic (Faker),
SYN-00349,Ransomware at Webb LLC,Webb LLC,private,Healthcare,US,Ransomware,Unpatched vulnerability,AmberBastion,Ransomware crew,False,,2021-08-23,2021-08-24,2021-08-31,1,Security vendor / MDR,223862,health|name|phone,165855,no,12,12559742,yes,high,True,synthetic (Faker),
SYN-01785,Unauthorised access at Jones LLC,Jones LLC,private,Hospitality,CA,Unauthorised access,Exposed RDP/VPN,Unattributed,Ransomware crew,False,,2021-07-14,2021-08-24,2021-09-02,41,Routine audit,3163,bank_details|email|employment|health|name|postal_address,,not_applicable,0,302838,yes,medium,True,synthetic (Faker),
SYN-01420,Data breach at Holmes LLC,Holmes LLC,private,Healthcare,GB,Data breach,Phishing,Unattributed,Unknown,False,,2021-08-17,2021-08-25,2021-09-01,8,Law enforcement notification,16309,email|health|internal_email|name|phone|postal_address|safeguarding_notes|ssn_or_ni_number,,not_applicable,0,,yes,medium,True,synthetic (Faker),
SYN-01794,Data breach at Atkins Inc,Atkins Inc,private,Manufacturing,IN,Data breach,Compromised credentials,ObsidianKoi,Ransomware crew,False,,2021-08-25,2021-08-28,2021-09-01,3,Internal detection,1238,health|internal_email|name|postal_address,,not_applicable,0,381928,yes,medium,True,synthetic (Faker),
SYN-01475,"Data breach at Harris, O'Connor and Iqbal","Harris, O'Connor and Iqbal",vendor,Software,IE,Data breach,Misconfigured cloud storage,Unattributed,Financially motivated,False,,2021-08-07,2021-08-29,2021-08-31,22,Security vendor / MDR,179071,credentials|credit_card|phone,,not_applicable,1,,no,medium,True,synthetic (Faker),
SYN-00741,Unauthorised access at Jones and Sons,Jones and Sons,private,Retail,CA,Unauthorised access,Exposed RDP/VPN,DimStag,Ransomware crew,False,,2021-05-01,2021-08-30,2021-08-30,121,Security vendor / MDR,51968,email|employment|name|phone|postal_address,,not_applicable,1,3068229,yes,medium,True,synthetic (Faker),
SYN-01199,Unauthorised access at Harris Ltd,Harris Ltd,private,Healthcare,US,Unauthorised access,Insecure API endpoint,NorthQuarry,Ransomware crew,False,,2021-08-26,2021-08-30,2021-09-04,4,Third-party notification,35607,email|health|name|postal_address,,not_applicable,0,,yes,medium,True,synthetic (Faker),
SYN-01692,Business email compromise at South Stevenberg District Board,South Stevenberg District Board,public,Local government,GB,Business email compromise,Phishing,Unattributed,Financially motivated,False,,2021-08-11,2021-08-30,2021-09-03,19,Internal detection,,not_applicable,,not_applicable,0,358968,no,medium,True,synthetic (Faker),
=======
SYN-00990,Data breach at Kindling Aid,Kindling Aid,nonprofit,Charity/Nonprofit,US,Data breach,Compromised credentials,Unattributed,Unknown,False,,2021-05-31,2021-07-23,2021-07-27,53,Third-party notification,1051,donation_history|name|phone|ssn_or_ni_number,,not_applicable,2,190031,yes,medium,True,synthetic (Faker),
SYN-00156,Business email compromise at Hospice Alliance,Hospice Alliance,nonprofit,Charity/Nonprofit,NL,Business email compromise,Compromised credentials,NineSpindle,Ransomware crew,False,,2021-04-02,2021-07-24,2021-07-25,113,Internal detection,,not_applicable,,not_applicable,0,174396,unknown,low,True,synthetic (Faker),
SYN-00535,Ransomware at Morales Inc,Morales Inc,private,Retail,GB,Ransomware,Compromised credentials,CobaltFinch,Ransomware crew,False,,2021-07-16,2021-07-28,2021-08-31,12,Internal detection,2569234,bank_details|date_of_birth|phone|postal_address|safeguarding_notes|ssn_or_ni_number,509817,no,138,193867919,yes,critical,True,synthetic (Faker),
SYN-00449,Ransomware at Naylor-Connolly,Naylor-Connolly,private,Financial services,GB,Ransomware,Exposed RDP/VPN,Unattributed,Ransomware crew,False,,2021-07-27,2021-07-29,2021-08-07,2,Customer report,19783,credit_card|donation_history|email|internal_email|name|postal_address|safeguarding_notes,204862,no,9,3213577,yes,high,True,synthetic (Faker),
SYN-00111,Phishing campaign at Clark-Floyd,Clark-Floyd,private,Hospitality,IE,Phishing campaign,Phishing,GlassMantis,Ransomware crew,False,,2021-05-15,2021-08-02,2021-08-04,79,Security vendor / MDR,260975,date_of_birth|donation_history|employment|health|name|phone|ssn_or_ni_number,637947,no,0,25314090,yes,medium,True,synthetic (Faker),
SYN-00593,"Ransomware at Watkins, Jones and Smith","Watkins, Jones and Smith",vendor,Software,DE,Ransomware,Unpatched vulnerability,NorthQuarry,Ransomware crew,True,4292,2021-08-03,2021-08-09,2021-08-11,6,Law enforcement notification,1042817,internal_email|name|postal_address,6126027,yes,2,48420399,no,high,True,synthetic (Faker),
SYN-00752,Business email compromise at Parsonschester Council,Parsonschester Council,public,Energy/Utilities,AU,Business email compromise,MFA fatigue,Unattributed,Unknown,False,,2021-07-20,2021-08-12,2021-08-15,23,Third-party notification,,not_applicable,427435,undisclosed,0,182163,no,medium,True,synthetic (Faker),
SYN-00296,Ransomware at Wellbeing Foundation,Wellbeing Foundation,nonprofit,Charity/Nonprofit,DE,Ransomware,Unpatched vulnerability,QuietFathom,Ransomware crew,False,,2021-08-06,2021-08-14,2021-08-20,8,Internal detection,726,date_of_birth|email|name|postal_address,13572,yes,18,686715,yes,medium,True,synthetic (Faker),
SYN-00419,"Phishing campaign at Kennedy, Johnson and Lucas","Kennedy, Johnson and Lucas",vendor,Nonprofit technology,CA,Phishing campaign,Phishing,CobaltFinch,Ransomware crew,True,11,2021-08-12,2021-08-15,2021-08-18,3,Internal detection,6473518,bank_details|date_of_birth|donation_history|email|name|passport,1832508,no,3,258219717,yes,high,True,synthetic (Faker),
SYN-00518,Data breach at Derrickshire Council,Derrickshire Council,public,Education,US,Data breach,Unpatched vulnerability,Unattributed,Unknown,False,,2021-02-28,2021-08-16,2021-08-26,169,Law enforcement notification,178735,bank_details|credentials|email|name|postal_address|ssn_or_ni_number,56051,no,0,,yes,medium,True,synthetic (Faker),
SYN-00760,Supply chain compromise at McDonald-Clarke,McDonald-Clarke,vendor,Nonprofit technology,FR,Supply chain compromise,Third-party supplier access,TinCathedral,Ransomware crew,True,66,2021-06-22,2021-08-16,2021-08-21,55,Third-party notification,12413069,bank_details|date_of_birth|donation_history|email|name|phone|postal_address|ssn_or_ni_number,,not_applicable,1,649109260,yes,high,True,synthetic (Faker),
SYN-00116,Ransomware at Port James District Board,Port James District Board,public,Education,AU,Ransomware,Phishing,VelvetSiphon,Ransomware crew,False,,2021-08-20,2021-08-20,2021-08-26,0,Third-party notification,7140,date_of_birth|name|phone|postal_address|ssn_or_ni_number,820190,no,9,1020270,yes,medium,True,synthetic (Faker),
SYN-00349,Ransomware at Webb LLC,Webb LLC,private,Healthcare,US,Ransomware,Unpatched vulnerability,AmberBastion,Ransomware crew,False,,2021-08-23,2021-08-24,2021-08-31,1,Security vendor / MDR,223862,health|name|phone,165855,no,12,12559742,yes,high,True,synthetic (Faker),
SYN-00741,Unauthorised access at Jones and Sons,Jones and Sons,private,Retail,CA,Unauthorised access,Exposed RDP/VPN,DimStag,Ransomware crew,False,,2021-05-01,2021-08-30,2021-08-30,121,Security vendor / MDR,51968,email|employment|name|phone|postal_address,,not_applicable,1,3068229,yes,medium,True,synthetic (Faker),
>>>>>>> 8a74902011229c25354fcb7e063b9152ef665657
SYN-00212,"Ransomware at Perry, Allen and Miller","Perry, Allen and Miller",vendor,Cloud/SaaS,US,Ransomware,Unpatched vulnerability,Unattributed,Ransomware crew,True,343,2021-08-26,2021-09-02,2021-09-19,7,Third-party notification,1479771,health|internal_email|passport|phone,76469,yes,39,95219161,unknown,critical,True,synthetic (Faker),
SYN-00822,Supply chain compromise at Hewitt Inc,Hewitt Inc,private,Legal/Professional,IE,Supply chain compromise,Third-party supplier access,Unattributed,Financially motivated,True,44,2021-03-31,2021-09-02,2021-11-07,155,Customer report,11155560,name|passport,,not_applicable,3,330295354,yes,high,True,synthetic (Faker),
SYN-00016,"Ransomware at Zuniga, Wong and Lynch","Zuniga, Wong and Lynch",private,Healthcare,GB,Ransomware,Unpatched vulnerability,AmberBastion,Ransomware crew,False,,2021-09-06,2021-09-08,2021-09-11,2,Public leak / dark web,81863,email|health|name|phone|safeguarding_notes,246202,no,11,13272653,yes,high,True,synthetic (Faker),
SYN-00637,Ransomware at Johnson-Nelson,Johnson-Nelson,vendor,Software,CA,Ransomware,Compromised credentials,IronMagpie,Ransomware crew,True,174,2021-09-07,2021-09-11,2021-09-26,4,Security vendor / MDR,41705,donation_history|employment|internal_email|name,507201,undisclosed,3,7512004,unknown,medium,True,synthetic (Faker),
<<<<<<< HEAD
SYN-01525,Ransomware at Wayfarer Fund,Wayfarer Fund,nonprofit,Charity/Nonprofit,AU,Ransomware,Compromised credentials,CobaltFinch,Ransomware crew,False,,2021-08-31,2021-09-12,2021-09-20,12,Internal detection,1747,credentials|date_of_birth|health|postal_address,5111004,no,7,420350,yes,medium,True,synthetic (Faker),
SYN-01496,Data breach at Cook Group,Cook Group,private,Retail,AU,Data breach,Misconfigured cloud storage,Unattributed,Nation state,False,,2021-04-10,2021-09-14,2021-09-23,157,Internal detection,707130,date_of_birth|email|name|passport|phone|postal_address,,not_applicable,3,52518009,yes,medium,True,synthetic (Faker),
SYN-00029,"Phishing campaign at Hawkins, Smith and Knight","Hawkins, Smith and Knight",vendor,Software,GB,Phishing campaign,Phishing,NorthQuarry,Ransomware crew,True,564,2021-07-20,2021-09-19,2021-09-20,61,Public leak / dark web,3910834,donation_history|name,,not_applicable,0,169541792,yes,high,True,synthetic (Faker),
SYN-01716,Phishing campaign at Ward-Williams,Ward-Williams,private,Hospitality,SG,Phishing campaign,Phishing,Unattributed,Financially motivated,False,,2021-08-14,2021-09-19,2021-09-28,36,Security vendor / MDR,332817,credentials|credit_card|name|safeguarding_notes,,not_applicable,2,39873376,yes,medium,True,synthetic (Faker),
SYN-01878,Data breach at North Edward District Board,North Edward District Board,public,Education,GB,Data breach,Compromised credentials,Unattributed,Hacktivist,False,,2021-08-08,2021-09-21,2021-09-24,44,Internal detection,379408,email|name,,not_applicable,0,14441882,yes,medium,True,synthetic (Faker),
SYN-00545,"Data breach at Dunn, Ruiz and Medina","Dunn, Ruiz and Medina",private,Legal/Professional,GB,Data breach,Third-party supplier access,Unattributed,Unknown,True,58,2021-04-14,2021-09-22,2021-09-29,161,Internal detection,110229,donation_history|email|name|postal_address|safeguarding_notes|ssn_or_ni_number,,not_applicable,1,17869745,yes,high,True,synthetic (Faker),
SYN-01137,"Data breach at Rowe, Diaz and Walker","Rowe, Diaz and Walker",private,Retail,US,Data breach,Compromised credentials,Unattributed,Ransomware crew,False,,2021-09-05,2021-09-23,2021-09-27,18,Internal detection,184653,email|name|phone|postal_address|safeguarding_notes,,not_applicable,0,30685734,yes,medium,True,synthetic (Faker),
SYN-00313,Ransomware at Price-Wilson,Price-Wilson,private,Healthcare,US,Ransomware,Compromised credentials,VelvetSiphon,Ransomware crew,False,,2021-09-19,2021-09-26,2021-09-29,7,Customer report,1464,email|employment|health|name|passport|postal_address,1447196,no,13,929731,yes,medium,True,synthetic (Faker),
SYN-00785,Data breach at Smith-Chadwick,Smith-Chadwick,vendor,Nonprofit technology,US,Data breach,Insecure API endpoint,DimStag,Ransomware crew,False,,2021-09-06,2021-09-26,2021-10-05,20,Customer report,1869016,donation_history|health|internal_email|name|phone|postal_address|safeguarding_notes,,not_applicable,1,57215247,yes,high,True,synthetic (Faker),
SYN-01289,"Supply chain compromise at Chavez, Graves and Vasquez","Chavez, Graves and Vasquez",private,Healthcare,US,Supply chain compromise,Third-party supplier access,Unattributed,Financially motivated,True,4,2021-09-07,2021-09-26,2021-10-05,19,Internal detection,498647,email|health|internal_email|name|phone|postal_address|safeguarding_notes,324066,no,0,48182238,yes,high,True,synthetic (Faker),
SYN-00538,Ransomware at Kevinshire NHS Trust,Kevinshire NHS Trust,public,Education,US,Ransomware,Exposed RDP/VPN,GlassMantis,Ransomware crew,False,,2021-09-20,2021-09-27,2021-09-29,7,Law enforcement notification,58261,date_of_birth|email|internal_email|name|phone|safeguarding_notes|ssn_or_ni_number,832658,no,1,5669288,yes,medium,True,synthetic (Faker),
SYN-01171,Business email compromise at Hospice Aid,Hospice Aid,nonprofit,Charity/Nonprofit,US,Business email compromise,MFA fatigue,NineSpindle,Ransomware crew,False,,2021-05-28,2021-09-27,2021-10-10,122,Internal detection,,not_applicable,,not_applicable,0,80467,no,medium,True,synthetic (Faker),
SYN-01243,Ransomware at Atkinson and Sons,Atkinson and Sons,private,Financial services,US,Ransomware,Phishing,ObsidianKoi,Ransomware crew,False,,2021-09-15,2021-09-29,2021-10-03,14,Internal detection,9673,donation_history|email,175471,no,8,1663248,yes,medium,True,synthetic (Faker),
SYN-01071,Data breach at Beacon Hill Aid,Beacon Hill Aid,nonprofit,Charity/Nonprofit,US,Data breach,Compromised credentials,VelvetSiphon,Ransomware crew,False,,2021-08-04,2021-09-30,2021-10-11,57,Law enforcement notification,40048,donation_history|email|internal_email|postal_address|safeguarding_notes,,not_applicable,0,3119068,yes,medium,True,synthetic (Faker),
SYN-01909,"Data breach at Stewart, Burnett and Newman","Stewart, Burnett and Newman",private,Manufacturing,US,Data breach,Misconfigured cloud storage,HollowLantern,Ransomware crew,False,,2021-09-04,2021-10-01,2021-10-11,27,Internal detection,3084,bank_details|health|safeguarding_notes,,not_applicable,0,330647,yes,medium,True,synthetic (Faker),
SYN-00244,Ransomware at Sims-Clay,Sims-Clay,private,Healthcare,DE,Ransomware,Compromised credentials,Unattributed,Ransomware crew,False,,2021-10-04,2021-10-05,2021-10-09,1,Public leak / dark web,286054,credentials|donation_history|email|health|name|passport|safeguarding_notes,99122,no,15,,yes,high,True,synthetic (Faker),
SYN-00023,"Unauthorised access at Richards, Hurst and Ross","Richards, Hurst and Ross",private,Healthcare,IN,Unauthorised access,Exposed RDP/VPN,Unattributed,Financially motivated,False,,2021-08-14,2021-10-07,2021-10-26,54,Third-party notification,6608,email|employment|health|name|phone,,not_applicable,0,720556,yes,medium,True,synthetic (Faker),
SYN-00737,Ransomware at Rosieburgh District Board,Rosieburgh District Board,public,Local government,IN,Ransomware,Exposed RDP/VPN,ObsidianKoi,Ransomware crew,False,,2021-10-10,2021-10-12,2021-10-24,2,Third-party notification,53945,email|postal_address|ssn_or_ni_number,93286,no,48,10670122,yes,high,True,synthetic (Faker),
SYN-01669,"Ransomware at Riley, Barnes and Burgess","Riley, Barnes and Burgess",private,Retail,CA,Ransomware,Help-desk social engineering,NorthQuarry,Ransomware crew,False,,2021-10-09,2021-10-12,2021-10-22,3,Internal detection,496311,credit_card|email|internal_email|name|passport|postal_address|ssn_or_ni_number,2001591,yes,42,56348836,yes,high,True,synthetic (Faker),
=======
SYN-00029,"Phishing campaign at Hawkins, Smith and Knight","Hawkins, Smith and Knight",vendor,Software,GB,Phishing campaign,Phishing,NorthQuarry,Ransomware crew,True,564,2021-07-20,2021-09-19,2021-09-20,61,Public leak / dark web,3910834,donation_history|name,,not_applicable,0,169541792,yes,high,True,synthetic (Faker),
SYN-00545,"Data breach at Dunn, Ruiz and Medina","Dunn, Ruiz and Medina",private,Legal/Professional,GB,Data breach,Third-party supplier access,Unattributed,Unknown,True,58,2021-04-14,2021-09-22,2021-09-29,161,Internal detection,110229,donation_history|email|name|postal_address|safeguarding_notes|ssn_or_ni_number,,not_applicable,1,17869745,yes,high,True,synthetic (Faker),
SYN-00313,Ransomware at Price-Wilson,Price-Wilson,private,Healthcare,US,Ransomware,Compromised credentials,VelvetSiphon,Ransomware crew,False,,2021-09-19,2021-09-26,2021-09-29,7,Customer report,1464,email|employment|health|name|passport|postal_address,1447196,no,13,929731,yes,medium,True,synthetic (Faker),
SYN-00785,Data breach at Smith-Chadwick,Smith-Chadwick,vendor,Nonprofit technology,US,Data breach,Insecure API endpoint,DimStag,Ransomware crew,False,,2021-09-06,2021-09-26,2021-10-05,20,Customer report,1869016,donation_history|health|internal_email|name|phone|postal_address|safeguarding_notes,,not_applicable,1,57215247,yes,high,True,synthetic (Faker),
SYN-00538,Ransomware at Kevinshire NHS Trust,Kevinshire NHS Trust,public,Education,US,Ransomware,Exposed RDP/VPN,GlassMantis,Ransomware crew,False,,2021-09-20,2021-09-27,2021-09-29,7,Law enforcement notification,58261,date_of_birth|email|internal_email|name|phone|safeguarding_notes|ssn_or_ni_number,832658,no,1,5669288,yes,medium,True,synthetic (Faker),
SYN-00244,Ransomware at Sims-Clay,Sims-Clay,private,Healthcare,DE,Ransomware,Compromised credentials,Unattributed,Ransomware crew,False,,2021-10-04,2021-10-05,2021-10-09,1,Public leak / dark web,286054,credentials|donation_history|email|health|name|passport|safeguarding_notes,99122,no,15,,yes,high,True,synthetic (Faker),
SYN-00023,"Unauthorised access at Richards, Hurst and Ross","Richards, Hurst and Ross",private,Healthcare,IN,Unauthorised access,Exposed RDP/VPN,Unattributed,Financially motivated,False,,2021-08-14,2021-10-07,2021-10-26,54,Third-party notification,6608,email|employment|health|name|phone,,not_applicable,0,720556,yes,medium,True,synthetic (Faker),
SYN-00737,Ransomware at Rosieburgh District Board,Rosieburgh District Board,public,Local government,IN,Ransomware,Exposed RDP/VPN,ObsidianKoi,Ransomware crew,False,,2021-10-10,2021-10-12,2021-10-24,2,Third-party notification,53945,email|postal_address|ssn_or_ni_number,93286,no,48,10670122,yes,high,True,synthetic (Faker),
>>>>>>> 8a74902011229c25354fcb7e063b9152ef665657
SYN-00046,Phishing campaign at Davis Ltd,Davis Ltd,private,Healthcare,US,Phishing campaign,Phishing,Unattributed,Financially motivated,False,,2021-06-28,2021-10-14,2021-10-18,108,Internal detection,54352,employment|health|internal_email|name,,not_applicable,1,8443821,yes,medium,True,synthetic (Faker),
SYN-00257,Supply chain compromise at Youth Society,Youth Society,nonprofit,Charity/Nonprofit,GB,Supply chain compromise,Trojanised software update,NorthQuarry,Ransomware crew,True,2606,2021-06-30,2021-10-14,2021-10-17,106,Internal detection,1145,date_of_birth|email|employment|name|ssn_or_ni_number,,not_applicable,0,203105,yes,medium,True,synthetic (Faker),
SYN-00998,Supply chain compromise at Wellbeing Society,Wellbeing Society,nonprofit,Charity/Nonprofit,GB,Supply chain compromise,Compromised credentials,Unattributed,Ransomware crew,True,74,2021-07-06,2021-10-19,2021-10-20,105,Customer report,71887,credentials|email|name|postal_address,631481,undisclosed,0,5644423,yes,medium,True,synthetic (Faker),
SYN-00370,Ransomware at King-York,King-York,private,Financial services,AU,Ransomware,Unpatched vulnerability,DimStag,Ransomware crew,False,,2021-10-20,2021-10-20,2021-11-01,0,Third-party notification,44128,credit_card|email|postal_address,670811,yes,6,1621709,yes,medium,True,synthetic (Faker),
<<<<<<< HEAD
SYN-01942,Destructive malware at North Jonfurt Authority,North Jonfurt Authority,public,Education,AU,Destructive malware,Unpatched vulnerability,HollowLantern,Nation state,False,,2021-10-13,2021-10-20,2021-11-02,7,Third-party notification,116,email|internal_email|name|phone|postal_address,718067,undisclosed,363,10080024,yes,medium,True,synthetic (Faker),
SYN-00152,Data breach at Heritage Care,Heritage Care,nonprofit,Charity/Nonprofit,IN,Data breach,Compromised credentials,Unattributed,Ransomware crew,False,,2021-10-20,2021-10-21,2021-10-23,1,Internal detection,159839,bank_details|donation_history|employment|name|phone|postal_address|safeguarding_notes|ssn_or_ni_number,,not_applicable,0,10484190,yes,medium,True,synthetic (Faker),
SYN-00954,"Supply chain compromise at Stokes, Hines and White","Stokes, Hines and White",vendor,Cloud/SaaS,US,Supply chain compromise,Compromised credentials,Unattributed,Hacktivist,True,191,2021-09-12,2021-10-21,2021-10-24,39,Third-party notification,101113517,name|phone,,not_applicable,1,,no,high,True,synthetic (Faker),
SYN-01070,Data breach at Port Jenny Council,Port Jenny Council,public,Education,AU,Data breach,Compromised credentials,Unattributed,Financially motivated,False,,2021-07-22,2021-10-21,2021-11-20,91,Internal detection,9253,credentials|email|name|passport|postal_address,,not_applicable,5,1300708,yes,low,True,synthetic (Faker),
SYN-01131,Ransomware at Lantern Fund,Lantern Fund,nonprofit,Charity/Nonprofit,GB,Ransomware,Third-party supplier access,VelvetSiphon,Ransomware crew,True,7,2021-10-21,2021-10-21,2021-10-29,0,Law enforcement notification,250459,date_of_birth|email|name|phone,315443,no,105,9089038,yes,high,True,synthetic (Faker),
=======
SYN-00152,Data breach at Heritage Care,Heritage Care,nonprofit,Charity/Nonprofit,IN,Data breach,Compromised credentials,Unattributed,Ransomware crew,False,,2021-10-20,2021-10-21,2021-10-23,1,Internal detection,159839,bank_details|donation_history|employment|name|phone|postal_address|safeguarding_notes|ssn_or_ni_number,,not_applicable,0,10484190,yes,medium,True,synthetic (Faker),
SYN-00954,"Supply chain compromise at Stokes, Hines and White","Stokes, Hines and White",vendor,Cloud/SaaS,US,Supply chain compromise,Compromised credentials,Unattributed,Hacktivist,True,191,2021-09-12,2021-10-21,2021-10-24,39,Third-party notification,101113517,name|phone,,not_applicable,1,,no,high,True,synthetic (Faker),
>>>>>>> 8a74902011229c25354fcb7e063b9152ef665657
SYN-00369,Business email compromise at Rivera PLC,Rivera PLC,private,Manufacturing,GB,Business email compromise,Phishing,Unattributed,Financially motivated,False,,2021-07-11,2021-10-22,2021-10-26,103,Security vendor / MDR,,not_applicable,,not_applicable,3,,no,low,True,synthetic (Faker),
SYN-00735,"Data breach at Walker, Young and Atkins","Walker, Young and Atkins",vendor,Software,GB,Data breach,Compromised credentials,Unattributed,Insider,True,3719,2021-10-20,2021-10-23,2021-10-26,3,Internal detection,1695478,email|passport|postal_address,,not_applicable,0,72229690,unknown,high,True,synthetic (Faker),
SYN-00132,Business email compromise at Nelson LLC,Nelson LLC,private,Healthcare,GB,Business email compromise,Phishing,Unattributed,Financially motivated,False,,2021-06-17,2021-10-24,2021-10-25,129,Security vendor / MDR,,not_applicable,,not_applicable,0,354157,unknown,medium,True,synthetic (Faker),
SYN-00405,Data breach at Dawson-Johnson,Dawson-Johnson,private,Retail,US,Data breach,Misconfigured cloud storage,ObsidianKoi,Ransomware crew,False,,2021-10-05,2021-10-24,2021-11-04,19,Law enforcement notification,11193,credentials|employment|name|postal_address|ssn_or_ni_number,,not_applicable,0,2012673,yes,medium,True,synthetic (Faker),
SYN-00026,"Phishing campaign at Brown, James and Ferrell","Brown, James and Ferrell",private,Healthcare,SG,Phishing campaign,Phishing,IronMagpie,Ransomware crew,False,,2021-09-07,2021-10-25,2021-10-26,48,Internal detection,181220,health|name|postal_address,,not_applicable,0,24529991,yes,medium,True,synthetic (Faker),
SYN-00486,Phishing campaign at Williams-Williams,Williams-Williams,private,Financial services,FR,Phishing campaign,Phishing,Unattributed,Ransomware crew,False,,2021-09-14,2021-10-27,2021-10-30,43,Customer report,37934,health|name|phone,,not_applicable,0,6656406,yes,medium,True,synthetic (Faker),
SYN-00502,Ransomware at Hernandez-Vaughn,Hernandez-Vaughn,private,Manufacturing,IN,Ransomware,Exposed RDP/VPN,QuietFathom,Ransomware crew,False,,2021-10-24,2021-10-27,2021-10-29,3,Third-party notification,254,date_of_birth|health|internal_email|name|phone|postal_address|ssn_or_ni_number,129126,undisclosed,4,430790,yes,medium,True,synthetic (Faker),
SYN-00380,"Data breach at Holt, Miller and Clarke","Holt, Miller and Clarke",vendor,Cloud/SaaS,US,Data breach,Third-party supplier access,Unattributed,Unknown,True,67,2021-10-20,2021-10-29,2021-11-02,9,Internal detection,658766,email|health|name|phone,,not_applicable,0,34372191,no,high,True,synthetic (Faker),
SYN-00397,Supply chain compromise at Brooks Inc,Brooks Inc,private,Healthcare,AU,Supply chain compromise,Trojanised software update,Unattributed,Insider,True,15,2021-10-15,2021-10-31,2021-11-02,16,Third-party notification,39257,date_of_birth|employment|health|passport|phone|postal_address,,not_applicable,3,4136615,yes,high,True,synthetic (Faker),
<<<<<<< HEAD
SYN-01579,Unauthorised access at Guerrero Ltd,Guerrero Ltd,vendor,Software,US,Unauthorised access,Compromised credentials,Unattributed,Unknown,False,,2021-10-03,2021-10-31,2021-11-07,28,Third-party notification,28130,donation_history|email|internal_email|passport|phone|postal_address|safeguarding_notes,,not_applicable,0,1411125,unknown,medium,True,synthetic (Faker),
SYN-00463,"Phishing campaign at Clark, Armstrong and Montgomery","Clark, Armstrong and Montgomery",private,Healthcare,US,Phishing campaign,Phishing,PaleHydra,Ransomware crew,False,,2021-06-27,2021-11-01,2021-11-05,127,Security vendor / MDR,3015013,health|internal_email|name|postal_address|safeguarding_notes,,not_applicable,18,432529683,yes,high,True,synthetic (Faker),
SYN-01389,Data breach at Marshall Inc,Marshall Inc,private,Financial services,GB,Data breach,Unpatched vulnerability,Unattributed,Unknown,False,,2021-10-16,2021-11-01,2021-11-15,16,Third-party notification,84834,health|name|postal_address,,not_applicable,1,10070320,yes,medium,True,synthetic (Faker),
SYN-01278,"Phishing campaign at Sharp, Baker and Ward","Sharp, Baker and Ward",vendor,Software,GB,Phishing campaign,Phishing,Unattributed,Financially motivated,False,,2021-10-22,2021-11-02,2021-11-06,11,Routine audit,894419,credit_card|donation_history|name|phone|postal_address,,not_applicable,1,55213286,yes,medium,True,synthetic (Faker),
SYN-00602,"Ransomware at Whitaker, Porter and Pena","Whitaker, Porter and Pena",vendor,Nonprofit technology,US,Ransomware,Compromised credentials,NineSpindle,Ransomware crew,True,208,2021-11-02,2021-11-05,2021-11-17,3,Internal detection,3733087,date_of_birth|donation_history|email|health|postal_address|ssn_or_ni_number,157152,yes,9,,yes,critical,True,synthetic (Faker),
SYN-01705,"Unauthorised access at Carter, Potter and Bartlett","Carter, Potter and Bartlett",vendor,Software,CA,Unauthorised access,Exposed RDP/VPN,Unattributed,Ransomware crew,False,,2021-10-02,2021-11-05,2021-11-10,34,Customer report,4522,donation_history|email|phone|safeguarding_notes,,not_applicable,0,394683,no,medium,True,synthetic (Faker),
SYN-00532,"Data breach at Nicholls, Smith and Skinner","Nicholls, Smith and Skinner",private,Retail,DE,Data breach,Unpatched vulnerability,HollowLantern,Nation state,False,,2021-10-15,2021-11-06,2021-11-12,22,Internal detection,158961,credentials|health|name|phone|postal_address,,not_applicable,0,17193527,yes,medium,True,synthetic (Faker),
SYN-01157,Unauthorised access at Roth-Reed,Roth-Reed,vendor,Nonprofit technology,GB,Unauthorised access,Help-desk social engineering,Unattributed,Ransomware crew,False,,2021-07-02,2021-11-06,2021-11-08,127,Internal detection,196733,date_of_birth|email|employment|passport|phone|safeguarding_notes,1628534,no,0,11280515,yes,medium,True,synthetic (Faker),
SYN-00863,Data breach at Baker and Sons,Baker and Sons,private,Financial services,US,Data breach,Third-party supplier access,Unattributed,Financially motivated,True,21,2021-04-11,2021-11-07,2021-11-10,210,Internal detection,488572,email|employment|health|phone|postal_address|ssn_or_ni_number,,not_applicable,0,,yes,high,True,synthetic (Faker),
SYN-00877,"Business email compromise at Campbell, Young and Williams","Campbell, Young and Williams",private,Logistics,US,Business email compromise,MFA fatigue,Unattributed,Unknown,False,,2021-08-30,2021-11-09,2021-11-25,71,Public leak / dark web,,not_applicable,,not_applicable,4,457555,unknown,low,True,synthetic (Faker),
SYN-01259,Ransomware at Deniseview Authority,Deniseview Authority,public,Local government,DE,Ransomware,Phishing,HollowLantern,Ransomware crew,False,,2021-11-06,2021-11-13,2021-11-20,7,Third-party notification,24262,bank_details|email|name|postal_address|safeguarding_notes|ssn_or_ni_number,472325,undisclosed,66,6318441,yes,high,True,synthetic (Faker),
SYN-01391,Data breach at Smith Ltd,Smith Ltd,private,Retail,US,Data breach,Third-party supplier access,IronMagpie,Ransomware crew,True,158,2021-10-30,2021-11-15,2021-11-26,16,Security vendor / MDR,5477574,date_of_birth|donation_history|internal_email|name|phone|postal_address,,not_applicable,1,396850373,yes,high,True,synthetic (Faker),
SYN-01592,Data breach at Bishop-Pearson,Bishop-Pearson,private,Healthcare,NL,Data breach,Third-party supplier access,Unattributed,Hacktivist,True,95,2021-10-18,2021-11-16,2021-11-18,29,Security vendor / MDR,2314396,email|health|phone,,not_applicable,1,280971738,yes,high,True,synthetic (Faker),
SYN-00344,Unauthorised access at Leestad NHS Trust,Leestad NHS Trust,public,Energy/Utilities,NL,Unauthorised access,MFA fatigue,Unattributed,Financially motivated,False,,2021-10-10,2021-11-17,2021-11-22,38,Internal detection,62115,bank_details|date_of_birth|email|employment|name|passport|phone,,not_applicable,0,8278997,yes,medium,True,synthetic (Faker),
SYN-00274,"Business email compromise at Diaz, Gibbs and Smith","Diaz, Gibbs and Smith",private,Healthcare,US,Business email compromise,Phishing,Unattributed,Financially motivated,False,,2021-11-07,2021-11-18,2021-11-25,11,Internal detection,,not_applicable,,not_applicable,0,,unknown,medium,True,synthetic (Faker),
SYN-01778,Data breach at Wayfarer Trust,Wayfarer Trust,nonprofit,Charity/Nonprofit,GB,Data breach,Phishing,Unattributed,Hacktivist,False,,2021-11-11,2021-11-19,2021-11-20,8,Security vendor / MDR,9747,bank_details|credit_card|donation_history|internal_email|postal_address,,not_applicable,1,233857,yes,medium,True,synthetic (Faker),
SYN-00569,Data breach at Morrowbury NHS Trust,Morrowbury NHS Trust,public,Local government,NL,Data breach,Phishing,Unattributed,Ransomware crew,False,,2021-11-13,2021-11-23,2021-11-26,10,Law enforcement notification,11884,name|passport|postal_address,106958,undisclosed,4,832255,yes,medium,True,synthetic (Faker),
SYN-00536,Business email compromise at Jones and Sons,Jones and Sons,vendor,Nonprofit technology,US,Business email compromise,Phishing,Unattributed,Nation state,False,,2021-10-06,2021-11-24,2021-12-03,49,Internal detection,,not_applicable,,not_applicable,3,467075,no,low,True,synthetic (Faker),
SYN-00839,"Data breach at Velasquez, Stark and Brown","Velasquez, Stark and Brown",vendor,Nonprofit technology,CA,Data breach,Unpatched vulnerability,Unattributed,Financially motivated,False,,2021-11-06,2021-11-24,2021-11-25,18,Internal detection,35014,name|postal_address|safeguarding_notes,,not_applicable,0,2278701,yes,medium,True,synthetic (Faker),
SYN-01957,Business email compromise at Vasquezberg Council,Vasquezberg Council,public,Local government,GB,Business email compromise,Phishing,TinCathedral,Ransomware crew,False,,2021-11-09,2021-11-29,2021-12-19,20,Security vendor / MDR,,not_applicable,,not_applicable,0,98012,unknown,medium,True,synthetic (Faker),
SYN-01932,Ransomware at New Jason District Board,New Jason District Board,public,Education,GB,Ransomware,Phishing,GlassMantis,Ransomware crew,False,,2021-11-23,2021-12-02,2021-12-25,9,Public leak / dark web,1469,email|employment|name|postal_address,14304062,undisclosed,7,820864,yes,medium,True,synthetic (Faker),
SYN-00587,"Business email compromise at Moreno, Price and Scott","Moreno, Price and Scott",private,Retail,IN,Business email compromise,Phishing,Unattributed,Financially motivated,False,,2021-11-24,2021-12-06,2021-12-19,12,Internal detection,,not_applicable,,not_applicable,0,265954,no,medium,True,synthetic (Faker),
SYN-00570,Data breach at Moore-Lopez,Moore-Lopez,private,Manufacturing,AU,Data breach,Credential stuffing,IronMagpie,Ransomware crew,False,,2021-09-07,2021-12-07,2021-12-08,91,Third-party notification,36780,donation_history|email|employment|postal_address,,not_applicable,0,5869569,yes,medium,True,synthetic (Faker),
SYN-01543,Phishing campaign at Youth Aid,Youth Aid,nonprofit,Charity/Nonprofit,IE,Phishing campaign,Phishing,ObsidianKoi,Nation state,False,,2021-11-03,2021-12-08,2021-12-09,35,Internal detection,19443,donation_history|email|employment|postal_address|safeguarding_notes|ssn_or_ni_number,,not_applicable,0,,yes,medium,True,synthetic (Faker),
SYN-01873,Data breach at Phillips-Hussain,Phillips-Hussain,private,Manufacturing,GB,Data breach,Unpatched vulnerability,Unattributed,Financially motivated,False,,2021-10-13,2021-12-11,2021-12-16,59,Public leak / dark web,205945,name|postal_address,,not_applicable,0,21427903,unknown,medium,True,synthetic (Faker),
SYN-00996,Unauthorised access at Port Marionfort District Board,Port Marionfort District Board,public,Education,GB,Unauthorised access,Help-desk social engineering,Unattributed,Unknown,False,,2021-10-30,2021-12-13,2021-12-15,44,Law enforcement notification,9676,credit_card|donation_history|employment|postal_address,,not_applicable,0,,yes,low,True,synthetic (Faker),
SYN-00420,Supply chain compromise at Michelleton District Board,Michelleton District Board,public,Local government,GB,Supply chain compromise,Trojanised software update,RustVulture,Ransomware crew,True,2,2021-09-13,2021-12-15,2021-12-30,93,Law enforcement notification,968248,name|postal_address,,not_applicable,0,136707798,yes,medium,True,synthetic (Faker),
SYN-01711,Data breach at Dickinson and Sons,Dickinson and Sons,vendor,Cloud/SaaS,US,Data breach,Insecure API endpoint,SlateWarden,Nation state,True,175,2021-11-29,2021-12-19,2021-12-25,20,Internal detection,837836,name|ssn_or_ni_number,,not_applicable,4,,yes,high,True,synthetic (Faker),
SYN-01968,DDoS at Staceyshire NHS Trust,Staceyshire NHS Trust,public,Education,NL,DDoS,Volumetric flood,CobaltFinch,Ransomware crew,False,,2021-12-19,2021-12-19,2022-02-04,0,Third-party notification,,not_applicable,,not_applicable,1,372421,no,medium,True,synthetic (Faker),
=======
SYN-00463,"Phishing campaign at Clark, Armstrong and Montgomery","Clark, Armstrong and Montgomery",private,Healthcare,US,Phishing campaign,Phishing,PaleHydra,Ransomware crew,False,,2021-06-27,2021-11-01,2021-11-05,127,Security vendor / MDR,3015013,health|internal_email|name|postal_address|safeguarding_notes,,not_applicable,18,432529683,yes,high,True,synthetic (Faker),
SYN-00602,"Ransomware at Whitaker, Porter and Pena","Whitaker, Porter and Pena",vendor,Nonprofit technology,US,Ransomware,Compromised credentials,NineSpindle,Ransomware crew,True,208,2021-11-02,2021-11-05,2021-11-17,3,Internal detection,3733087,date_of_birth|donation_history|email|health|postal_address|ssn_or_ni_number,157152,yes,9,,yes,critical,True,synthetic (Faker),
SYN-00532,"Data breach at Nicholls, Smith and Skinner","Nicholls, Smith and Skinner",private,Retail,DE,Data breach,Unpatched vulnerability,HollowLantern,Nation state,False,,2021-10-15,2021-11-06,2021-11-12,22,Internal detection,158961,credentials|health|name|phone|postal_address,,not_applicable,0,17193527,yes,medium,True,synthetic (Faker),
SYN-00863,Data breach at Baker and Sons,Baker and Sons,private,Financial services,US,Data breach,Third-party supplier access,Unattributed,Financially motivated,True,21,2021-04-11,2021-11-07,2021-11-10,210,Internal detection,488572,email|employment|health|phone|postal_address|ssn_or_ni_number,,not_applicable,0,,yes,high,True,synthetic (Faker),
SYN-00877,"Business email compromise at Campbell, Young and Williams","Campbell, Young and Williams",private,Logistics,US,Business email compromise,MFA fatigue,Unattributed,Unknown,False,,2021-08-30,2021-11-09,2021-11-25,71,Public leak / dark web,,not_applicable,,not_applicable,4,457555,unknown,low,True,synthetic (Faker),
SYN-00344,Unauthorised access at Leestad NHS Trust,Leestad NHS Trust,public,Energy/Utilities,NL,Unauthorised access,MFA fatigue,Unattributed,Financially motivated,False,,2021-10-10,2021-11-17,2021-11-22,38,Internal detection,62115,bank_details|date_of_birth|email|employment|name|passport|phone,,not_applicable,0,8278997,yes,medium,True,synthetic (Faker),
SYN-00274,"Business email compromise at Diaz, Gibbs and Smith","Diaz, Gibbs and Smith",private,Healthcare,US,Business email compromise,Phishing,Unattributed,Financially motivated,False,,2021-11-07,2021-11-18,2021-11-25,11,Internal detection,,not_applicable,,not_applicable,0,,unknown,medium,True,synthetic (Faker),
SYN-00569,Data breach at Morrowbury NHS Trust,Morrowbury NHS Trust,public,Local government,NL,Data breach,Phishing,Unattributed,Ransomware crew,False,,2021-11-13,2021-11-23,2021-11-26,10,Law enforcement notification,11884,name|passport|postal_address,106958,undisclosed,4,832255,yes,medium,True,synthetic (Faker),
SYN-00536,Business email compromise at Jones and Sons,Jones and Sons,vendor,Nonprofit technology,US,Business email compromise,Phishing,Unattributed,Nation state,False,,2021-10-06,2021-11-24,2021-12-03,49,Internal detection,,not_applicable,,not_applicable,3,467075,no,low,True,synthetic (Faker),
SYN-00839,"Data breach at Velasquez, Stark and Brown","Velasquez, Stark and Brown",vendor,Nonprofit technology,CA,Data breach,Unpatched vulnerability,Unattributed,Financially motivated,False,,2021-11-06,2021-11-24,2021-11-25,18,Internal detection,35014,name|postal_address|safeguarding_notes,,not_applicable,0,2278701,yes,medium,True,synthetic (Faker),
SYN-00587,"Business email compromise at Moreno, Price and Scott","Moreno, Price and Scott",private,Retail,IN,Business email compromise,Phishing,Unattributed,Financially motivated,False,,2021-11-24,2021-12-06,2021-12-19,12,Internal detection,,not_applicable,,not_applicable,0,265954,no,medium,True,synthetic (Faker),
SYN-00570,Data breach at Moore-Lopez,Moore-Lopez,private,Manufacturing,AU,Data breach,Credential stuffing,IronMagpie,Ransomware crew,False,,2021-09-07,2021-12-07,2021-12-08,91,Third-party notification,36780,donation_history|email|employment|postal_address,,not_applicable,0,5869569,yes,medium,True,synthetic (Faker),
SYN-00996,Unauthorised access at Port Marionfort District Board,Port Marionfort District Board,public,Education,GB,Unauthorised access,Help-desk social engineering,Unattributed,Unknown,False,,2021-10-30,2021-12-13,2021-12-15,44,Law enforcement notification,9676,credit_card|donation_history|employment|postal_address,,not_applicable,0,,yes,low,True,synthetic (Faker),
SYN-00420,Supply chain compromise at Michelleton District Board,Michelleton District Board,public,Local government,GB,Supply chain compromise,Trojanised software update,RustVulture,Ransomware crew,True,2,2021-09-13,2021-12-15,2021-12-30,93,Law enforcement notification,968248,name|postal_address,,not_applicable,0,136707798,yes,medium,True,synthetic (Faker),
>>>>>>> 8a74902011229c25354fcb7e063b9152ef665657
SYN-00498,Ransomware at Phillipsshire District Board,Phillipsshire District Board,public,Local government,CA,Ransomware,Phishing,NineSpindle,Ransomware crew,False,,2021-12-19,2021-12-24,2021-12-25,5,Third-party notification,19248,name|phone,1374391,no,6,,yes,medium,True,synthetic (Faker),
SYN-00490,Unauthorised access at Grant-Diaz,Grant-Diaz,private,Financial services,IE,Unauthorised access,Exposed RDP/VPN,HollowLantern,Ransomware crew,False,,2021-12-16,2021-12-25,2022-01-03,9,Third-party notification,4712608,bank_details|phone|postal_address|safeguarding_notes,,not_applicable,0,,yes,high,True,synthetic (Faker),
SYN-00807,Unauthorised access at Hospice Society,Hospice Society,nonprofit,Charity/Nonprofit,US,Unauthorised access,MFA fatigue,Unattributed,Financially motivated,False,,2021-12-05,2021-12-25,2021-12-25,20,Security vendor / MDR,392680,date_of_birth|donation_history|health|name|phone,,not_applicable,0,14909919,yes,medium,True,synthetic (Faker),
SYN-00335,Phishing campaign at Sykes-Abbott,Sykes-Abbott,private,Manufacturing,US,Phishing campaign,Phishing,PaleHydra,Ransomware crew,False,,2021-11-27,2021-12-26,2021-12-29,29,Security vendor / MDR,1526,email|phone,,not_applicable,1,408125,yes,low,True,synthetic (Faker),
<<<<<<< HEAD
SYN-01037,"Ransomware at Boyd, Park and Williams","Boyd, Park and Williams",private,Manufacturing,US,Ransomware,Compromised credentials,SlateWarden,Ransomware crew,False,,2021-12-24,2021-12-26,2021-12-30,2,Security vendor / MDR,2756,credit_card|internal_email|postal_address,143161,undisclosed,20,,yes,medium,True,synthetic (Faker),
SYN-01602,Data breach at North Rachaelberg District Board,North Rachaelberg District Board,public,Energy/Utilities,GB,Data breach,Compromised credentials,Unattributed,Financially motivated,False,,2021-12-02,2021-12-26,2021-12-30,24,Third-party notification,262,credentials|email|employment|phone,,not_applicable,2,187556,yes,low,True,synthetic (Faker),
SYN-01796,Data breach at Wall and Sons,Wall and Sons,private,Healthcare,US,Data breach,Third-party supplier access,AmberBastion,Ransomware crew,True,59,2021-12-22,2021-12-27,2022-01-19,5,Security vendor / MDR,1919672,credit_card|health|postal_address,,not_applicable,0,72439306,yes,high,True,synthetic (Faker),
SYN-00995,Data breach at Young-Smith,Young-Smith,private,Healthcare,US,Data breach,Compromised credentials,NorthQuarry,Ransomware crew,False,,2021-12-19,2021-12-30,2022-01-10,11,Law enforcement notification,131866,credentials|donation_history|email|health|name|phone|ssn_or_ni_number,,not_applicable,0,21255017,yes,medium,True,synthetic (Faker),
SYN-01277,Data breach at Erictown NHS Trust,Erictown NHS Trust,public,Local government,CA,Data breach,Misconfigured cloud storage,CobaltFinch,Ransomware crew,False,,2021-12-20,2021-12-31,2022-01-05,11,Internal detection,32757,bank_details|credit_card|name|phone|postal_address,1662370,no,0,3528828,yes,medium,True,synthetic (Faker),
SYN-01803,Ransomware at Wolfe-Lopez,Wolfe-Lopez,vendor,Cloud/SaaS,GB,Ransomware,Unpatched vulnerability,RustVulture,Ransomware crew,False,,2021-12-27,2021-12-31,2022-01-06,4,Law enforcement notification,5690781,credit_card|employment,28057,yes,3,,yes,medium,True,synthetic (Faker),
SYN-00137,"Data breach at Shah, Smith and Gilmore","Shah, Smith and Gilmore",private,Financial services,US,Data breach,Compromised credentials,Unattributed,Financially motivated,False,,2021-11-21,2022-01-03,2022-02-05,43,Law enforcement notification,1300689,email|passport|phone|postal_address|safeguarding_notes,,not_applicable,0,172115366,yes,high,True,synthetic (Faker),
SYN-00506,Unauthorised access at Beacon Hill Trust,Beacon Hill Trust,nonprofit,Charity/Nonprofit,GB,Unauthorised access,MFA fatigue,HollowLantern,Ransomware crew,False,,2021-12-12,2022-01-11,2022-01-14,30,Third-party notification,439,date_of_birth|donation_history|email|employment|name|passport|phone|safeguarding_notes,,not_applicable,3,179907,yes,medium,True,synthetic (Faker),
SYN-01973,Unauthorised access at Smith and Sons,Smith and Sons,vendor,Software,GB,Unauthorised access,Compromised credentials,Unattributed,Ransomware crew,False,,2021-11-11,2022-01-16,2022-01-21,66,Internal detection,63950,name|phone|postal_address|safeguarding_notes|ssn_or_ni_number,,not_applicable,0,,no,medium,True,synthetic (Faker),
REAL-0006,ICRC humanitarian data breach,International Committee of the Red Cross,nonprofit,Humanitarian,CH,Data breach,Unpatched vulnerability (CVE-2021-40539),Unattributed (suspected state-linked),Nation state,True,60,2021-11-09,2022-01-18,2022-01-19,70,Third-party notification,515000,name|postal_address|family_links|vulnerable_persons,,not_applicable,0,,no,critical,False,"ICRC statements, Jan-Feb 2022","Restoring Family Links data on missing persons, detainees and refugees. Highest-harm nonprofit breach in the reference set."
SYN-01456,Ransomware at Gallagher Inc,Gallagher Inc,private,Hospitality,CA,Ransomware,Exposed RDP/VPN,ObsidianKoi,Ransomware crew,False,,2022-01-11,2022-01-20,2022-02-02,9,Internal detection,792172,phone|postal_address|safeguarding_notes,1515793,no,5,99472564,yes,medium,True,synthetic (Faker),
SYN-01495,Ransomware at Port Timothyhaven Council,Port Timothyhaven Council,public,Local government,IN,Ransomware,Compromised credentials,Unattributed,Ransomware crew,False,,2022-01-18,2022-01-20,2022-01-25,2,Internal detection,549,email|name|phone|postal_address|ssn_or_ni_number,81730,yes,2,,yes,medium,True,synthetic (Faker),
SYN-00951,"Data breach at Howard, Evans and Jackson","Howard, Evans and Jackson",vendor,Nonprofit technology,IN,Data breach,Misconfigured cloud storage,NineSpindle,Ransomware crew,True,2123,2022-01-08,2022-01-24,2022-01-28,16,Routine audit,12973943,credit_card|date_of_birth|donation_history|email|health|name|phone,,not_applicable,1,2272915228,yes,high,True,synthetic (Faker),
SYN-00253,Ransomware at Walker-Wilkins,Walker-Wilkins,vendor,Nonprofit technology,DE,Ransomware,Compromised credentials,TinCathedral,Ransomware crew,True,223,2022-01-24,2022-01-25,2022-02-02,1,Internal detection,1381288,credit_card|donation_history|health|name|phone|safeguarding_notes|ssn_or_ni_number,2578956,no,8,176007264,yes,critical,True,synthetic (Faker),
SYN-00786,Phishing campaign at Margaretshire NHS Trust,Margaretshire NHS Trust,public,Education,GB,Phishing campaign,Phishing,Unattributed,Unknown,False,,2022-01-01,2022-01-29,2022-02-09,28,Public leak / dark web,3419,donation_history|email|internal_email|name|passport|phone|postal_address,,not_applicable,1,,yes,low,True,synthetic (Faker),
SYN-01074,Insider incident at Hunt Ltd,Hunt Ltd,private,Financial services,US,Insider incident,Malicious insider,Unattributed,Insider,False,,2022-01-22,2022-01-30,2022-02-03,8,Law enforcement notification,523893,credentials|credit_card|date_of_birth|health|name|phone|postal_address,,not_applicable,0,90852973,yes,medium,True,synthetic (Faker),
SYN-00571,Unauthorised access at Barker Group,Barker Group,private,Financial services,US,Unauthorised access,Help-desk social engineering,Unattributed,Financially motivated,False,,2022-01-05,2022-01-31,2022-02-03,26,Third-party notification,24576,donation_history|email|health|internal_email|phone|safeguarding_notes|ssn_or_ni_number,,not_applicable,0,2520624,yes,medium,True,synthetic (Faker),
SYN-00289,Phishing campaign at White-Morgan,White-Morgan,vendor,Software,SG,Phishing campaign,Phishing,RustVulture,Ransomware crew,True,1100,2021-12-31,2022-02-04,2022-02-14,35,Internal detection,526046,email|name|phone,,not_applicable,0,88379748,no,medium,True,synthetic (Faker),
SYN-00465,Phishing campaign at Sanchez-Aguirre,Sanchez-Aguirre,private,Legal/Professional,GB,Phishing campaign,Phishing,IronMagpie,Ransomware crew,False,,2022-01-11,2022-02-04,2022-03-14,24,Internal detection,141312,date_of_birth|donation_history|name|phone|postal_address,,not_applicable,2,3730191,yes,medium,True,synthetic (Faker),
SYN-01076,DDoS at Thomas-White,Thomas-White,private,Healthcare,CA,DDoS,Volumetric flood,Unattributed,Insider,False,,2022-02-01,2022-02-04,2022-02-18,3,Third-party notification,1857,date_of_birth|email|health|name|postal_address|safeguarding_notes|ssn_or_ni_number,,not_applicable,1,,yes,medium,True,synthetic (Faker),
SYN-01491,"Unauthorised access at Johnson, Gutierrez and Crawford","Johnson, Gutierrez and Crawford",vendor,Cloud/SaaS,US,Unauthorised access,Compromised credentials,Unattributed,Financially motivated,False,,2021-12-02,2022-02-04,2022-02-07,64,Internal detection,36737,bank_details|name|phone,,not_applicable,0,4646326,no,medium,True,synthetic (Faker),
SYN-01081,"Supply chain compromise at Richards, Adams and Hughes","Richards, Adams and Hughes",private,Healthcare,US,Supply chain compromise,Third-party supplier access,DimStag,Ransomware crew,True,16,2021-11-25,2022-02-06,2022-02-11,73,Third-party notification,587984,bank_details|donation_history|email|employment|health|phone|postal_address,,not_applicable,5,,yes,high,True,synthetic (Faker),
=======
SYN-00995,Data breach at Young-Smith,Young-Smith,private,Healthcare,US,Data breach,Compromised credentials,NorthQuarry,Ransomware crew,False,,2021-12-19,2021-12-30,2022-01-10,11,Law enforcement notification,131866,credentials|donation_history|email|health|name|phone|ssn_or_ni_number,,not_applicable,0,21255017,yes,medium,True,synthetic (Faker),
SYN-00137,"Data breach at Shah, Smith and Gilmore","Shah, Smith and Gilmore",private,Financial services,US,Data breach,Compromised credentials,Unattributed,Financially motivated,False,,2021-11-21,2022-01-03,2022-02-05,43,Law enforcement notification,1300689,email|passport|phone|postal_address|safeguarding_notes,,not_applicable,0,172115366,yes,high,True,synthetic (Faker),
SYN-00506,Unauthorised access at Beacon Hill Trust,Beacon Hill Trust,nonprofit,Charity/Nonprofit,GB,Unauthorised access,MFA fatigue,HollowLantern,Ransomware crew,False,,2021-12-12,2022-01-11,2022-01-14,30,Third-party notification,439,date_of_birth|donation_history|email|employment|name|passport|phone|safeguarding_notes,,not_applicable,3,179907,yes,medium,True,synthetic (Faker),
REAL-0006,ICRC humanitarian data breach,International Committee of the Red Cross,nonprofit,Humanitarian,CH,Data breach,Unpatched vulnerability (CVE-2021-40539),Unattributed (suspected state-linked),Nation state,True,60,2021-11-09,2022-01-18,2022-01-19,70,Third-party notification,515000,name|postal_address|family_links|vulnerable_persons,,not_applicable,0,,no,critical,False,"ICRC statements, Jan-Feb 2022","Restoring Family Links data on missing persons, detainees and refugees. Highest-harm nonprofit breach in the reference set."
SYN-00951,"Data breach at Howard, Evans and Jackson","Howard, Evans and Jackson",vendor,Nonprofit technology,IN,Data breach,Misconfigured cloud storage,NineSpindle,Ransomware crew,True,2123,2022-01-08,2022-01-24,2022-01-28,16,Routine audit,12973943,credit_card|date_of_birth|donation_history|email|health|name|phone,,not_applicable,1,2272915228,yes,high,True,synthetic (Faker),
SYN-00253,Ransomware at Walker-Wilkins,Walker-Wilkins,vendor,Nonprofit technology,DE,Ransomware,Compromised credentials,TinCathedral,Ransomware crew,True,223,2022-01-24,2022-01-25,2022-02-02,1,Internal detection,1381288,credit_card|donation_history|health|name|phone|safeguarding_notes|ssn_or_ni_number,2578956,no,8,176007264,yes,critical,True,synthetic (Faker),
SYN-00786,Phishing campaign at Margaretshire NHS Trust,Margaretshire NHS Trust,public,Education,GB,Phishing campaign,Phishing,Unattributed,Unknown,False,,2022-01-01,2022-01-29,2022-02-09,28,Public leak / dark web,3419,donation_history|email|internal_email|name|passport|phone|postal_address,,not_applicable,1,,yes,low,True,synthetic (Faker),
SYN-00571,Unauthorised access at Barker Group,Barker Group,private,Financial services,US,Unauthorised access,Help-desk social engineering,Unattributed,Financially motivated,False,,2022-01-05,2022-01-31,2022-02-03,26,Third-party notification,24576,donation_history|email|health|internal_email|phone|safeguarding_notes|ssn_or_ni_number,,not_applicable,0,2520624,yes,medium,True,synthetic (Faker),
SYN-00289,Phishing campaign at White-Morgan,White-Morgan,vendor,Software,SG,Phishing campaign,Phishing,RustVulture,Ransomware crew,True,1100,2021-12-31,2022-02-04,2022-02-14,35,Internal detection,526046,email|name|phone,,not_applicable,0,88379748,no,medium,True,synthetic (Faker),
SYN-00465,Phishing campaign at Sanchez-Aguirre,Sanchez-Aguirre,private,Legal/Professional,GB,Phishing campaign,Phishing,IronMagpie,Ransomware crew,False,,2022-01-11,2022-02-04,2022-03-14,24,Internal detection,141312,date_of_birth|donation_history|name|phone|postal_address,,not_applicable,2,3730191,yes,medium,True,synthetic (Faker),
>>>>>>> 8a74902011229c25354fcb7e063b9152ef665657
SYN-00159,Unauthorised access at Lake Joshville NHS Trust,Lake Joshville NHS Trust,public,Education,IN,Unauthorised access,Insecure API endpoint,Unattributed,Financially motivated,False,,2022-01-26,2022-02-07,2022-02-16,12,Internal detection,1982,bank_details|credit_card|date_of_birth|email|phone|postal_address,,not_applicable,2,,yes,medium,True,synthetic (Faker),
SYN-00551,Business email compromise at East Toby NHS Trust,East Toby NHS Trust,public,Education,US,Business email compromise,Phishing,Unattributed,Unknown,False,,2021-12-18,2022-02-08,2022-02-15,52,Routine audit,,not_applicable,,not_applicable,1,,no,low,True,synthetic (Faker),
SYN-00236,Data breach at Port Kimberly NHS Trust,Port Kimberly NHS Trust,public,Local government,FR,Data breach,Misconfigured cloud storage,Unattributed,Ransomware crew,False,,2022-01-07,2022-02-10,2022-02-17,34,Internal detection,2883,date_of_birth|donation_history|email|internal_email|name|postal_address|ssn_or_ni_number,,not_applicable,0,601956,yes,medium,True,synthetic (Faker),
SYN-00526,Data breach at Fletcher and Sons,Fletcher and Sons,private,Retail,US,Data breach,Third-party supplier access,IronMagpie,Ransomware crew,True,18,2022-01-09,2022-02-11,2022-02-25,33,Routine audit,70111,date_of_birth|name|postal_address,,not_applicable,0,11087902,yes,medium,True,synthetic (Faker),
SYN-00712,Ransomware at Warner-Burke,Warner-Burke,vendor,Nonprofit technology,GB,Ransomware,Phishing,AmberBastion,Ransomware crew,False,,2022-02-11,2022-02-12,2022-02-18,1,Internal detection,42378,credentials|donation_history|email|name|phone|postal_address,3531155,no,28,1689518,yes,medium,True,synthetic (Faker),
<<<<<<< HEAD
SYN-01423,Supply chain compromise at Martin and Sons,Martin and Sons,vendor,Software,GB,Supply chain compromise,Third-party supplier access,Unattributed,Ransomware crew,True,1191,2021-12-27,2022-02-12,2022-02-19,47,Third-party notification,1364076,date_of_birth|safeguarding_notes,,not_applicable,1,88868041,no,high,True,synthetic (Faker),
SYN-00476,Supply chain compromise at Shelter Network,Shelter Network,nonprofit,Charity/Nonprofit,GB,Supply chain compromise,Compromised credentials,ObsidianKoi,Ransomware crew,True,186,2021-07-28,2022-02-14,2022-02-19,201,Third-party notification,217591,bank_details|credentials|credit_card|donation_history|email|postal_address,,not_applicable,0,,yes,high,True,synthetic (Faker),
SYN-00883,DDoS at Payne and Sons,Payne and Sons,private,Hospitality,GB,DDoS,Volumetric flood,Unattributed,Insider,False,,2022-02-12,2022-02-16,2022-02-20,4,Internal detection,,not_applicable,,not_applicable,1,334093,no,low,True,synthetic (Faker),
SYN-01890,"Supply chain compromise at Adams, Jackson and Russell","Adams, Jackson and Russell",private,Financial services,US,Supply chain compromise,Third-party supplier access,Unattributed,Ransomware crew,True,10,2021-10-30,2022-02-16,2022-02-20,109,Routine audit,726279,credentials|credit_card|donation_history|email|internal_email|name|postal_address,,not_applicable,0,85931206,yes,medium,True,synthetic (Faker),
SYN-00620,Data breach at Richardson-Baker,Richardson-Baker,vendor,Software,DE,Data breach,Third-party supplier access,CobaltFinch,Ransomware crew,True,229,2021-12-25,2022-02-17,2022-02-22,54,Internal detection,105047,email|name,,not_applicable,0,9718179,unknown,medium,True,synthetic (Faker),
SYN-01627,"Ransomware at Lee, Dominguez and Mosley","Lee, Dominguez and Mosley",vendor,Cloud/SaaS,GB,Ransomware,Phishing,Unattributed,Ransomware crew,True,340,2022-02-12,2022-02-17,2022-02-23,5,Internal detection,7583817,employment|health|name|passport|safeguarding_notes|ssn_or_ni_number,7816977,no,87,1174490255,no,critical,True,synthetic (Faker),
SYN-00341,"Phishing campaign at Williams, Smith and Morse","Williams, Smith and Morse",private,Healthcare,IN,Phishing campaign,Phishing,NineSpindle,Ransomware crew,False,,2022-01-26,2022-02-21,2022-02-23,26,Security vendor / MDR,305447,email|employment|health|name,421210,no,3,,yes,medium,True,synthetic (Faker),
SYN-00665,Data breach at Wilson-Elliott,Wilson-Elliott,private,Healthcare,GB,Data breach,Compromised credentials,Unattributed,Ransomware crew,False,,2022-01-27,2022-02-21,2022-03-19,25,Law enforcement notification,21296,bank_details|health|phone|safeguarding_notes,,not_applicable,1,2622257,yes,medium,True,synthetic (Faker),
SYN-01063,Ransomware at Molina Inc,Molina Inc,vendor,Cloud/SaaS,IE,Ransomware,Compromised credentials,HollowLantern,Ransomware crew,False,,2022-02-18,2022-02-21,2022-02-22,3,Internal detection,182539,email|health|internal_email|phone,479051,no,63,17709243,unknown,high,True,synthetic (Faker),
SYN-01002,Unauthorised access at Rodgers-Davis,Rodgers-Davis,private,Logistics,CA,Unauthorised access,MFA fatigue,Unattributed,Ransomware crew,False,,2021-12-16,2022-02-22,2022-03-02,68,Internal detection,119,credit_card|date_of_birth|email|name|phone|postal_address,,not_applicable,0,45721,yes,low,True,synthetic (Faker),
SYN-00772,Data breach at Beacon Hill Care,Beacon Hill Care,nonprofit,Charity/Nonprofit,US,Data breach,Compromised credentials,Unattributed,Ransomware crew,False,,2022-02-15,2022-02-25,2022-03-01,10,Third-party notification,7559,bank_details|donation_history|employment|health|postal_address|safeguarding_notes|ssn_or_ni_number,,not_applicable,0,457430,yes,medium,True,synthetic (Faker),
SYN-01521,Ransomware at Chavez-Johnson,Chavez-Johnson,private,Hospitality,GB,Ransomware,Unpatched vulnerability,AmberBastion,Ransomware crew,False,,2022-02-03,2022-02-25,2022-03-02,22,Internal detection,30035,date_of_birth|email|name|passport|phone,957556,no,9,2215159,yes,medium,True,synthetic (Faker),
SYN-00171,Data breach at Ramirez-Carlson,Ramirez-Carlson,vendor,Software,US,Data breach,Third-party supplier access,Unattributed,Ransomware crew,True,9,2021-11-22,2022-02-27,2022-03-14,97,Internal detection,1735348,name|postal_address,,not_applicable,0,131717498,no,high,True,synthetic (Faker),
SYN-00875,Data breach at Brown LLC,Brown LLC,private,Financial services,US,Data breach,Phishing,Unattributed,Hacktivist,False,,2021-12-28,2022-02-28,2022-03-04,62,Security vendor / MDR,26478,date_of_birth|internal_email|name|phone,,not_applicable,5,1917523,yes,medium,True,synthetic (Faker),
SYN-00952,Data breach at Gibson-Clarke,Gibson-Clarke,private,Legal/Professional,US,Data breach,Compromised credentials,NineSpindle,Ransomware crew,False,,2022-01-21,2022-02-28,2022-03-04,38,Internal detection,7929,employment|name,,not_applicable,1,592631,yes,low,True,synthetic (Faker),
SYN-01530,Data breach at Bradley-Peterson,Bradley-Peterson,private,Retail,GB,Data breach,Phishing,Unattributed,Ransomware crew,False,,2022-02-24,2022-03-05,2022-03-08,9,Third-party notification,9129,employment|phone,,not_applicable,0,1756674,yes,low,True,synthetic (Faker),
SYN-01897,"Ransomware at Brooks, Fry and Stewart","Brooks, Fry and Stewart",vendor,Nonprofit technology,GB,Ransomware,Exposed RDP/VPN,Unattributed,Ransomware crew,True,125,2022-02-15,2022-03-07,2022-03-18,20,Customer report,2830530,donation_history|employment|phone|postal_address|safeguarding_notes,3798600,no,9,252820120,yes,critical,True,synthetic (Faker),
SYN-01288,Data breach at Harris Ltd,Harris Ltd,vendor,Software,GB,Data breach,Third-party supplier access,Unattributed,Insider,True,117,2022-02-20,2022-03-09,2022-03-20,17,Customer report,1275498,credentials|email|phone|ssn_or_ni_number,,not_applicable,7,,yes,critical,True,synthetic (Faker),
SYN-01908,Unauthorised access at Rivers Fund,Rivers Fund,nonprofit,Charity/Nonprofit,GB,Unauthorised access,Exposed RDP/VPN,Unattributed,Financially motivated,False,,2022-02-26,2022-03-09,2022-03-12,11,Internal detection,14752,donation_history|email|employment|postal_address|safeguarding_notes,,not_applicable,0,609917,yes,medium,True,synthetic (Faker),
SYN-00623,Supply chain compromise at Knight Group,Knight Group,private,Financial services,US,Supply chain compromise,Compromised credentials,PaleHydra,Nation state,True,10,2022-03-06,2022-03-14,2022-03-16,8,Internal detection,1052054,credit_card|donation_history|email|health|name|phone|postal_address,,not_applicable,0,,yes,high,True,synthetic (Faker),
SYN-01084,Unauthorised access at Freeman-Ahmed,Freeman-Ahmed,private,Retail,GB,Unauthorised access,Exposed RDP/VPN,Unattributed,Insider,False,,2022-03-08,2022-03-15,2022-03-20,7,Third-party notification,470461,credit_card|safeguarding_notes,,not_applicable,4,37985462,yes,medium,True,synthetic (Faker),
SYN-00572,Ransomware at Martin Inc,Martin Inc,private,Hospitality,FR,Ransomware,Compromised credentials,ObsidianKoi,Ransomware crew,False,,2022-03-15,2022-03-16,2022-04-11,1,Internal detection,3817283,donation_history|email|phone|postal_address,53097,yes,8,261256577,yes,high,True,synthetic (Faker),
SYN-01044,Business email compromise at Mobility Trust,Mobility Trust,nonprofit,Charity/Nonprofit,NL,Business email compromise,Phishing,Unattributed,Unknown,False,,2021-10-20,2022-03-16,2022-03-26,147,Internal detection,,not_applicable,,not_applicable,0,29254,no,medium,True,synthetic (Faker),
SYN-01265,Ransomware at Collins Group,Collins Group,private,Healthcare,GB,Ransomware,Help-desk social engineering,Unattributed,Ransomware crew,False,,2022-03-15,2022-03-16,2022-03-17,1,Internal detection,556808,email|health|name|passport|phone|postal_address,1012288,no,10,88222138,yes,high,True,synthetic (Faker),
=======
SYN-00476,Supply chain compromise at Shelter Network,Shelter Network,nonprofit,Charity/Nonprofit,GB,Supply chain compromise,Compromised credentials,ObsidianKoi,Ransomware crew,True,186,2021-07-28,2022-02-14,2022-02-19,201,Third-party notification,217591,bank_details|credentials|credit_card|donation_history|email|postal_address,,not_applicable,0,,yes,high,True,synthetic (Faker),
SYN-00883,DDoS at Payne and Sons,Payne and Sons,private,Hospitality,GB,DDoS,Volumetric flood,Unattributed,Insider,False,,2022-02-12,2022-02-16,2022-02-20,4,Internal detection,,not_applicable,,not_applicable,1,334093,no,low,True,synthetic (Faker),
SYN-00620,Data breach at Richardson-Baker,Richardson-Baker,vendor,Software,DE,Data breach,Third-party supplier access,CobaltFinch,Ransomware crew,True,229,2021-12-25,2022-02-17,2022-02-22,54,Internal detection,105047,email|name,,not_applicable,0,9718179,unknown,medium,True,synthetic (Faker),
SYN-00341,"Phishing campaign at Williams, Smith and Morse","Williams, Smith and Morse",private,Healthcare,IN,Phishing campaign,Phishing,NineSpindle,Ransomware crew,False,,2022-01-26,2022-02-21,2022-02-23,26,Security vendor / MDR,305447,email|employment|health|name,421210,no,3,,yes,medium,True,synthetic (Faker),
SYN-00665,Data breach at Wilson-Elliott,Wilson-Elliott,private,Healthcare,GB,Data breach,Compromised credentials,Unattributed,Ransomware crew,False,,2022-01-27,2022-02-21,2022-03-19,25,Law enforcement notification,21296,bank_details|health|phone|safeguarding_notes,,not_applicable,1,2622257,yes,medium,True,synthetic (Faker),
SYN-00772,Data breach at Beacon Hill Care,Beacon Hill Care,nonprofit,Charity/Nonprofit,US,Data breach,Compromised credentials,Unattributed,Ransomware crew,False,,2022-02-15,2022-02-25,2022-03-01,10,Third-party notification,7559,bank_details|donation_history|employment|health|postal_address|safeguarding_notes|ssn_or_ni_number,,not_applicable,0,457430,yes,medium,True,synthetic (Faker),
SYN-00171,Data breach at Ramirez-Carlson,Ramirez-Carlson,vendor,Software,US,Data breach,Third-party supplier access,Unattributed,Ransomware crew,True,9,2021-11-22,2022-02-27,2022-03-14,97,Internal detection,1735348,name|postal_address,,not_applicable,0,131717498,no,high,True,synthetic (Faker),
SYN-00875,Data breach at Brown LLC,Brown LLC,private,Financial services,US,Data breach,Phishing,Unattributed,Hacktivist,False,,2021-12-28,2022-02-28,2022-03-04,62,Security vendor / MDR,26478,date_of_birth|internal_email|name|phone,,not_applicable,5,1917523,yes,medium,True,synthetic (Faker),
SYN-00952,Data breach at Gibson-Clarke,Gibson-Clarke,private,Legal/Professional,US,Data breach,Compromised credentials,NineSpindle,Ransomware crew,False,,2022-01-21,2022-02-28,2022-03-04,38,Internal detection,7929,employment|name,,not_applicable,1,592631,yes,low,True,synthetic (Faker),
SYN-00623,Supply chain compromise at Knight Group,Knight Group,private,Financial services,US,Supply chain compromise,Compromised credentials,PaleHydra,Nation state,True,10,2022-03-06,2022-03-14,2022-03-16,8,Internal detection,1052054,credit_card|donation_history|email|health|name|phone|postal_address,,not_applicable,0,,yes,high,True,synthetic (Faker),
SYN-00572,Ransomware at Martin Inc,Martin Inc,private,Hospitality,FR,Ransomware,Compromised credentials,ObsidianKoi,Ransomware crew,False,,2022-03-15,2022-03-16,2022-04-11,1,Internal detection,3817283,donation_history|email|phone|postal_address,53097,yes,8,261256577,yes,high,True,synthetic (Faker),
>>>>>>> 8a74902011229c25354fcb7e063b9152ef665657
SYN-00326,DDoS at Matthewburgh Council,Matthewburgh Council,public,Local government,US,DDoS,Volumetric flood,SlateWarden,Ransomware crew,False,,2022-03-17,2022-03-17,2022-03-21,0,Law enforcement notification,,not_applicable,,not_applicable,1,240658,no,low,True,synthetic (Faker),
SYN-00012,Supply chain compromise at Barbaraland Authority,Barbaraland Authority,public,Education,US,Supply chain compromise,Trojanised software update,ObsidianKoi,Ransomware crew,True,10,2022-02-15,2022-03-18,2022-04-02,31,Internal detection,4641585,date_of_birth|donation_history|name|phone,,not_applicable,2,692293638,yes,high,True,synthetic (Faker),
SYN-00821,Data breach at Franklin LLC,Franklin LLC,vendor,Cloud/SaaS,GB,Data breach,Misconfigured cloud storage,Unattributed,Financially motivated,True,1642,2021-12-22,2022-03-21,2022-03-25,89,Internal detection,266537,date_of_birth|email|health|ssn_or_ni_number,325655,no,16,21990804,yes,high,True,synthetic (Faker),
SYN-00806,Unauthorised access at Whitehouse Group,Whitehouse Group,private,Retail,AU,Unauthorised access,Compromised credentials,Unattributed,Financially motivated,False,,2022-02-14,2022-03-22,2022-03-25,36,Third-party notification,149582,credentials|credit_card|email|internal_email|name|passport|phone,,not_applicable,0,7619821,yes,medium,True,synthetic (Faker),
<<<<<<< HEAD
SYN-01279,"Business email compromise at Smith, Weeks and Arroyo","Smith, Weeks and Arroyo",vendor,Software,GB,Business email compromise,Phishing,Unattributed,Ransomware crew,False,,2022-02-22,2022-03-24,2022-03-27,30,Internal detection,,not_applicable,,not_applicable,2,344662,no,medium,True,synthetic (Faker),
SYN-01092,DDoS at Smith-Wood,Smith-Wood,private,Retail,US,DDoS,Volumetric flood,Unattributed,Financially motivated,False,,2022-03-25,2022-03-26,2022-03-28,1,Third-party notification,,not_applicable,,not_applicable,1,147294,unknown,low,True,synthetic (Faker),
SYN-01544,DDoS at Farmer-Hutchinson,Farmer-Hutchinson,private,Healthcare,DE,DDoS,Volumetric flood,ObsidianKoi,Ransomware crew,False,,2022-03-23,2022-03-26,2022-03-26,3,Customer report,,not_applicable,,not_applicable,2,75167,no,medium,True,synthetic (Faker),
=======
>>>>>>> 8a74902011229c25354fcb7e063b9152ef665657
SYN-00573,Unauthorised access at Anderson-Campbell,Anderson-Campbell,private,Healthcare,IE,Unauthorised access,Exposed RDP/VPN,CobaltFinch,Ransomware crew,False,,2022-03-17,2022-03-27,2022-03-29,10,Law enforcement notification,1247072,donation_history|email|health|phone|postal_address,,not_applicable,0,,yes,high,True,synthetic (Faker),
SYN-00316,Ransomware at Mcdaniel Group,Mcdaniel Group,private,Healthcare,GB,Ransomware,Exposed RDP/VPN,DimStag,Ransomware crew,False,,2022-03-25,2022-03-29,2022-04-04,4,Public leak / dark web,205168,bank_details|credit_card|email|health|passport|phone,3460655,no,26,29343167,yes,high,True,synthetic (Faker),
SYN-00941,Ransomware at Wayfarer Support,Wayfarer Support,nonprofit,Charity/Nonprofit,US,Ransomware,Phishing,Unattributed,Ransomware crew,False,,2022-03-18,2022-03-30,2022-04-07,12,Law enforcement notification,124341,donation_history|name|postal_address,127040,undisclosed,9,,yes,medium,True,synthetic (Faker),
SYN-00957,"Unauthorised access at Carter, York and Ruiz","Carter, York and Ruiz",private,Logistics,IE,Unauthorised access,Help-desk social engineering,QuietFathom,Ransomware crew,False,,2022-03-27,2022-03-30,2022-05-10,3,Security vendor / MDR,111898,credentials|email|phone,,not_applicable,0,13972584,unknown,medium,True,synthetic (Faker),
<<<<<<< HEAD
SYN-01425,Destructive malware at Walker-Powers,Walker-Powers,private,Retail,GB,Destructive malware,Trojanised software update,Unattributed,Financially motivated,True,2243,2022-03-30,2022-03-31,2022-04-08,1,Public leak / dark web,,not_applicable,1311251,no,6,709692,no,medium,True,synthetic (Faker),
SYN-00635,Ransomware at Alexanderville Council,Alexanderville Council,public,Energy/Utilities,US,Ransomware,Exposed RDP/VPN,IronMagpie,Ransomware crew,False,,2022-03-15,2022-04-02,2022-04-15,18,Security vendor / MDR,244,bank_details|credentials|email|name|postal_address|safeguarding_notes,328198,no,26,,yes,medium,True,synthetic (Faker),
SYN-01767,Supply chain compromise at Lewis-Allen,Lewis-Allen,vendor,Software,GB,Supply chain compromise,Third-party supplier access,Unattributed,Ransomware crew,True,95,2022-02-08,2022-04-04,2022-04-07,55,Public leak / dark web,316337,credentials|name|phone,,not_applicable,0,23417272,no,medium,True,synthetic (Faker),
SYN-01786,Data breach at Montoya PLC,Montoya PLC,private,Hospitality,AU,Data breach,Credential stuffing,Unattributed,Hacktivist,False,,2022-03-08,2022-04-04,2022-04-29,27,Public leak / dark web,301852,bank_details|credit_card|date_of_birth|email|name|postal_address|ssn_or_ni_number,,not_applicable,11,14534615,yes,high,True,synthetic (Faker),
SYN-00882,Ransomware at Literacy Support,Literacy Support,nonprofit,Charity/Nonprofit,GB,Ransomware,Compromised credentials,Unattributed,Ransomware crew,False,,2022-04-03,2022-04-05,2022-04-07,2,Internal detection,6587,credit_card|donation_history|email|employment|name|phone|postal_address|ssn_or_ni_number,197894,yes,5,,yes,medium,True,synthetic (Faker),
SYN-01113,Phishing campaign at Gutierrez Ltd,Gutierrez Ltd,private,Retail,US,Phishing campaign,Phishing,Unattributed,Unknown,False,,2022-01-28,2022-04-05,2022-04-07,67,Internal detection,45036,phone|postal_address,,not_applicable,0,1347688,yes,medium,True,synthetic (Faker),
SYN-00119,Business email compromise at Carroll-Yates,Carroll-Yates,private,Hospitality,GB,Business email compromise,Phishing,Unattributed,Financially motivated,False,,2022-04-05,2022-04-07,2022-04-14,2,Internal detection,,not_applicable,,not_applicable,0,,no,medium,True,synthetic (Faker),
SYN-01463,Unauthorised access at Wilkins-Chang,Wilkins-Chang,private,Logistics,US,Unauthorised access,MFA fatigue,CobaltFinch,Ransomware crew,False,,2022-01-17,2022-04-07,2022-04-25,80,Internal detection,8090,donation_history|email|name|phone|postal_address|safeguarding_notes,1594642,no,0,1310108,unknown,medium,True,synthetic (Faker),
SYN-01931,Ransomware at Francis-Reyes,Francis-Reyes,private,Retail,IN,Ransomware,Exposed RDP/VPN,QuietFathom,Ransomware crew,False,,2022-04-07,2022-04-07,2022-04-17,0,Third-party notification,19205,credentials|date_of_birth|internal_email|name|passport|phone|postal_address,334574,no,4,,yes,medium,True,synthetic (Faker),
SYN-01209,Business email compromise at Jarvis-Lowe,Jarvis-Lowe,private,Retail,GB,Business email compromise,Phishing,ObsidianKoi,Ransomware crew,False,,2022-03-20,2022-04-08,2022-04-11,19,Internal detection,,not_applicable,,not_applicable,0,72131,unknown,low,True,synthetic (Faker),
SYN-00368,Business email compromise at Shelton-Williams,Shelton-Williams,vendor,Nonprofit technology,IE,Business email compromise,Compromised credentials,Unattributed,Financially motivated,True,323,2022-03-08,2022-04-10,2022-04-11,33,Law enforcement notification,244,donation_history|email|phone,,not_applicable,2,409938,yes,medium,True,synthetic (Faker),
SYN-01065,Business email compromise at Smithport District Board,Smithport District Board,public,Energy/Utilities,DE,Business email compromise,Phishing,Unattributed,Financially motivated,False,,2022-03-27,2022-04-10,2022-05-09,14,Third-party notification,,not_applicable,294986,no,0,99178,no,low,True,synthetic (Faker),
SYN-01808,Data breach at Mills Inc,Mills Inc,vendor,Software,IE,Data breach,Insecure API endpoint,Unattributed,Financially motivated,True,24,2022-02-08,2022-04-11,2022-04-16,62,Internal detection,2042487,credentials|donation_history|phone,,not_applicable,4,86304430,yes,high,True,synthetic (Faker),
SYN-01355,Data breach at Thomas LLC,Thomas LLC,private,Healthcare,US,Data breach,Third-party supplier access,HollowLantern,Nation state,True,65,2022-03-13,2022-04-12,2022-04-16,30,Customer report,7131602,bank_details|donation_history|email|health|phone|postal_address|ssn_or_ni_number,,not_applicable,6,948573875,yes,critical,True,synthetic (Faker),
SYN-00117,Ransomware at Smith Group,Smith Group,private,Financial services,US,Ransomware,Unpatched vulnerability,AmberBastion,Ransomware crew,False,,2022-04-10,2022-04-13,2022-04-18,3,Third-party notification,1425113,credit_card|date_of_birth|email|internal_email|name|phone|postal_address,2275572,no,23,,yes,high,True,synthetic (Faker),
SYN-01788,Data breach at Clarke Ltd,Clarke Ltd,private,Financial services,GB,Data breach,Third-party supplier access,SlateWarden,Ransomware crew,True,41,2022-04-09,2022-04-13,2022-04-14,4,Security vendor / MDR,90590,bank_details|email|name|passport|phone,248521,no,2,13836903,yes,high,True,synthetic (Faker),
SYN-00646,Business email compromise at Literacy Aid,Literacy Aid,nonprofit,Charity/Nonprofit,GB,Business email compromise,Phishing,IronMagpie,Ransomware crew,False,,2022-03-23,2022-04-19,2022-05-22,27,Law enforcement notification,,not_applicable,,not_applicable,0,26624,no,low,True,synthetic (Faker),
SYN-01802,"Data breach at Gibson, Stevens and Pollard","Gibson, Stevens and Pollard",private,Financial services,DE,Data breach,Credential stuffing,QuietFathom,Nation state,False,,2022-04-13,2022-04-19,2022-04-23,6,Law enforcement notification,4812,email|name|postal_address,,not_applicable,1,839559,yes,low,True,synthetic (Faker),
SYN-00273,DDoS at Mitchell and Sons,Mitchell and Sons,vendor,Nonprofit technology,US,DDoS,Volumetric flood,HollowLantern,Ransomware crew,False,,2022-04-16,2022-04-20,2022-04-28,4,Security vendor / MDR,,not_applicable,,not_applicable,2,349874,unknown,medium,True,synthetic (Faker),
SYN-01094,Data breach at Williams-Villanueva,Williams-Villanueva,private,Financial services,IN,Data breach,Compromised credentials,CobaltFinch,Ransomware crew,False,,2022-03-26,2022-04-20,2022-05-07,25,Third-party notification,95636,bank_details|phone,,not_applicable,6,11611110,yes,high,True,synthetic (Faker),
SYN-00940,Business email compromise at Literacy Care,Literacy Care,nonprofit,Charity/Nonprofit,GB,Business email compromise,MFA fatigue,SlateWarden,Ransomware crew,False,,2022-02-21,2022-04-21,2022-04-26,59,Law enforcement notification,,not_applicable,,not_applicable,1,55120,unknown,low,True,synthetic (Faker),
SYN-01283,"Insider incident at Kim, Wright and Espinoza","Kim, Wright and Espinoza",private,Manufacturing,GB,Insider incident,Malicious insider,Unattributed,Insider,False,,2022-02-04,2022-04-21,2022-04-24,76,Third-party notification,17189,email|postal_address,,not_applicable,0,2860338,yes,medium,True,synthetic (Faker),
SYN-00897,Business email compromise at Wells Group,Wells Group,private,Manufacturing,GB,Business email compromise,Compromised credentials,TinCathedral,Nation state,False,,2021-12-08,2022-04-22,2022-04-27,135,Internal detection,,not_applicable,,not_applicable,0,,no,medium,True,synthetic (Faker),
SYN-01775,"Business email compromise at Wolfe, Cox and Ferguson","Wolfe, Cox and Ferguson",private,Healthcare,US,Business email compromise,Phishing,IronMagpie,Ransomware crew,False,,2022-03-18,2022-04-25,2022-04-30,38,Third-party notification,,not_applicable,,not_applicable,0,123849,no,medium,True,synthetic (Faker),
SYN-00020,Data breach at Alexander-Collins,Alexander-Collins,private,Retail,GB,Data breach,Credential stuffing,Unattributed,Hacktivist,False,,2022-02-16,2022-04-27,2022-05-02,70,Third-party notification,822952,date_of_birth|email|passport|phone|postal_address,,not_applicable,0,41793293,yes,medium,True,synthetic (Faker),
SYN-01672,Data breach at Ball-Ford,Ball-Ford,private,Healthcare,SG,Data breach,Phishing,SlateWarden,Ransomware crew,False,,2022-03-03,2022-04-28,2022-05-05,56,Public leak / dark web,71463,health|internal_email|postal_address|ssn_or_ni_number,,not_applicable,0,10018119,yes,medium,True,synthetic (Faker),
SYN-01027,Business email compromise at Hooper Ltd,Hooper Ltd,private,Healthcare,GB,Business email compromise,Phishing,Unattributed,Hacktivist,False,,2022-04-02,2022-04-29,2022-04-29,27,Customer report,,not_applicable,,not_applicable,3,,unknown,medium,True,synthetic (Faker),
SYN-01019,Phishing campaign at Adams-Smith,Adams-Smith,private,Retail,US,Phishing campaign,Phishing,Unattributed,Financially motivated,False,,2021-09-20,2022-04-30,2022-05-04,222,Internal detection,272427,credentials|donation_history|name|phone|postal_address|ssn_or_ni_number,,not_applicable,0,,yes,medium,True,synthetic (Faker),
SYN-01947,Unauthorised access at Wayfarer Support,Wayfarer Support,nonprofit,Charity/Nonprofit,IN,Unauthorised access,Exposed RDP/VPN,IronMagpie,Ransomware crew,False,,2022-04-06,2022-05-01,2022-05-16,25,Internal detection,2291,credentials|name|phone,108566,no,0,73005,yes,low,True,synthetic (Faker),
SYN-01531,Ransomware at Adams Inc,Adams Inc,private,Logistics,GB,Ransomware,Compromised credentials,NineSpindle,Ransomware crew,False,,2022-04-30,2022-05-02,2022-05-04,2,Customer report,2444,email|name,10619172,yes,1,608057,yes,low,True,synthetic (Faker),
SYN-00286,Data breach at Vaughn and Sons,Vaughn and Sons,private,Healthcare,GB,Data breach,Credential stuffing,Unattributed,Financially motivated,False,,2022-02-11,2022-05-03,2022-05-24,81,Third-party notification,102297,credentials|health|internal_email|name|passport|phone|ssn_or_ni_number,,not_applicable,0,17143941,yes,medium,True,synthetic (Faker),
SYN-01314,"Phishing campaign at Hurst, Begum and Turner","Hurst, Begum and Turner",private,Logistics,GB,Phishing campaign,Phishing,RustVulture,Nation state,False,,2022-04-28,2022-05-03,2022-05-07,5,Public leak / dark web,84772,date_of_birth|email|employment|name|phone|postal_address|ssn_or_ni_number,,not_applicable,0,7785722,yes,medium,True,synthetic (Faker),
SYN-00912,Unauthorised access at South Pamelamouth NHS Trust,South Pamelamouth NHS Trust,public,Local government,US,Unauthorised access,Compromised credentials,Unattributed,Financially motivated,False,,2022-05-04,2022-05-05,2022-05-14,1,Law enforcement notification,422,internal_email|postal_address|safeguarding_notes,,not_applicable,5,793263,yes,medium,True,synthetic (Faker),
SYN-00982,Supply chain compromise at Owen Ltd,Owen Ltd,private,Retail,GB,Supply chain compromise,Third-party supplier access,DimStag,Ransomware crew,True,21,2022-01-28,2022-05-06,2022-05-14,98,Internal detection,16845186,email|health|phone,,not_applicable,0,2366090308,yes,high,True,synthetic (Faker),
SYN-01021,Unauthorised access at Graham and Sons,Graham and Sons,vendor,Cloud/SaaS,FR,Unauthorised access,MFA fatigue,GlassMantis,Ransomware crew,True,233,2022-04-11,2022-05-06,2022-05-18,25,Internal detection,452373,date_of_birth|health|phone|postal_address,,not_applicable,0,56462624,yes,high,True,synthetic (Faker),
SYN-00082,Unauthorised access at Williams LLC,Williams LLC,private,Retail,IE,Unauthorised access,Insecure API endpoint,Unattributed,Financially motivated,False,,2021-06-14,2022-05-11,2022-05-16,331,Internal detection,1238283,credentials|phone,,not_applicable,0,185542849,yes,medium,True,synthetic (Faker),
SYN-00868,"Unauthorised access at Curtis, Mcdaniel and Martin","Curtis, Mcdaniel and Martin",private,Manufacturing,DE,Unauthorised access,MFA fatigue,Unattributed,Ransomware crew,False,,2022-05-01,2022-05-12,2022-05-20,11,Internal detection,986,date_of_birth|name|passport|phone|postal_address|safeguarding_notes,,not_applicable,1,217879,yes,medium,True,synthetic (Faker),
SYN-00059,Ransomware at Horton-Cross,Horton-Cross,vendor,Cloud/SaaS,US,Ransomware,Phishing,NineSpindle,Ransomware crew,True,134,2022-05-04,2022-05-16,2022-05-26,12,Public leak / dark web,297598,bank_details|credentials|email|employment|internal_email|name|phone,3384142,no,3,22691593,yes,high,True,synthetic (Faker),
SYN-01647,Business email compromise at Lantern Fund,Lantern Fund,nonprofit,Charity/Nonprofit,US,Business email compromise,Phishing,HollowLantern,Nation state,False,,2022-04-27,2022-05-18,2022-05-20,21,Customer report,,not_applicable,2354615,no,1,39705,unknown,medium,True,synthetic (Faker),
SYN-00477,Ransomware at Estes and Sons,Estes and Sons,private,Retail,GB,Ransomware,Exposed RDP/VPN,IronMagpie,Ransomware crew,False,,2022-05-12,2022-05-19,2022-06-22,7,Third-party notification,704666,bank_details|phone|postal_address,10402566,no,21,31817756,yes,high,True,synthetic (Faker),
SYN-00035,Unauthorised access at Knowles PLC,Knowles PLC,private,Retail,US,Unauthorised access,Help-desk social engineering,Unattributed,Financially motivated,False,,2022-05-20,2022-05-23,2022-05-24,3,Third-party notification,22156,credit_card|email|name|phone|safeguarding_notes,,not_applicable,0,3216695,yes,medium,True,synthetic (Faker),
SYN-01996,Data breach at Thompson Group,Thompson Group,private,Financial services,GB,Data breach,Unpatched vulnerability,QuietFathom,Ransomware crew,False,,2022-01-31,2022-05-28,2022-05-29,117,Internal detection,12155,bank_details|credentials|name|phone|safeguarding_notes,,not_applicable,0,900676,yes,medium,True,synthetic (Faker),
SYN-00226,Ransomware at Harvest Society,Harvest Society,nonprofit,Charity/Nonprofit,DE,Ransomware,Unpatched vulnerability,SlateWarden,Ransomware crew,False,,2022-05-28,2022-05-29,2022-05-30,1,Routine audit,58500,bank_details|date_of_birth|donation_history|email|name|passport|phone,12213230,yes,44,,yes,high,True,synthetic (Faker),
SYN-01014,Supply chain compromise at Port Gabrielleberg Council,Port Gabrielleberg Council,public,Education,US,Supply chain compromise,Compromised credentials,Unattributed,Financially motivated,True,26,2022-02-27,2022-06-01,2022-06-10,94,Law enforcement notification,2624183,date_of_birth|email|employment|phone,,not_applicable,5,445035000,yes,high,True,synthetic (Faker),
SYN-00093,Supply chain compromise at Kindling Support,Kindling Support,nonprofit,Charity/Nonprofit,GB,Supply chain compromise,Trojanised software update,ObsidianKoi,Ransomware crew,True,26,2022-05-09,2022-06-02,2022-06-06,24,Routine audit,65530,bank_details|donation_history|email|name|phone,27721,no,0,,yes,high,True,synthetic (Faker),
SYN-00740,Unauthorised access at Mobility Society,Mobility Society,nonprofit,Charity/Nonprofit,US,Unauthorised access,MFA fatigue,Unattributed,Financially motivated,False,,2022-04-27,2022-06-02,2022-06-04,36,Third-party notification,66222,bank_details|donation_history|email|name|passport|postal_address|safeguarding_notes,,not_applicable,0,,yes,medium,True,synthetic (Faker),
SYN-01170,Ransomware at Ramsey LLC,Ramsey LLC,private,Logistics,CA,Ransomware,Compromised credentials,QuietFathom,Ransomware crew,False,,2022-06-01,2022-06-03,2022-06-12,2,Internal detection,51398,credentials|date_of_birth|donation_history|email|name|phone|postal_address,1685522,no,8,9152592,no,medium,True,synthetic (Faker),
SYN-01759,Data breach at Williamsport District Board,Williamsport District Board,public,Education,GB,Data breach,Credential stuffing,Unattributed,Financially motivated,False,,2022-05-26,2022-06-04,2022-06-19,9,Internal detection,155451,bank_details|email|employment|name|passport|phone,,not_applicable,0,18266835,yes,medium,True,synthetic (Faker),
SYN-01856,Data breach at Mendez LLC,Mendez LLC,vendor,Nonprofit technology,DE,Data breach,Misconfigured cloud storage,Unattributed,Ransomware crew,False,,2022-05-24,2022-06-04,2022-06-09,11,Internal detection,2589206,internal_email|name,,not_applicable,1,415098083,yes,medium,True,synthetic (Faker),
=======
SYN-00635,Ransomware at Alexanderville Council,Alexanderville Council,public,Energy/Utilities,US,Ransomware,Exposed RDP/VPN,IronMagpie,Ransomware crew,False,,2022-03-15,2022-04-02,2022-04-15,18,Security vendor / MDR,244,bank_details|credentials|email|name|postal_address|safeguarding_notes,328198,no,26,,yes,medium,True,synthetic (Faker),
SYN-00882,Ransomware at Literacy Support,Literacy Support,nonprofit,Charity/Nonprofit,GB,Ransomware,Compromised credentials,Unattributed,Ransomware crew,False,,2022-04-03,2022-04-05,2022-04-07,2,Internal detection,6587,credit_card|donation_history|email|employment|name|phone|postal_address|ssn_or_ni_number,197894,yes,5,,yes,medium,True,synthetic (Faker),
SYN-00119,Business email compromise at Carroll-Yates,Carroll-Yates,private,Hospitality,GB,Business email compromise,Phishing,Unattributed,Financially motivated,False,,2022-04-05,2022-04-07,2022-04-14,2,Internal detection,,not_applicable,,not_applicable,0,,no,medium,True,synthetic (Faker),
SYN-00368,Business email compromise at Shelton-Williams,Shelton-Williams,vendor,Nonprofit technology,IE,Business email compromise,Compromised credentials,Unattributed,Financially motivated,True,323,2022-03-08,2022-04-10,2022-04-11,33,Law enforcement notification,244,donation_history|email|phone,,not_applicable,2,409938,yes,medium,True,synthetic (Faker),
SYN-00117,Ransomware at Smith Group,Smith Group,private,Financial services,US,Ransomware,Unpatched vulnerability,AmberBastion,Ransomware crew,False,,2022-04-10,2022-04-13,2022-04-18,3,Third-party notification,1425113,credit_card|date_of_birth|email|internal_email|name|phone|postal_address,2275572,no,23,,yes,high,True,synthetic (Faker),
SYN-00646,Business email compromise at Literacy Aid,Literacy Aid,nonprofit,Charity/Nonprofit,GB,Business email compromise,Phishing,IronMagpie,Ransomware crew,False,,2022-03-23,2022-04-19,2022-05-22,27,Law enforcement notification,,not_applicable,,not_applicable,0,26624,no,low,True,synthetic (Faker),
SYN-00273,DDoS at Mitchell and Sons,Mitchell and Sons,vendor,Nonprofit technology,US,DDoS,Volumetric flood,HollowLantern,Ransomware crew,False,,2022-04-16,2022-04-20,2022-04-28,4,Security vendor / MDR,,not_applicable,,not_applicable,2,349874,unknown,medium,True,synthetic (Faker),
SYN-00940,Business email compromise at Literacy Care,Literacy Care,nonprofit,Charity/Nonprofit,GB,Business email compromise,MFA fatigue,SlateWarden,Ransomware crew,False,,2022-02-21,2022-04-21,2022-04-26,59,Law enforcement notification,,not_applicable,,not_applicable,1,55120,unknown,low,True,synthetic (Faker),
SYN-00897,Business email compromise at Wells Group,Wells Group,private,Manufacturing,GB,Business email compromise,Compromised credentials,TinCathedral,Nation state,False,,2021-12-08,2022-04-22,2022-04-27,135,Internal detection,,not_applicable,,not_applicable,0,,no,medium,True,synthetic (Faker),
SYN-00020,Data breach at Alexander-Collins,Alexander-Collins,private,Retail,GB,Data breach,Credential stuffing,Unattributed,Hacktivist,False,,2022-02-16,2022-04-27,2022-05-02,70,Third-party notification,822952,date_of_birth|email|passport|phone|postal_address,,not_applicable,0,41793293,yes,medium,True,synthetic (Faker),
SYN-00286,Data breach at Vaughn and Sons,Vaughn and Sons,private,Healthcare,GB,Data breach,Credential stuffing,Unattributed,Financially motivated,False,,2022-02-11,2022-05-03,2022-05-24,81,Third-party notification,102297,credentials|health|internal_email|name|passport|phone|ssn_or_ni_number,,not_applicable,0,17143941,yes,medium,True,synthetic (Faker),
SYN-00912,Unauthorised access at South Pamelamouth NHS Trust,South Pamelamouth NHS Trust,public,Local government,US,Unauthorised access,Compromised credentials,Unattributed,Financially motivated,False,,2022-05-04,2022-05-05,2022-05-14,1,Law enforcement notification,422,internal_email|postal_address|safeguarding_notes,,not_applicable,5,793263,yes,medium,True,synthetic (Faker),
SYN-00982,Supply chain compromise at Owen Ltd,Owen Ltd,private,Retail,GB,Supply chain compromise,Third-party supplier access,DimStag,Ransomware crew,True,21,2022-01-28,2022-05-06,2022-05-14,98,Internal detection,16845186,email|health|phone,,not_applicable,0,2366090308,yes,high,True,synthetic (Faker),
SYN-00082,Unauthorised access at Williams LLC,Williams LLC,private,Retail,IE,Unauthorised access,Insecure API endpoint,Unattributed,Financially motivated,False,,2021-06-14,2022-05-11,2022-05-16,331,Internal detection,1238283,credentials|phone,,not_applicable,0,185542849,yes,medium,True,synthetic (Faker),
SYN-00868,"Unauthorised access at Curtis, Mcdaniel and Martin","Curtis, Mcdaniel and Martin",private,Manufacturing,DE,Unauthorised access,MFA fatigue,Unattributed,Ransomware crew,False,,2022-05-01,2022-05-12,2022-05-20,11,Internal detection,986,date_of_birth|name|passport|phone|postal_address|safeguarding_notes,,not_applicable,1,217879,yes,medium,True,synthetic (Faker),
SYN-00059,Ransomware at Horton-Cross,Horton-Cross,vendor,Cloud/SaaS,US,Ransomware,Phishing,NineSpindle,Ransomware crew,True,134,2022-05-04,2022-05-16,2022-05-26,12,Public leak / dark web,297598,bank_details|credentials|email|employment|internal_email|name|phone,3384142,no,3,22691593,yes,high,True,synthetic (Faker),
SYN-00477,Ransomware at Estes and Sons,Estes and Sons,private,Retail,GB,Ransomware,Exposed RDP/VPN,IronMagpie,Ransomware crew,False,,2022-05-12,2022-05-19,2022-06-22,7,Third-party notification,704666,bank_details|phone|postal_address,10402566,no,21,31817756,yes,high,True,synthetic (Faker),
SYN-00035,Unauthorised access at Knowles PLC,Knowles PLC,private,Retail,US,Unauthorised access,Help-desk social engineering,Unattributed,Financially motivated,False,,2022-05-20,2022-05-23,2022-05-24,3,Third-party notification,22156,credit_card|email|name|phone|safeguarding_notes,,not_applicable,0,3216695,yes,medium,True,synthetic (Faker),
SYN-00226,Ransomware at Harvest Society,Harvest Society,nonprofit,Charity/Nonprofit,DE,Ransomware,Unpatched vulnerability,SlateWarden,Ransomware crew,False,,2022-05-28,2022-05-29,2022-05-30,1,Routine audit,58500,bank_details|date_of_birth|donation_history|email|name|passport|phone,12213230,yes,44,,yes,high,True,synthetic (Faker),
SYN-00093,Supply chain compromise at Kindling Support,Kindling Support,nonprofit,Charity/Nonprofit,GB,Supply chain compromise,Trojanised software update,ObsidianKoi,Ransomware crew,True,26,2022-05-09,2022-06-02,2022-06-06,24,Routine audit,65530,bank_details|donation_history|email|name|phone,27721,no,0,,yes,high,True,synthetic (Faker),
SYN-00740,Unauthorised access at Mobility Society,Mobility Society,nonprofit,Charity/Nonprofit,US,Unauthorised access,MFA fatigue,Unattributed,Financially motivated,False,,2022-04-27,2022-06-02,2022-06-04,36,Third-party notification,66222,bank_details|donation_history|email|name|passport|postal_address|safeguarding_notes,,not_applicable,0,,yes,medium,True,synthetic (Faker),
>>>>>>> 8a74902011229c25354fcb7e063b9152ef665657
SYN-00126,Business email compromise at Refuge Support,Refuge Support,nonprofit,Charity/Nonprofit,GB,Business email compromise,Phishing,Unattributed,Hacktivist,False,,2022-06-02,2022-06-05,2022-06-14,3,Security vendor / MDR,603,donation_history|email|employment,,not_applicable,3,158846,yes,low,True,synthetic (Faker),
SYN-00938,Supply chain compromise at Robinson-Turner,Robinson-Turner,private,Financial services,GB,Supply chain compromise,Malicious dependency,NineSpindle,Ransomware crew,True,198,2022-02-14,2022-06-05,2022-06-07,111,Security vendor / MDR,150064,bank_details|date_of_birth|name,,not_applicable,1,19834370,yes,high,True,synthetic (Faker),
SYN-00022,Data breach at Baker and Sons,Baker and Sons,vendor,Cloud/SaaS,US,Data breach,Compromised credentials,Unattributed,Financially motivated,True,856,2022-05-29,2022-06-07,2022-06-14,9,Internal detection,19158649,credentials|date_of_birth|email|passport|phone|postal_address,,not_applicable,1,,yes,high,True,synthetic (Faker),
SYN-00787,Destructive malware at Shaw Inc,Shaw Inc,vendor,Software,GB,Destructive malware,Phishing,PaleHydra,Nation state,False,,2022-06-05,2022-06-07,2022-06-10,2,Security vendor / MDR,,not_applicable,10148569,no,25,1689727,no,medium,True,synthetic (Faker),
SYN-00731,"Data breach at Lane, Knight and Washington","Lane, Knight and Washington",private,Manufacturing,US,Data breach,Phishing,Unattributed,Unknown,False,,2022-05-08,2022-06-10,2022-07-05,33,Third-party notification,13602,credentials|credit_card|employment|phone,,not_applicable,0,1253140,yes,medium,True,synthetic (Faker),
<<<<<<< HEAD
SYN-01260,DDoS at Barron-Norman,Barron-Norman,vendor,Software,GB,DDoS,Volumetric flood,Unattributed,Nation state,True,7,2022-06-06,2022-06-10,2022-06-13,4,Internal detection,1374,email|employment|health|phone|postal_address|ssn_or_ni_number,,not_applicable,3,436648,yes,medium,True,synthetic (Faker),
SYN-00510,"Ransomware at Clark, Bush and Stewart","Clark, Bush and Stewart",private,Legal/Professional,GB,Ransomware,Help-desk social engineering,GlassMantis,Ransomware crew,False,,2022-06-10,2022-06-12,2022-06-20,2,Internal detection,27252,donation_history|passport,113822,no,9,,yes,medium,True,synthetic (Faker),
SYN-01863,"Data breach at Holt, Rice and Roberts","Holt, Rice and Roberts",private,Hospitality,GB,Data breach,Insecure API endpoint,Unattributed,Unknown,False,,2022-06-08,2022-06-13,2022-06-16,5,Internal detection,58882,email|phone|postal_address,,not_applicable,4,3302751,unknown,medium,True,synthetic (Faker),
SYN-00425,Business email compromise at Acosta Inc,Acosta Inc,private,Healthcare,CA,Business email compromise,Phishing,GlassMantis,Nation state,False,,2022-01-22,2022-06-15,2022-06-15,144,Routine audit,,not_applicable,,not_applicable,1,272974,no,medium,True,synthetic (Faker),
SYN-00939,"Data breach at Garcia, Hunt and Bates","Garcia, Hunt and Bates",private,Healthcare,US,Data breach,Phishing,Unattributed,Unknown,False,,2022-02-16,2022-06-17,2022-06-18,121,Routine audit,100478,credit_card|email|health|internal_email|name|phone|postal_address,,not_applicable,0,7775437,yes,medium,True,synthetic (Faker),
SYN-01252,"Unauthorised access at Grant, Patrick and Cooper","Grant, Patrick and Cooper",private,Financial services,GB,Unauthorised access,Compromised credentials,IronMagpie,Ransomware crew,False,,2022-04-22,2022-06-18,2022-06-29,57,Routine audit,14933,phone|safeguarding_notes,992602,no,1,,yes,medium,True,synthetic (Faker),
SYN-00792,"Ransomware at Dean, Marshall and Vargas","Dean, Marshall and Vargas",private,Healthcare,US,Ransomware,Exposed RDP/VPN,PaleHydra,Ransomware crew,False,,2022-06-17,2022-06-20,2022-06-22,3,Third-party notification,24984,employment|health|name|phone,115056,no,1,1155401,yes,medium,True,synthetic (Faker),
SYN-00002,Data breach at Newman Ltd,Newman Ltd,private,Logistics,GB,Data breach,Compromised credentials,IronMagpie,Ransomware crew,False,,2022-03-31,2022-06-21,2022-06-24,82,Internal detection,20675,credentials|credit_card|date_of_birth|email|internal_email|phone|ssn_or_ni_number,,not_applicable,0,2994203,yes,medium,True,synthetic (Faker),
SYN-01575,Phishing campaign at West Kimberly District Board,West Kimberly District Board,public,Local government,US,Phishing campaign,Phishing,Unattributed,Unknown,False,,2022-06-07,2022-06-22,2022-06-23,15,Law enforcement notification,287223,donation_history|email|health|phone|postal_address,,not_applicable,0,31722946,yes,medium,True,synthetic (Faker),
SYN-00926,Business email compromise at West Micheal Authority,West Micheal Authority,public,Local government,US,Business email compromise,Compromised credentials,Unattributed,Financially motivated,False,,2022-06-20,2022-06-23,2022-06-27,3,Customer report,,not_applicable,,not_applicable,0,162395,unknown,medium,True,synthetic (Faker),
SYN-01061,Business email compromise at Banks-Walsh,Banks-Walsh,private,Legal/Professional,AU,Business email compromise,Phishing,ObsidianKoi,Ransomware crew,False,,2022-02-16,2022-06-23,2022-07-09,127,Law enforcement notification,,not_applicable,,not_applicable,0,360747,unknown,medium,True,synthetic (Faker),
SYN-00815,Insider incident at Hall and Sons,Hall and Sons,private,Retail,IN,Insider incident,Malicious insider,Unattributed,Insider,False,,2022-03-12,2022-06-25,2022-06-29,105,Law enforcement notification,1889867,bank_details|email|name|passport|phone|postal_address,,not_applicable,0,46079410,yes,high,True,synthetic (Faker),
SYN-01590,Data breach at Youth Society,Youth Society,nonprofit,Charity/Nonprofit,FR,Data breach,Third-party supplier access,Unattributed,Financially motivated,True,27,2022-06-18,2022-07-01,2022-07-02,13,Internal detection,27017,donation_history|employment|name|phone|postal_address,,not_applicable,0,523839,yes,medium,True,synthetic (Faker),
SYN-00855,Supply chain compromise at Wade and Sons,Wade and Sons,vendor,Nonprofit technology,US,Supply chain compromise,Third-party supplier access,Unattributed,Ransomware crew,True,18,2022-05-05,2022-07-05,2022-07-10,61,Third-party notification,360109,bank_details|donation_history|email|name|phone|safeguarding_notes,128698,undisclosed,0,8217821,yes,high,True,synthetic (Faker),
SYN-00848,Phishing campaign at Cook and Sons,Cook and Sons,private,Retail,GB,Phishing campaign,Phishing,Unattributed,Financially motivated,False,,2022-06-22,2022-07-07,2022-07-09,15,Customer report,355592,credentials|email|health|internal_email|passport,,not_applicable,3,28348756,yes,medium,True,synthetic (Faker),
SYN-01158,"Data breach at Smith, Macias and Gonzales","Smith, Macias and Gonzales",private,Financial services,US,Data breach,Credential stuffing,Unattributed,Financially motivated,False,,2022-06-17,2022-07-07,2022-07-23,20,Routine audit,83290,donation_history|email,,not_applicable,0,7411838,yes,medium,True,synthetic (Faker),
SYN-00220,"Ransomware at Taylor, Hall and Holloway","Taylor, Hall and Holloway",private,Hospitality,US,Ransomware,Compromised credentials,NorthQuarry,Ransomware crew,False,,2022-06-24,2022-07-08,2022-07-12,14,Security vendor / MDR,26187,donation_history|health|passport|phone|postal_address,2248993,no,10,2503341,yes,high,True,synthetic (Faker),
SYN-00690,Business email compromise at Wright-McCarthy,Wright-McCarthy,vendor,Software,GB,Business email compromise,Compromised credentials,Unattributed,Insider,True,554,2022-06-12,2022-07-08,2022-07-11,26,Internal detection,,not_applicable,111301,no,0,52477,no,medium,True,synthetic (Faker),
SYN-01661,Ransomware at Berry LLC,Berry LLC,private,Healthcare,US,Ransomware,Third-party supplier access,Unattributed,Ransomware crew,True,59,2022-07-09,2022-07-11,2022-07-17,2,Internal detection,38566,credit_card|date_of_birth|email|employment|health|internal_email|name|phone,14394363,undisclosed,5,2810985,yes,high,True,synthetic (Faker),
SYN-01966,Data breach at Fuller-Adams,Fuller-Adams,private,Retail,SG,Data breach,Unpatched vulnerability,Unattributed,Nation state,False,,2022-04-27,2022-07-12,2022-07-19,76,Routine audit,194341,bank_details|credentials|credit_card|postal_address,205882,undisclosed,0,,yes,medium,True,synthetic (Faker),
=======
SYN-00510,"Ransomware at Clark, Bush and Stewart","Clark, Bush and Stewart",private,Legal/Professional,GB,Ransomware,Help-desk social engineering,GlassMantis,Ransomware crew,False,,2022-06-10,2022-06-12,2022-06-20,2,Internal detection,27252,donation_history|passport,113822,no,9,,yes,medium,True,synthetic (Faker),
SYN-00425,Business email compromise at Acosta Inc,Acosta Inc,private,Healthcare,CA,Business email compromise,Phishing,GlassMantis,Nation state,False,,2022-01-22,2022-06-15,2022-06-15,144,Routine audit,,not_applicable,,not_applicable,1,272974,no,medium,True,synthetic (Faker),
SYN-00939,"Data breach at Garcia, Hunt and Bates","Garcia, Hunt and Bates",private,Healthcare,US,Data breach,Phishing,Unattributed,Unknown,False,,2022-02-16,2022-06-17,2022-06-18,121,Routine audit,100478,credit_card|email|health|internal_email|name|phone|postal_address,,not_applicable,0,7775437,yes,medium,True,synthetic (Faker),
SYN-00792,"Ransomware at Dean, Marshall and Vargas","Dean, Marshall and Vargas",private,Healthcare,US,Ransomware,Exposed RDP/VPN,PaleHydra,Ransomware crew,False,,2022-06-17,2022-06-20,2022-06-22,3,Third-party notification,24984,employment|health|name|phone,115056,no,1,1155401,yes,medium,True,synthetic (Faker),
SYN-00002,Data breach at Newman Ltd,Newman Ltd,private,Logistics,GB,Data breach,Compromised credentials,IronMagpie,Ransomware crew,False,,2022-03-31,2022-06-21,2022-06-24,82,Internal detection,20675,credentials|credit_card|date_of_birth|email|internal_email|phone|ssn_or_ni_number,,not_applicable,0,2994203,yes,medium,True,synthetic (Faker),
SYN-00926,Business email compromise at West Micheal Authority,West Micheal Authority,public,Local government,US,Business email compromise,Compromised credentials,Unattributed,Financially motivated,False,,2022-06-20,2022-06-23,2022-06-27,3,Customer report,,not_applicable,,not_applicable,0,162395,unknown,medium,True,synthetic (Faker),
SYN-00815,Insider incident at Hall and Sons,Hall and Sons,private,Retail,IN,Insider incident,Malicious insider,Unattributed,Insider,False,,2022-03-12,2022-06-25,2022-06-29,105,Law enforcement notification,1889867,bank_details|email|name|passport|phone|postal_address,,not_applicable,0,46079410,yes,high,True,synthetic (Faker),
SYN-00855,Supply chain compromise at Wade and Sons,Wade and Sons,vendor,Nonprofit technology,US,Supply chain compromise,Third-party supplier access,Unattributed,Ransomware crew,True,18,2022-05-05,2022-07-05,2022-07-10,61,Third-party notification,360109,bank_details|donation_history|email|name|phone|safeguarding_notes,128698,undisclosed,0,8217821,yes,high,True,synthetic (Faker),
SYN-00848,Phishing campaign at Cook and Sons,Cook and Sons,private,Retail,GB,Phishing campaign,Phishing,Unattributed,Financially motivated,False,,2022-06-22,2022-07-07,2022-07-09,15,Customer report,355592,credentials|email|health|internal_email|passport,,not_applicable,3,28348756,yes,medium,True,synthetic (Faker),
SYN-00220,"Ransomware at Taylor, Hall and Holloway","Taylor, Hall and Holloway",private,Hospitality,US,Ransomware,Compromised credentials,NorthQuarry,Ransomware crew,False,,2022-06-24,2022-07-08,2022-07-12,14,Security vendor / MDR,26187,donation_history|health|passport|phone|postal_address,2248993,no,10,2503341,yes,high,True,synthetic (Faker),
SYN-00690,Business email compromise at Wright-McCarthy,Wright-McCarthy,vendor,Software,GB,Business email compromise,Compromised credentials,Unattributed,Insider,True,554,2022-06-12,2022-07-08,2022-07-11,26,Internal detection,,not_applicable,111301,no,0,52477,no,medium,True,synthetic (Faker),
>>>>>>> 8a74902011229c25354fcb7e063b9152ef665657
SYN-00147,Ransomware at Conley-Ruiz,Conley-Ruiz,vendor,Software,US,Ransomware,Phishing,RustVulture,Ransomware crew,False,,2022-07-02,2022-07-13,2022-07-19,11,Public leak / dark web,321225,email|name|passport|phone|ssn_or_ni_number,181986,yes,30,,yes,high,True,synthetic (Faker),
SYN-00537,Data breach at Cooper-Williams,Cooper-Williams,private,Retail,DE,Data breach,Compromised credentials,DimStag,Ransomware crew,False,,2022-05-18,2022-07-18,2022-08-12,61,Internal detection,40387,donation_history|email|name|phone,,not_applicable,0,6054346,yes,medium,True,synthetic (Faker),
SYN-00134,"Ransomware at Hernandez, Lewis and Perry","Hernandez, Lewis and Perry",vendor,Software,US,Ransomware,Unpatched vulnerability,RustVulture,Ransomware crew,False,,2022-07-17,2022-07-19,2022-07-23,2,Law enforcement notification,84186,bank_details|donation_history|email|health|phone|postal_address,1925473,no,6,7011070,unknown,high,True,synthetic (Faker),
SYN-00297,"Data breach at Smith, Coleman and Benson","Smith, Coleman and Benson",private,Logistics,US,Data breach,Third-party supplier access,Unattributed,Unknown,True,73,2022-07-08,2022-07-19,2022-07-20,11,Internal detection,69148,email|health,,not_applicable,0,,yes,high,True,synthetic (Faker),
SYN-00426,"Data breach at Carney, White and Carter","Carney, White and Carter",private,Financial services,CA,Data breach,Compromised credentials,Unattributed,Financially motivated,False,,2022-07-10,2022-07-19,2022-07-20,9,Security vendor / MDR,40443,email|employment|name|phone|postal_address,,not_applicable,0,3710651,yes,medium,True,synthetic (Faker),
SYN-00322,"Data breach at Williams, Roberts and Edwards","Williams, Roberts and Edwards",vendor,Software,DE,Data breach,Compromised credentials,Unattributed,Unknown,False,,2022-05-17,2022-07-20,2022-07-27,64,Law enforcement notification,279855,email|postal_address,329605,no,2,11522520,no,medium,True,synthetic (Faker),
<<<<<<< HEAD
SYN-01486,"Unauthorised access at Burns, Wood and Saunders","Burns, Wood and Saunders",private,Manufacturing,GB,Unauthorised access,MFA fatigue,IronMagpie,Ransomware crew,False,,2022-07-15,2022-07-20,2022-07-21,5,Third-party notification,3508,email|health|internal_email,,not_applicable,0,269906,no,medium,True,synthetic (Faker),
SYN-01991,Data breach at Hawkins-Jordan,Hawkins-Jordan,private,Financial services,GB,Data breach,Misconfigured cloud storage,AmberBastion,Ransomware crew,False,,2021-05-20,2022-07-22,2022-08-16,428,Routine audit,36757,donation_history|email|health,,not_applicable,8,4638294,yes,high,True,synthetic (Faker),
SYN-01145,Supply chain compromise at Sullivan PLC,Sullivan PLC,private,Healthcare,CA,Supply chain compromise,Third-party supplier access,Unattributed,Nation state,True,60,2021-08-31,2022-07-24,2022-07-28,327,Law enforcement notification,119741,credit_card|email|health|internal_email|name|phone|postal_address|safeguarding_notes,,not_applicable,0,15181854,yes,high,True,synthetic (Faker),
SYN-01254,Supply chain compromise at Owenmouth District Board,Owenmouth District Board,public,Local government,SG,Supply chain compromise,Third-party supplier access,Unattributed,Unknown,True,131,2022-01-10,2022-07-25,2022-07-27,196,Public leak / dark web,461134,date_of_birth|employment|internal_email|phone|postal_address,,not_applicable,0,,yes,medium,True,synthetic (Faker),
SYN-01268,"Data breach at Begum, Black and Wilson","Begum, Black and Wilson",private,Healthcare,DE,Data breach,Phishing,Unattributed,Unknown,False,,2022-03-21,2022-07-26,2022-07-30,127,Third-party notification,51988,credit_card|donation_history|email|employment|health|name|phone|postal_address,,not_applicable,0,2574648,yes,medium,True,synthetic (Faker),
SYN-01160,Business email compromise at Birch LLC,Birch LLC,vendor,Cloud/SaaS,GB,Business email compromise,Phishing,IronMagpie,Ransomware crew,False,,2021-11-06,2022-07-28,2022-08-31,264,Internal detection,,not_applicable,46975,undisclosed,0,127795,no,low,True,synthetic (Faker),
SYN-01052,Business email compromise at Ballard-Taylor,Ballard-Taylor,private,Manufacturing,IN,Business email compromise,Compromised credentials,Unattributed,Financially motivated,False,,2022-07-29,2022-08-03,2022-08-13,5,Customer report,4739,date_of_birth|donation_history|name|phone|postal_address|safeguarding_notes|ssn_or_ni_number,,not_applicable,0,657840,yes,medium,True,synthetic (Faker),
REAL-0009,Advanced NHS 111 outage,Advanced (Adastra),vendor,Healthcare,GB,Ransomware,Compromised credentials (no MFA),LockBit,Ransomware crew,True,80,2022-08-04,2022-08-04,2022-08-05,0,Internal detection,82946,name|health|care_plans,,no,84,,yes,high,False,"ICO fine notice (Mar 2025), £3.07M",ICO cited absent MFA on a customer-facing remote access portal.
SYN-01128,Ransomware at Beacon Hill Alliance,Beacon Hill Alliance,nonprofit,Charity/Nonprofit,GB,Ransomware,Compromised credentials,NorthQuarry,Ransomware crew,False,,2022-08-04,2022-08-04,2022-08-06,0,Public leak / dark web,7778,bank_details|date_of_birth|postal_address,162547,no,55,,yes,high,True,synthetic (Faker),
SYN-01255,"Ransomware at Griffin, Miller and Austin","Griffin, Miller and Austin",vendor,Software,DE,Ransomware,Phishing,DimStag,Ransomware crew,True,321,2022-08-07,2022-08-07,2022-08-09,0,Internal detection,22906987,credentials|credit_card|donation_history|email|employment|health|phone,521002,undisclosed,138,4038885977,yes,critical,True,synthetic (Faker),
SYN-01586,Data breach at Richardson-Black,Richardson-Black,private,Healthcare,IN,Data breach,Misconfigured cloud storage,CobaltFinch,Ransomware crew,False,,2022-05-28,2022-08-08,2022-08-15,72,Internal detection,86434,donation_history|email|health,,not_applicable,0,,yes,medium,True,synthetic (Faker),
SYN-01547,"Unauthorised access at Flores, Reyes and James","Flores, Reyes and James",vendor,Nonprofit technology,US,Unauthorised access,Compromised credentials,Unattributed,Financially motivated,True,805,2022-08-05,2022-08-09,2022-08-16,4,Law enforcement notification,16692500,bank_details|credentials|donation_history|email|phone,,not_applicable,0,408746551,yes,high,True,synthetic (Faker),
SYN-01227,Ransomware at Refuge Network,Refuge Network,nonprofit,Charity/Nonprofit,GB,Ransomware,Unpatched vulnerability,AmberBastion,Ransomware crew,False,,2022-07-30,2022-08-10,2022-08-11,11,Customer report,33781,date_of_birth|donation_history|email|name|postal_address,2831789,undisclosed,3,2055431,yes,medium,True,synthetic (Faker),
SYN-00433,Ransomware at Davies Group,Davies Group,private,Financial services,AU,Ransomware,Unpatched vulnerability,GlassMantis,Ransomware crew,False,,2022-08-06,2022-08-11,2022-08-13,5,Public leak / dark web,26975,bank_details|name|phone|safeguarding_notes,6671505,no,7,5141195,yes,high,True,synthetic (Faker),
SYN-01768,Supply chain compromise at Shelter Society,Shelter Society,nonprofit,Charity/Nonprofit,FR,Supply chain compromise,Trojanised software update,Unattributed,Financially motivated,True,1,2022-05-02,2022-08-12,2022-08-15,102,Internal detection,24355,bank_details|donation_history|postal_address,,not_applicable,1,,yes,high,True,synthetic (Faker),
SYN-00351,Data breach at Lantern Alliance,Lantern Alliance,nonprofit,Charity/Nonprofit,GB,Data breach,Compromised credentials,Unattributed,Ransomware crew,False,,2022-07-01,2022-08-13,2022-08-14,43,Internal detection,96784,date_of_birth|email|employment|internal_email|phone|postal_address,,not_applicable,0,5277097,yes,medium,True,synthetic (Faker),
SYN-01489,Business email compromise at Sims-Kirby,Sims-Kirby,private,Healthcare,CA,Business email compromise,Compromised credentials,GlassMantis,Ransomware crew,False,,2022-04-30,2022-08-13,2022-08-16,105,Customer report,,not_applicable,,not_applicable,0,204840,no,medium,True,synthetic (Faker),
SYN-01154,Ransomware at Lambert-Owen,Lambert-Owen,private,Legal/Professional,CA,Ransomware,Exposed RDP/VPN,VelvetSiphon,Ransomware crew,False,,2022-08-16,2022-08-17,2022-09-09,1,Customer report,201341,donation_history|employment|name|phone|postal_address|safeguarding_notes,287824,no,7,20168583,yes,high,True,synthetic (Faker),
SYN-00121,Data breach at Mobility Aid,Mobility Aid,nonprofit,Charity/Nonprofit,GB,Data breach,Misconfigured cloud storage,Unattributed,Unknown,False,,2022-07-04,2022-08-21,2022-08-26,48,Security vendor / MDR,20620,credentials|credit_card|date_of_birth|donation_history|email|health|postal_address|ssn_or_ni_number,,not_applicable,0,518505,yes,medium,True,synthetic (Faker),
SYN-01077,DDoS at Martin LLC,Martin LLC,private,Logistics,GB,DDoS,Volumetric flood,Unattributed,Ransomware crew,False,,2022-08-17,2022-08-21,2022-08-23,4,Third-party notification,1228,date_of_birth|donation_history|email|employment|phone|postal_address,,not_applicable,1,432416,unknown,low,True,synthetic (Faker),
SYN-01382,Insider incident at Cooper Inc,Cooper Inc,vendor,Software,AU,Insider incident,Malicious insider,Unattributed,Insider,False,,2022-07-12,2022-08-21,2022-09-01,40,Security vendor / MDR,18703,date_of_birth|name|postal_address,188522,no,0,3377358,yes,medium,True,synthetic (Faker),
SYN-00097,Ransomware at Wilson LLC,Wilson LLC,private,Healthcare,GB,Ransomware,Unpatched vulnerability,Unattributed,Ransomware crew,False,,2022-08-18,2022-08-22,2022-08-23,4,Law enforcement notification,4090609,email|health|internal_email|name|phone,10919508,yes,22,467838373,yes,high,True,synthetic (Faker),
SYN-01701,Ransomware at Wong Ltd,Wong Ltd,vendor,Cloud/SaaS,DE,Ransomware,Compromised credentials,QuietFathom,Ransomware crew,False,,2022-08-19,2022-08-24,2022-10-08,5,Internal detection,1175615,bank_details|email|health|internal_email|name|phone|postal_address,235944,no,24,62971854,yes,high,True,synthetic (Faker),
SYN-01464,Supply chain compromise at Beacon Hill Trust,Beacon Hill Trust,nonprofit,Charity/Nonprofit,US,Supply chain compromise,Third-party supplier access,Unattributed,Unknown,True,237,2022-05-07,2022-08-25,2022-08-26,110,Security vendor / MDR,21944,credentials|donation_history|email|health|name|postal_address|safeguarding_notes|ssn_or_ni_number,,not_applicable,0,1927373,yes,high,True,synthetic (Faker),
SYN-01858,Ransomware at Heritage Fund,Heritage Fund,nonprofit,Charity/Nonprofit,GB,Ransomware,Compromised credentials,HollowLantern,Ransomware crew,False,,2022-08-24,2022-08-25,2022-09-18,1,Internal detection,1424,bank_details|health|name|phone,1488553,no,12,576706,yes,medium,True,synthetic (Faker),
SYN-01022,Data breach at Booth-Jones,Booth-Jones,private,Retail,FR,Data breach,Misconfigured cloud storage,Unattributed,Unknown,False,,2022-06-07,2022-08-27,2022-09-07,81,Public leak / dark web,519217,donation_history|email|name|phone,,not_applicable,0,23383958,yes,medium,True,synthetic (Faker),
SYN-01043,Data breach at Murphy-Wright,Murphy-Wright,private,Manufacturing,NL,Data breach,Credential stuffing,Unattributed,Hacktivist,False,,2022-08-17,2022-08-27,2022-09-24,10,Third-party notification,20759,credit_card|email|employment|name|postal_address|ssn_or_ni_number,50488,no,0,2069254,yes,medium,True,synthetic (Faker),
SYN-01747,Data breach at Watsonport District Board,Watsonport District Board,public,Education,US,Data breach,Insecure API endpoint,HollowLantern,Ransomware crew,False,,2022-08-15,2022-08-28,2022-09-02,13,Third-party notification,1581,credit_card|email|phone|postal_address,,not_applicable,17,1653329,yes,medium,True,synthetic (Faker),
SYN-01790,Unauthorised access at Marshallville Council,Marshallville Council,public,Education,SG,Unauthorised access,Exposed RDP/VPN,NorthQuarry,Ransomware crew,False,,2022-06-18,2022-08-29,2022-09-01,72,Internal detection,12057,email|name|phone,,not_applicable,0,1940759,yes,medium,True,synthetic (Faker),
SYN-00816,Ransomware at Long and Sons,Long and Sons,private,Hospitality,GB,Ransomware,Phishing,QuietFathom,Ransomware crew,False,,2022-08-27,2022-08-30,2022-09-02,3,Third-party notification,39061,credentials|credit_card|email|postal_address,572588,no,35,8865994,unknown,high,True,synthetic (Faker),
SYN-01664,Business email compromise at Heritage Trust,Heritage Trust,nonprofit,Charity/Nonprofit,US,Business email compromise,Compromised credentials,QuietFathom,Ransomware crew,False,,2022-05-06,2022-09-01,2022-09-03,118,Customer report,,not_applicable,,not_applicable,0,,no,low,True,synthetic (Faker),
SYN-01956,Ransomware at Alexander Ltd,Alexander Ltd,private,Legal/Professional,FR,Ransomware,Exposed RDP/VPN,Unattributed,Ransomware crew,False,,2022-08-30,2022-09-01,2022-09-08,2,Internal detection,273294,bank_details|credit_card,170725,no,29,41550348,yes,high,True,synthetic (Faker),
SYN-00605,Ransomware at Lake Janice Council,Lake Janice Council,public,Education,US,Ransomware,Exposed RDP/VPN,SlateWarden,Ransomware crew,False,,2022-08-25,2022-09-05,2022-09-28,11,Security vendor / MDR,2964,credit_card|email|employment|health|ssn_or_ni_number,14425877,no,7,,yes,medium,True,synthetic (Faker),
SYN-00614,Ransomware at Shaw Ltd,Shaw Ltd,private,Logistics,FR,Ransomware,Exposed RDP/VPN,HollowLantern,Ransomware crew,False,,2022-09-04,2022-09-06,2022-09-11,2,Internal detection,937,postal_address|ssn_or_ni_number,218850,no,7,545594,unknown,medium,True,synthetic (Faker),
SYN-00353,Data breach at Webster-Wolf,Webster-Wolf,private,Retail,US,Data breach,Credential stuffing,Unattributed,Financially motivated,False,,2022-06-30,2022-09-07,2022-09-08,69,Third-party notification,639750,credit_card|employment|internal_email,,not_applicable,0,63242983,yes,medium,True,synthetic (Faker),
SYN-01231,Ransomware at Rivers Aid,Rivers Aid,nonprofit,Charity/Nonprofit,US,Ransomware,Unpatched vulnerability,VelvetSiphon,Ransomware crew,False,,2022-08-29,2022-09-07,2022-09-13,9,Customer report,3070,donation_history|email|name|phone,1037617,undisclosed,3,342873,yes,low,True,synthetic (Faker),
SYN-01914,Data breach at Nealton NHS Trust,Nealton NHS Trust,public,Education,NL,Data breach,Compromised credentials,NineSpindle,Ransomware crew,False,,2022-06-25,2022-09-07,2022-09-19,74,Internal detection,224415,name|phone|postal_address,,not_applicable,0,23153476,yes,medium,True,synthetic (Faker),
SYN-00063,"Business email compromise at Francis, Skinner and Wright","Francis, Skinner and Wright",private,Healthcare,US,Business email compromise,Phishing,NorthQuarry,Ransomware crew,False,,2022-06-27,2022-09-08,2022-09-25,73,Third-party notification,,not_applicable,,not_applicable,20,1670526,unknown,medium,True,synthetic (Faker),
SYN-01446,DDoS at Armstrong-Knowles,Armstrong-Knowles,vendor,Software,FR,DDoS,Volumetric flood,Unattributed,Financially motivated,False,,2022-09-10,2022-09-10,2022-09-17,0,Third-party notification,,not_applicable,,not_applicable,1,315951,no,medium,True,synthetic (Faker),
SYN-01125,Business email compromise at Catherinemouth NHS Trust,Catherinemouth NHS Trust,public,Education,US,Business email compromise,MFA fatigue,Unattributed,Ransomware crew,False,,2022-08-30,2022-09-13,2022-09-22,14,Internal detection,647,name|passport,,not_applicable,0,339059,yes,low,True,synthetic (Faker),
SYN-00774,Data breach at Watson Ltd,Watson Ltd,vendor,Software,AU,Data breach,Insecure API endpoint,Unattributed,Financially motivated,True,156,2022-09-08,2022-09-14,2022-09-25,6,Third-party notification,3383350,bank_details|credit_card|employment|postal_address,,not_applicable,0,535221102,yes,high,True,synthetic (Faker),
REAL-0021,Uber MFA-fatigue intrusion,Uber,private,Technology,US,Unauthorised access,MFA fatigue / social engineering,Lapsus$-linked actor,Financially motivated,False,,2022-09-15,2022-09-15,2022-09-16,0,Internal detection,,internal_systems|source_code,,not_applicable,1,,yes,medium,False,"Uber security update, Sep 2022",Hardcoded admin credentials in a PowerShell script enabled privilege escalation.
SYN-01126,Ransomware at Hampton-Tucker,Hampton-Tucker,vendor,Nonprofit technology,US,Ransomware,Compromised credentials,Unattributed,Ransomware crew,False,,2022-09-17,2022-09-17,2022-09-17,0,Internal detection,487455,donation_history|email|passport|phone|safeguarding_notes,224663,yes,13,,yes,high,True,synthetic (Faker),
=======
REAL-0009,Advanced NHS 111 outage,Advanced (Adastra),vendor,Healthcare,GB,Ransomware,Compromised credentials (no MFA),LockBit,Ransomware crew,True,80,2022-08-04,2022-08-04,2022-08-05,0,Internal detection,82946,name|health|care_plans,,no,84,,yes,high,False,"ICO fine notice (Mar 2025), £3.07M",ICO cited absent MFA on a customer-facing remote access portal.
SYN-00433,Ransomware at Davies Group,Davies Group,private,Financial services,AU,Ransomware,Unpatched vulnerability,GlassMantis,Ransomware crew,False,,2022-08-06,2022-08-11,2022-08-13,5,Public leak / dark web,26975,bank_details|name|phone|safeguarding_notes,6671505,no,7,5141195,yes,high,True,synthetic (Faker),
SYN-00351,Data breach at Lantern Alliance,Lantern Alliance,nonprofit,Charity/Nonprofit,GB,Data breach,Compromised credentials,Unattributed,Ransomware crew,False,,2022-07-01,2022-08-13,2022-08-14,43,Internal detection,96784,date_of_birth|email|employment|internal_email|phone|postal_address,,not_applicable,0,5277097,yes,medium,True,synthetic (Faker),
SYN-00121,Data breach at Mobility Aid,Mobility Aid,nonprofit,Charity/Nonprofit,GB,Data breach,Misconfigured cloud storage,Unattributed,Unknown,False,,2022-07-04,2022-08-21,2022-08-26,48,Security vendor / MDR,20620,credentials|credit_card|date_of_birth|donation_history|email|health|postal_address|ssn_or_ni_number,,not_applicable,0,518505,yes,medium,True,synthetic (Faker),
SYN-00097,Ransomware at Wilson LLC,Wilson LLC,private,Healthcare,GB,Ransomware,Unpatched vulnerability,Unattributed,Ransomware crew,False,,2022-08-18,2022-08-22,2022-08-23,4,Law enforcement notification,4090609,email|health|internal_email|name|phone,10919508,yes,22,467838373,yes,high,True,synthetic (Faker),
SYN-00816,Ransomware at Long and Sons,Long and Sons,private,Hospitality,GB,Ransomware,Phishing,QuietFathom,Ransomware crew,False,,2022-08-27,2022-08-30,2022-09-02,3,Third-party notification,39061,credentials|credit_card|email|postal_address,572588,no,35,8865994,unknown,high,True,synthetic (Faker),
SYN-00605,Ransomware at Lake Janice Council,Lake Janice Council,public,Education,US,Ransomware,Exposed RDP/VPN,SlateWarden,Ransomware crew,False,,2022-08-25,2022-09-05,2022-09-28,11,Security vendor / MDR,2964,credit_card|email|employment|health|ssn_or_ni_number,14425877,no,7,,yes,medium,True,synthetic (Faker),
SYN-00614,Ransomware at Shaw Ltd,Shaw Ltd,private,Logistics,FR,Ransomware,Exposed RDP/VPN,HollowLantern,Ransomware crew,False,,2022-09-04,2022-09-06,2022-09-11,2,Internal detection,937,postal_address|ssn_or_ni_number,218850,no,7,545594,unknown,medium,True,synthetic (Faker),
SYN-00353,Data breach at Webster-Wolf,Webster-Wolf,private,Retail,US,Data breach,Credential stuffing,Unattributed,Financially motivated,False,,2022-06-30,2022-09-07,2022-09-08,69,Third-party notification,639750,credit_card|employment|internal_email,,not_applicable,0,63242983,yes,medium,True,synthetic (Faker),
SYN-00063,"Business email compromise at Francis, Skinner and Wright","Francis, Skinner and Wright",private,Healthcare,US,Business email compromise,Phishing,NorthQuarry,Ransomware crew,False,,2022-06-27,2022-09-08,2022-09-25,73,Third-party notification,,not_applicable,,not_applicable,20,1670526,unknown,medium,True,synthetic (Faker),
SYN-00774,Data breach at Watson Ltd,Watson Ltd,vendor,Software,AU,Data breach,Insecure API endpoint,Unattributed,Financially motivated,True,156,2022-09-08,2022-09-14,2022-09-25,6,Third-party notification,3383350,bank_details|credit_card|employment|postal_address,,not_applicable,0,535221102,yes,high,True,synthetic (Faker),
REAL-0021,Uber MFA-fatigue intrusion,Uber,private,Technology,US,Unauthorised access,MFA fatigue / social engineering,Lapsus$-linked actor,Financially motivated,False,,2022-09-15,2022-09-15,2022-09-16,0,Internal detection,,internal_systems|source_code,,not_applicable,1,,yes,medium,False,"Uber security update, Sep 2022",Hardcoded admin credentials in a PowerShell script enabled privilege escalation.
>>>>>>> 8a74902011229c25354fcb7e063b9152ef665657
SYN-00371,Ransomware at Reeves-Adams,Reeves-Adams,private,Healthcare,CA,Ransomware,Phishing,Unattributed,Ransomware crew,False,,2022-09-18,2022-09-18,2022-09-27,0,Third-party notification,11201,credit_card|email|health|name|phone,1244344,no,2,1757973,yes,medium,True,synthetic (Faker),
SYN-00628,Data breach at East Sarahmouth Authority,East Sarahmouth Authority,public,Local government,GB,Data breach,Unpatched vulnerability,TinCathedral,Ransomware crew,False,,2022-01-14,2022-09-20,2022-09-22,249,Internal detection,16476,health|postal_address|safeguarding_notes,,not_applicable,0,1727912,yes,medium,True,synthetic (Faker),
REAL-0022,Optus customer data breach,Optus,private,Telecoms,AU,Data breach,Unauthenticated public API endpoint,Unattributed,Financially motivated,False,,2022-09-17,2022-09-21,2022-09-22,4,Internal detection,9800000,name|date_of_birth|email|phone|passport|drivers_licence,1000000,no,0,140000000,yes,critical,False,OAIC proceedings; Australian Senate inquiry,No authentication on an internet-facing API — the cheapest possible root cause.
SYN-00524,Ransomware at Mitchell-Brown,Mitchell-Brown,private,Healthcare,CA,Ransomware,Phishing,RustVulture,Ransomware crew,False,,2022-09-22,2022-09-29,2022-10-05,7,Security vendor / MDR,743614,email|health|name|passport|phone,302707,no,12,82442105,yes,high,True,synthetic (Faker),
<<<<<<< HEAD
SYN-01214,Ransomware at Scott Group,Scott Group,private,Financial services,US,Ransomware,Help-desk social engineering,Unattributed,Ransomware crew,False,,2022-09-28,2022-09-29,2022-11-18,1,Internal detection,73113,email|internal_email,796680,no,10,,yes,medium,True,synthetic (Faker),
SYN-01562,Ransomware at New Timothyland District Board,New Timothyland District Board,public,Education,DE,Ransomware,Phishing,Unattributed,Ransomware crew,False,,2022-09-29,2022-09-29,2022-10-01,0,Customer report,22305,health|name|passport|phone|postal_address,29552,undisclosed,13,2781848,yes,high,True,synthetic (Faker),
SYN-01944,"Supply chain compromise at Gardner, Thompson and Hughes","Gardner, Thompson and Hughes",vendor,Cloud/SaaS,US,Supply chain compromise,Third-party supplier access,NineSpindle,Ransomware crew,True,149,2022-08-21,2022-09-29,2022-10-07,39,Security vendor / MDR,525037,bank_details|credentials|name|passport|postal_address,,not_applicable,7,66421226,yes,high,True,synthetic (Faker),
SYN-00589,Ransomware at Phillips Ltd,Phillips Ltd,private,Logistics,US,Ransomware,Exposed RDP/VPN,Unattributed,Ransomware crew,False,,2022-09-27,2022-09-30,2022-10-01,3,Internal detection,591,phone|postal_address,578183,undisclosed,356,12634340,yes,medium,True,synthetic (Faker),
SYN-01695,Data breach at Wellbeing Fund,Wellbeing Fund,nonprofit,Charity/Nonprofit,GB,Data breach,Phishing,Unattributed,Financially motivated,False,,2022-09-22,2022-10-01,2022-10-07,9,Law enforcement notification,1040,date_of_birth|name,,not_applicable,3,,yes,low,True,synthetic (Faker),
SYN-00680,Business email compromise at Turner-Jones,Turner-Jones,private,Manufacturing,US,Business email compromise,MFA fatigue,Unattributed,Ransomware crew,False,,2022-08-31,2022-10-02,2022-10-03,32,Third-party notification,,not_applicable,,not_applicable,0,223938,no,low,True,synthetic (Faker),
SYN-01380,"Supply chain compromise at Holloway, Wells and Bennett","Holloway, Wells and Bennett",vendor,Nonprofit technology,GB,Supply chain compromise,Trojanised software update,GlassMantis,Ransomware crew,True,564,2021-10-29,2022-10-02,2022-10-06,338,Internal detection,611068,date_of_birth|donation_history|name|postal_address,473619,no,0,37748398,yes,medium,True,synthetic (Faker),
SYN-00108,Data breach at Refuge Care,Refuge Care,nonprofit,Charity/Nonprofit,SG,Data breach,Insecure API endpoint,Unattributed,Ransomware crew,False,,2022-09-19,2022-10-04,2022-10-09,15,Public leak / dark web,97820,passport|postal_address,712131,undisclosed,0,3826604,yes,medium,True,synthetic (Faker),
SYN-00607,"Data breach at Hancock, Baker and Harding","Hancock, Baker and Harding",private,Healthcare,US,Data breach,Unpatched vulnerability,Unattributed,Unknown,False,,2022-05-05,2022-10-05,2022-10-13,153,Customer report,328470,bank_details|credentials|date_of_birth|health|name|phone|postal_address,,not_applicable,0,,yes,medium,True,synthetic (Faker),
SYN-01385,"Data breach at Blair, Thomas and Hale","Blair, Thomas and Hale",private,Financial services,FR,Data breach,Misconfigured cloud storage,CobaltFinch,Ransomware crew,False,,2022-09-29,2022-10-07,2022-10-08,8,Third-party notification,200153,internal_email|postal_address,,not_applicable,0,17567398,yes,medium,True,synthetic (Faker),
SYN-00375,"Data breach at Davies, Buckley and Brown","Davies, Buckley and Brown",vendor,Cloud/SaaS,GB,Data breach,Compromised credentials,TinCathedral,Ransomware crew,False,,2022-09-11,2022-10-08,2022-10-14,27,Internal detection,594587,bank_details|credit_card|email|name|postal_address|ssn_or_ni_number,,not_applicable,0,,no,medium,True,synthetic (Faker),
SYN-01173,Ransomware at Howell PLC,Howell PLC,private,Manufacturing,DE,Ransomware,Unpatched vulnerability,Unattributed,Ransomware crew,False,,2022-10-03,2022-10-09,2022-10-17,6,Third-party notification,5808,email|health|name|phone|postal_address,1474087,no,129,4299164,yes,high,True,synthetic (Faker),
SYN-01411,"Unauthorised access at Henderson, Roberts and Taylor","Henderson, Roberts and Taylor",private,Manufacturing,GB,Unauthorised access,Insecure API endpoint,Unattributed,Insider,False,,2022-09-29,2022-10-11,2022-10-24,12,Third-party notification,3287,donation_history|internal_email|name|safeguarding_notes,,not_applicable,0,158083,unknown,medium,True,synthetic (Faker),
SYN-01567,Ransomware at Gomezport NHS Trust,Gomezport NHS Trust,public,Energy/Utilities,FR,Ransomware,Help-desk social engineering,RustVulture,Ransomware crew,False,,2022-10-05,2022-10-11,2022-10-16,6,Security vendor / MDR,45439,credit_card|email|employment|internal_email|name|phone|postal_address,158815,no,12,6340733,yes,medium,True,synthetic (Faker),
REAL-0023,Medibank data breach,Medibank,private,Insurance/Health,AU,Data breach,"Compromised credentials (contractor, no MFA)",REvil-linked actor,Ransomware crew,True,,2022-08-12,2022-10-12,2022-10-13,61,Internal detection,9700000,name|date_of_birth|health|claims|passport,10000000,no,0,80000000,yes,critical,False,OAIC civil proceedings (Jun 2023),Refused to pay; attackers published sensitive health records including terminations.
SYN-00554,Data breach at Youth Network,Youth Network,nonprofit,Charity/Nonprofit,GB,Data breach,Insecure API endpoint,Unattributed,Financially motivated,False,,2022-09-02,2022-10-16,2022-11-03,44,Internal detection,57,date_of_birth|email|name|passport|phone|postal_address,,not_applicable,0,148594,yes,low,True,synthetic (Faker),
SYN-01702,Data breach at Meadow Support,Meadow Support,nonprofit,Charity/Nonprofit,IE,Data breach,Phishing,NorthQuarry,Ransomware crew,False,,2022-10-01,2022-10-18,2022-11-13,17,Public leak / dark web,450832,bank_details|donation_history|internal_email|name|postal_address,,not_applicable,0,22886737,yes,medium,True,synthetic (Faker),
SYN-00283,"Data breach at Newton, Moore and Perry","Newton, Moore and Perry",private,Retail,AU,Data breach,Credential stuffing,Unattributed,Financially motivated,False,,2022-10-01,2022-10-19,2022-11-01,18,Public leak / dark web,226975,email|name|passport|phone|postal_address|ssn_or_ni_number,,not_applicable,0,,yes,medium,True,synthetic (Faker),
SYN-01617,"Supply chain compromise at Sheppard, Dickinson and Harper","Sheppard, Dickinson and Harper",private,Retail,US,Supply chain compromise,Trojanised software update,Unattributed,Ransomware crew,True,38,2022-06-28,2022-10-19,2022-10-26,113,Internal detection,3937621,email|phone|safeguarding_notes,90787,undisclosed,0,,yes,high,True,synthetic (Faker),
SYN-00381,Unauthorised access at Heritage Network,Heritage Network,nonprofit,Charity/Nonprofit,DE,Unauthorised access,Compromised credentials,Unattributed,Unknown,False,,2022-07-09,2022-10-21,2022-11-22,104,Customer report,2982,email|phone|postal_address,,not_applicable,0,218724,yes,low,True,synthetic (Faker),
SYN-01434,Destructive malware at Murray-Henderson,Murray-Henderson,private,Hospitality,GB,Destructive malware,Unpatched vulnerability,Unattributed,Ransomware crew,False,,2022-10-20,2022-10-23,2022-11-06,3,Customer report,,not_applicable,131105,undisclosed,10,1127212,no,medium,True,synthetic (Faker),
SYN-01541,Unauthorised access at Robbinsstad Council,Robbinsstad Council,public,Local government,DE,Unauthorised access,Compromised credentials,HollowLantern,Ransomware crew,False,,2022-10-19,2022-10-23,2022-11-02,4,Public leak / dark web,344693,credit_card|email|phone,,not_applicable,2,27952619,yes,medium,True,synthetic (Faker),
SYN-00619,Data breach at Stevensbury Council,Stevensbury Council,public,Local government,US,Data breach,Phishing,Unattributed,Nation state,False,,2022-09-07,2022-10-26,2022-11-04,49,Public leak / dark web,7763,credit_card|date_of_birth|name|phone|postal_address|safeguarding_notes,,not_applicable,5,1486676,yes,medium,True,synthetic (Faker),
SYN-01195,"Supply chain compromise at Smith, Davis and Thomas","Smith, Davis and Thomas",vendor,Nonprofit technology,AU,Supply chain compromise,Third-party supplier access,Unattributed,Financially motivated,True,82,2022-08-11,2022-10-28,2022-12-01,78,Security vendor / MDR,4371130,credentials|donation_history|name|postal_address|ssn_or_ni_number,193689,undisclosed,1,426089953,yes,high,True,synthetic (Faker),
SYN-00603,Data breach at Hines-Burns,Hines-Burns,vendor,Nonprofit technology,FR,Data breach,Unpatched vulnerability,ObsidianKoi,Ransomware crew,False,,2022-08-30,2022-10-29,2022-11-04,60,Routine audit,31757,date_of_birth|donation_history|employment|name|postal_address|ssn_or_ni_number,,not_applicable,0,3075711,yes,medium,True,synthetic (Faker),
SYN-00217,Data breach at Steele-Roberts,Steele-Roberts,private,Healthcare,GB,Data breach,Third-party supplier access,ObsidianKoi,Nation state,True,26,2021-12-02,2022-10-30,2022-11-14,332,Third-party notification,142844,credit_card|email|employment|health|internal_email|phone|postal_address,,not_applicable,8,,yes,high,True,synthetic (Faker),
SYN-00612,"Unauthorised access at Freeman, Smith and Arnold","Freeman, Smith and Arnold",private,Hospitality,DE,Unauthorised access,Compromised credentials,PaleHydra,Nation state,False,,2022-09-20,2022-10-30,2022-11-10,40,Routine audit,461004,bank_details|date_of_birth|phone|postal_address,,not_applicable,0,16441697,yes,medium,True,synthetic (Faker),
SYN-01821,Supply chain compromise at Martinez Group,Martinez Group,private,Healthcare,GB,Supply chain compromise,Trojanised software update,DimStag,Ransomware crew,True,104,2022-09-12,2022-11-01,2022-11-13,50,Internal detection,131285,health|passport|safeguarding_notes,,not_applicable,11,16752077,yes,high,True,synthetic (Faker),
SYN-01264,"DDoS at Haynes, Miller and Jackson","Haynes, Miller and Jackson",private,Manufacturing,US,DDoS,Volumetric flood,DimStag,Nation state,False,,2022-10-30,2022-11-03,2022-11-24,4,Public leak / dark web,,not_applicable,,not_applicable,1,93138,unknown,medium,True,synthetic (Faker),
SYN-01887,"Supply chain compromise at Evans, Brown and Friedman","Evans, Brown and Friedman",private,Hospitality,IE,Supply chain compromise,Trojanised software update,Unattributed,Insider,True,89,2022-09-16,2022-11-03,2022-11-05,48,Internal detection,6119,donation_history|name|passport|ssn_or_ni_number,,not_applicable,0,430020,no,medium,True,synthetic (Faker),
SYN-01110,Ransomware at New Nancyberg Council,New Nancyberg Council,public,Education,US,Ransomware,Unpatched vulnerability,AmberBastion,Ransomware crew,False,,2022-11-04,2022-11-05,2022-11-08,1,Internal detection,51463,date_of_birth|donation_history|name|phone|postal_address|ssn_or_ni_number,889772,no,8,9057641,yes,high,True,synthetic (Faker),
SYN-01383,Unauthorised access at Ruiz-Rivera,Ruiz-Rivera,vendor,Cloud/SaaS,US,Unauthorised access,Compromised credentials,Unattributed,Financially motivated,False,,2022-10-30,2022-11-05,2022-11-12,6,Routine audit,354938,donation_history|email|name|postal_address,,not_applicable,0,,unknown,medium,True,synthetic (Faker),
SYN-01073,Business email compromise at Youth Fund,Youth Fund,nonprofit,Charity/Nonprofit,SG,Business email compromise,MFA fatigue,Unattributed,Ransomware crew,False,,2022-10-09,2022-11-16,2022-11-18,38,Routine audit,,not_applicable,,not_applicable,3,155888,no,low,True,synthetic (Faker),
SYN-00678,Data breach at Smith PLC,Smith PLC,private,Financial services,CA,Data breach,Misconfigured cloud storage,Unattributed,Unknown,False,,2022-07-13,2022-11-18,2022-11-27,128,Security vendor / MDR,297515,health|name|phone|postal_address|ssn_or_ni_number,,not_applicable,0,,yes,medium,True,synthetic (Faker),
SYN-01612,Ransomware at Henderson Group,Henderson Group,private,Healthcare,GB,Ransomware,Compromised credentials,GlassMantis,Ransomware crew,False,,2022-11-16,2022-11-19,2022-11-25,3,Security vendor / MDR,1166,credentials|credit_card|date_of_birth|email|health|name|passport|ssn_or_ni_number,1655684,no,5,669399,yes,medium,True,synthetic (Faker),
SYN-00758,Data breach at Hughes Inc,Hughes Inc,vendor,Software,IN,Data breach,Unpatched vulnerability,NineSpindle,Nation state,False,,2022-11-10,2022-11-21,2022-11-24,11,Law enforcement notification,46896,credit_card|email|name|phone,,not_applicable,1,6253100,yes,medium,True,synthetic (Faker),
SYN-01246,Unauthorised access at Kindling Aid,Kindling Aid,nonprofit,Charity/Nonprofit,AU,Unauthorised access,Insecure API endpoint,Unattributed,Financially motivated,False,,2022-11-10,2022-11-21,2022-11-26,11,Internal detection,23134,credit_card|donation_history|email|postal_address,,not_applicable,0,,yes,medium,True,synthetic (Faker),
SYN-01379,"Destructive malware at Patel, Reed and Davis","Patel, Reed and Davis",private,Financial services,US,Destructive malware,Phishing,Unattributed,Financially motivated,False,,2022-11-20,2022-11-21,2022-12-03,1,Customer report,,not_applicable,125002,no,1,,no,medium,True,synthetic (Faker),
SYN-01274,Supply chain compromise at Yatesshire Authority,Yatesshire Authority,public,Local government,US,Supply chain compromise,Trojanised software update,Unattributed,Financially motivated,True,55,2022-09-23,2022-11-23,2022-11-24,61,Third-party notification,482235,passport|phone,,not_applicable,2,66322942,yes,medium,True,synthetic (Faker),
SYN-01045,Supply chain compromise at Burgess-Newman,Burgess-Newman,private,Healthcare,GB,Supply chain compromise,Third-party supplier access,Unattributed,Hacktivist,True,89,2022-10-07,2022-11-28,2022-12-07,52,Internal detection,36063,credentials|date_of_birth|health|phone|safeguarding_notes,,not_applicable,1,4630790,yes,high,True,synthetic (Faker),
=======
SYN-00589,Ransomware at Phillips Ltd,Phillips Ltd,private,Logistics,US,Ransomware,Exposed RDP/VPN,Unattributed,Ransomware crew,False,,2022-09-27,2022-09-30,2022-10-01,3,Internal detection,591,phone|postal_address,578183,undisclosed,356,12634340,yes,medium,True,synthetic (Faker),
SYN-00680,Business email compromise at Turner-Jones,Turner-Jones,private,Manufacturing,US,Business email compromise,MFA fatigue,Unattributed,Ransomware crew,False,,2022-08-31,2022-10-02,2022-10-03,32,Third-party notification,,not_applicable,,not_applicable,0,223938,no,low,True,synthetic (Faker),
SYN-00108,Data breach at Refuge Care,Refuge Care,nonprofit,Charity/Nonprofit,SG,Data breach,Insecure API endpoint,Unattributed,Ransomware crew,False,,2022-09-19,2022-10-04,2022-10-09,15,Public leak / dark web,97820,passport|postal_address,712131,undisclosed,0,3826604,yes,medium,True,synthetic (Faker),
SYN-00607,"Data breach at Hancock, Baker and Harding","Hancock, Baker and Harding",private,Healthcare,US,Data breach,Unpatched vulnerability,Unattributed,Unknown,False,,2022-05-05,2022-10-05,2022-10-13,153,Customer report,328470,bank_details|credentials|date_of_birth|health|name|phone|postal_address,,not_applicable,0,,yes,medium,True,synthetic (Faker),
SYN-00375,"Data breach at Davies, Buckley and Brown","Davies, Buckley and Brown",vendor,Cloud/SaaS,GB,Data breach,Compromised credentials,TinCathedral,Ransomware crew,False,,2022-09-11,2022-10-08,2022-10-14,27,Internal detection,594587,bank_details|credit_card|email|name|postal_address|ssn_or_ni_number,,not_applicable,0,,no,medium,True,synthetic (Faker),
REAL-0023,Medibank data breach,Medibank,private,Insurance/Health,AU,Data breach,"Compromised credentials (contractor, no MFA)",REvil-linked actor,Ransomware crew,True,,2022-08-12,2022-10-12,2022-10-13,61,Internal detection,9700000,name|date_of_birth|health|claims|passport,10000000,no,0,80000000,yes,critical,False,OAIC civil proceedings (Jun 2023),Refused to pay; attackers published sensitive health records including terminations.
SYN-00554,Data breach at Youth Network,Youth Network,nonprofit,Charity/Nonprofit,GB,Data breach,Insecure API endpoint,Unattributed,Financially motivated,False,,2022-09-02,2022-10-16,2022-11-03,44,Internal detection,57,date_of_birth|email|name|passport|phone|postal_address,,not_applicable,0,148594,yes,low,True,synthetic (Faker),
SYN-00283,"Data breach at Newton, Moore and Perry","Newton, Moore and Perry",private,Retail,AU,Data breach,Credential stuffing,Unattributed,Financially motivated,False,,2022-10-01,2022-10-19,2022-11-01,18,Public leak / dark web,226975,email|name|passport|phone|postal_address|ssn_or_ni_number,,not_applicable,0,,yes,medium,True,synthetic (Faker),
SYN-00381,Unauthorised access at Heritage Network,Heritage Network,nonprofit,Charity/Nonprofit,DE,Unauthorised access,Compromised credentials,Unattributed,Unknown,False,,2022-07-09,2022-10-21,2022-11-22,104,Customer report,2982,email|phone|postal_address,,not_applicable,0,218724,yes,low,True,synthetic (Faker),
SYN-00619,Data breach at Stevensbury Council,Stevensbury Council,public,Local government,US,Data breach,Phishing,Unattributed,Nation state,False,,2022-09-07,2022-10-26,2022-11-04,49,Public leak / dark web,7763,credit_card|date_of_birth|name|phone|postal_address|safeguarding_notes,,not_applicable,5,1486676,yes,medium,True,synthetic (Faker),
SYN-00603,Data breach at Hines-Burns,Hines-Burns,vendor,Nonprofit technology,FR,Data breach,Unpatched vulnerability,ObsidianKoi,Ransomware crew,False,,2022-08-30,2022-10-29,2022-11-04,60,Routine audit,31757,date_of_birth|donation_history|employment|name|postal_address|ssn_or_ni_number,,not_applicable,0,3075711,yes,medium,True,synthetic (Faker),
SYN-00217,Data breach at Steele-Roberts,Steele-Roberts,private,Healthcare,GB,Data breach,Third-party supplier access,ObsidianKoi,Nation state,True,26,2021-12-02,2022-10-30,2022-11-14,332,Third-party notification,142844,credit_card|email|employment|health|internal_email|phone|postal_address,,not_applicable,8,,yes,high,True,synthetic (Faker),
SYN-00612,"Unauthorised access at Freeman, Smith and Arnold","Freeman, Smith and Arnold",private,Hospitality,DE,Unauthorised access,Compromised credentials,PaleHydra,Nation state,False,,2022-09-20,2022-10-30,2022-11-10,40,Routine audit,461004,bank_details|date_of_birth|phone|postal_address,,not_applicable,0,16441697,yes,medium,True,synthetic (Faker),
SYN-00678,Data breach at Smith PLC,Smith PLC,private,Financial services,CA,Data breach,Misconfigured cloud storage,Unattributed,Unknown,False,,2022-07-13,2022-11-18,2022-11-27,128,Security vendor / MDR,297515,health|name|phone|postal_address|ssn_or_ni_number,,not_applicable,0,,yes,medium,True,synthetic (Faker),
SYN-00758,Data breach at Hughes Inc,Hughes Inc,vendor,Software,IN,Data breach,Unpatched vulnerability,NineSpindle,Nation state,False,,2022-11-10,2022-11-21,2022-11-24,11,Law enforcement notification,46896,credit_card|email|name|phone,,not_applicable,1,6253100,yes,medium,True,synthetic (Faker),
>>>>>>> 8a74902011229c25354fcb7e063b9152ef665657
SYN-00084,Unauthorised access at Yvonnechester Authority,Yvonnechester Authority,public,Local government,GB,Unauthorised access,Exposed RDP/VPN,SlateWarden,Nation state,False,,2022-09-02,2022-11-29,2023-01-14,88,Security vendor / MDR,34857,email|employment|name|phone|postal_address,,not_applicable,1,,yes,medium,True,synthetic (Faker),
SYN-00110,"Business email compromise at Pearce, Stevenson and Lee","Pearce, Stevenson and Lee",private,Manufacturing,US,Business email compromise,Phishing,Unattributed,Unknown,False,,2022-11-11,2022-11-29,2022-12-05,18,Internal detection,,not_applicable,,not_applicable,0,398302,unknown,low,True,synthetic (Faker),
SYN-00962,Data breach at Stewart Ltd,Stewart Ltd,private,Financial services,GB,Data breach,Insecure API endpoint,Unattributed,Financially motivated,False,,2022-11-24,2022-11-29,2022-11-29,5,Public leak / dark web,334177,email|health|name|phone|postal_address,,not_applicable,0,30782339,yes,medium,True,synthetic (Faker),
SYN-00055,Business email compromise at Bennett and Sons,Bennett and Sons,private,Healthcare,US,Business email compromise,Phishing,Unattributed,Unknown,False,,2022-11-15,2022-11-30,2022-12-03,15,Third-party notification,,not_applicable,,not_applicable,1,398799,no,medium,True,synthetic (Faker),
<<<<<<< HEAD
SYN-01861,Supply chain compromise at Weber Inc,Weber Inc,private,Logistics,US,Supply chain compromise,Malicious dependency,TinCathedral,Ransomware crew,True,15,2022-04-29,2022-12-01,2022-12-02,216,Third-party notification,475,bank_details|email|phone|postal_address|ssn_or_ni_number,,not_applicable,4,481673,yes,medium,True,synthetic (Faker),
REAL-0024,Rackspace Hosted Exchange ransomware,Rackspace,vendor,Cloud/Hosting,US,Ransomware,Unpatched vulnerability (ProxyNotShell/OWASSRF),Play,Ransomware crew,True,30000,2022-11-30,2022-12-02,2022-12-06,2,Internal detection,,email_mailboxes,,no,30,30000000,yes,high,False,"Rackspace incident reports, Dec 2022",Hosted Exchange permanently retired after the incident.
SYN-00851,Supply chain compromise at Campbell-Adams,Campbell-Adams,private,Financial services,GB,Supply chain compromise,Third-party supplier access,Unattributed,Unknown,True,5,2022-11-04,2022-12-02,2022-12-07,28,Third-party notification,2391354,date_of_birth|employment|internal_email|name|postal_address|ssn_or_ni_number,,not_applicable,0,86110258,yes,high,True,synthetic (Faker),
SYN-01962,"Insider incident at Davis, Murphy and Mitchell","Davis, Murphy and Mitchell",vendor,Software,GB,Insider incident,Malicious insider,Unattributed,Insider,False,,2022-11-12,2022-12-04,2022-12-09,22,Third-party notification,20758,donation_history|email|health|name|phone|ssn_or_ni_number,,not_applicable,0,3396100,yes,medium,True,synthetic (Faker),
SYN-00292,"Data breach at Martin, Burke and Naylor","Martin, Burke and Naylor",private,Logistics,IN,Data breach,Misconfigured cloud storage,NorthQuarry,Ransomware crew,False,,2022-12-01,2022-12-05,2022-12-14,4,Third-party notification,167674,credentials|email|name|passport|safeguarding_notes,,not_applicable,0,7339377,yes,medium,True,synthetic (Faker),
SYN-01442,Ransomware at Mills Group,Mills Group,private,Retail,NL,Ransomware,Unpatched vulnerability,GlassMantis,Ransomware crew,False,,2022-12-04,2022-12-05,2022-12-19,1,Third-party notification,4431545,phone|postal_address,771487,no,21,621671703,yes,high,True,synthetic (Faker),
SYN-01176,"Ransomware at Greene, Rich and Schmidt","Greene, Rich and Schmidt",private,Healthcare,CA,Ransomware,Compromised credentials,Unattributed,Ransomware crew,False,,2022-12-05,2022-12-06,2022-12-23,1,Internal detection,16173,email|health|name|postal_address,13791847,yes,11,1852869,yes,high,True,synthetic (Faker),
SYN-01795,Supply chain compromise at Beacon Hill Aid,Beacon Hill Aid,nonprofit,Charity/Nonprofit,US,Supply chain compromise,Compromised credentials,TinCathedral,Nation state,True,33,2022-10-09,2022-12-06,2022-12-09,58,Internal detection,1785,donation_history|phone|postal_address,,not_applicable,23,628164,yes,medium,True,synthetic (Faker),
SYN-01323,"Ransomware at Phillips, Terry and Lopez","Phillips, Terry and Lopez",private,Healthcare,GB,Ransomware,Compromised credentials,DimStag,Ransomware crew,False,,2022-12-02,2022-12-09,2022-12-16,7,Third-party notification,301623,health|passport|postal_address,369433,no,149,26745908,yes,high,True,synthetic (Faker),
SYN-01594,Ransomware at Lantern Care,Lantern Care,nonprofit,Charity/Nonprofit,GB,Ransomware,Unpatched vulnerability,Unattributed,Ransomware crew,False,,2022-11-24,2022-12-09,2022-12-24,15,Public leak / dark web,43286,date_of_birth|donation_history|email|name|passport|postal_address,1831730,no,13,3308060,yes,medium,True,synthetic (Faker),
SYN-00037,"Unauthorised access at Mitchell, Marshall and Edwards","Mitchell, Marshall and Edwards",private,Logistics,US,Unauthorised access,Help-desk social engineering,Unattributed,Financially motivated,False,,2022-12-11,2022-12-16,2022-12-18,5,Internal detection,22534,credentials|donation_history|employment|health|phone|postal_address,,not_applicable,3,,no,medium,True,synthetic (Faker),
SYN-00466,Ransomware at Chavez-Barker,Chavez-Barker,vendor,Nonprofit technology,SG,Ransomware,Exposed RDP/VPN,NorthQuarry,Ransomware crew,False,,2022-12-10,2022-12-16,2023-02-04,6,Public leak / dark web,75675,credentials|donation_history|email|health|name|safeguarding_notes|ssn_or_ni_number,3644791,no,16,2735206,yes,high,True,synthetic (Faker),
SYN-01011,Ransomware at Daniels Ltd,Daniels Ltd,private,Healthcare,NL,Ransomware,Compromised credentials,CobaltFinch,Ransomware crew,False,,2022-12-17,2022-12-17,2022-12-19,0,Third-party notification,19271,health|name|passport,981975,undisclosed,1,2916739,yes,medium,True,synthetic (Faker),
SYN-00410,Data breach at Ashley PLC,Ashley PLC,private,Hospitality,GB,Data breach,Third-party supplier access,Unattributed,Hacktivist,True,12,2022-12-05,2022-12-18,2022-12-20,13,Internal detection,2408364,credentials|email|name|passport|phone|postal_address|ssn_or_ni_number,160462,no,0,254132110,yes,high,True,synthetic (Faker),
SYN-01559,"Phishing campaign at Smith, Jimenez and Simon","Smith, Jimenez and Simon",private,Manufacturing,GB,Phishing campaign,Phishing,Unattributed,Financially motivated,False,,2022-04-06,2022-12-18,2023-01-05,256,Customer report,13233,donation_history|email|passport,,not_applicable,1,2078470,no,medium,True,synthetic (Faker),
SYN-00417,Unauthorised access at Carter Inc,Carter Inc,private,Manufacturing,AU,Unauthorised access,Compromised credentials,Unattributed,Insider,False,,2022-10-14,2022-12-19,2022-12-20,66,Customer report,159585,bank_details|credentials|email|name|phone|postal_address,,not_applicable,1,,yes,medium,True,synthetic (Faker),
SYN-01248,Unauthorised access at Evansside District Board,Evansside District Board,public,Education,DE,Unauthorised access,MFA fatigue,Unattributed,Financially motivated,False,,2022-11-27,2022-12-21,2022-12-29,24,Third-party notification,5970,donation_history|health|name|passport|phone|postal_address|ssn_or_ni_number,556114,undisclosed,1,1181648,yes,medium,True,synthetic (Faker),
SYN-01339,"Phishing campaign at Williams, Jones and Torres","Williams, Jones and Torres",private,Retail,GB,Phishing campaign,Phishing,Unattributed,Unknown,False,,2022-12-04,2022-12-21,2022-12-21,17,Third-party notification,92550,internal_email|name|phone,,not_applicable,0,15822876,yes,medium,True,synthetic (Faker),
SYN-00339,"Ransomware at Jordan, Anderson and Patel","Jordan, Anderson and Patel",private,Legal/Professional,GB,Ransomware,Exposed RDP/VPN,Unattributed,Ransomware crew,False,,2022-12-22,2022-12-22,2022-12-25,0,Internal detection,1503,credentials|date_of_birth|name|postal_address,13410833,no,10,1029632,yes,medium,True,synthetic (Faker),
SYN-00392,Ransomware at Hines LLC,Hines LLC,private,Legal/Professional,GB,Ransomware,Exposed RDP/VPN,QuietFathom,Ransomware crew,False,,2022-12-20,2022-12-23,2022-12-30,3,Routine audit,12854,donation_history|phone,991621,no,5,2188666,yes,medium,True,synthetic (Faker),
SYN-01191,"Business email compromise at Taylor, Shields and Wilson","Taylor, Shields and Wilson",vendor,Cloud/SaaS,GB,Business email compromise,Phishing,Unattributed,Unknown,False,,2022-11-17,2022-12-24,2022-12-26,37,Third-party notification,,not_applicable,,not_applicable,0,130740,unknown,medium,True,synthetic (Faker),
SYN-00167,"Ransomware at Bishop, Gray and Johnson","Bishop, Gray and Johnson",private,Financial services,GB,Ransomware,Unpatched vulnerability,Unattributed,Ransomware crew,False,,2022-12-19,2022-12-25,2022-12-29,6,Internal detection,608426,date_of_birth|health|passport,7223129,no,3,60823631,yes,medium,True,synthetic (Faker),
SYN-00644,Data breach at Wellbeing Aid,Wellbeing Aid,nonprofit,Charity/Nonprofit,SG,Data breach,Misconfigured cloud storage,Unattributed,Unknown,False,,2022-12-09,2022-12-26,2023-01-11,17,Internal detection,3895,date_of_birth|email|employment|passport|phone|postal_address,,not_applicable,2,417856,yes,low,True,synthetic (Faker),
SYN-01178,"Business email compromise at Brooks, Bishop and Middleton","Brooks, Bishop and Middleton",vendor,Nonprofit technology,GB,Business email compromise,Compromised credentials,Unattributed,Financially motivated,True,192,2022-12-08,2022-12-29,2022-12-30,21,Internal detection,2628,donation_history|email|health|name|passport,,not_applicable,0,334983,yes,medium,True,synthetic (Faker),
SYN-01404,Data breach at Meadow Care,Meadow Care,nonprofit,Charity/Nonprofit,GB,Data breach,Credential stuffing,Unattributed,Financially motivated,False,,2022-10-26,2022-12-29,2023-01-03,64,Internal detection,23073,credentials|donation_history|postal_address|ssn_or_ni_number,,not_applicable,0,478130,yes,medium,True,synthetic (Faker),
SYN-00229,Business email compromise at Sanchezside Authority,Sanchezside Authority,public,Local government,GB,Business email compromise,Compromised credentials,NorthQuarry,Ransomware crew,False,,2022-11-10,2023-01-01,2023-01-11,52,Public leak / dark web,,not_applicable,82518,no,0,216876,no,medium,True,synthetic (Faker),
SYN-00459,"Unauthorised access at Hart, Wright and Jackson","Hart, Wright and Jackson",vendor,Nonprofit technology,GB,Unauthorised access,MFA fatigue,Unattributed,Financially motivated,True,179,2022-10-19,2023-01-02,2023-01-14,75,Routine audit,9582647,donation_history|internal_email|phone|ssn_or_ni_number,,not_applicable,1,1269922985,yes,high,True,synthetic (Faker),
SYN-01501,Data breach at Reynolds Ltd,Reynolds Ltd,vendor,Nonprofit technology,DE,Data breach,Insecure API endpoint,GlassMantis,Ransomware crew,False,,2022-12-28,2023-01-03,2023-01-07,6,Internal detection,1094563,bank_details|donation_history|email|phone|postal_address,,not_applicable,1,73462550,yes,high,True,synthetic (Faker),
SYN-00558,Ransomware at Douglas Ltd,Douglas Ltd,private,Manufacturing,GB,Ransomware,Help-desk social engineering,Unattributed,Ransomware crew,False,,2023-01-03,2023-01-04,2023-01-05,1,Routine audit,20524,bank_details|email|employment|name|phone|postal_address|safeguarding_notes,1478008,no,3,3303288,unknown,medium,True,synthetic (Faker),
SYN-01923,Ransomware at Long Group,Long Group,private,Healthcare,GB,Ransomware,Compromised credentials,Unattributed,Ransomware crew,False,,2023-01-07,2023-01-08,2023-01-16,1,Public leak / dark web,205719,bank_details|employment|health|name|phone|postal_address|ssn_or_ni_number,581515,no,108,39851118,yes,high,True,synthetic (Faker),
SYN-00606,Data breach at Stark PLC,Stark PLC,private,Retail,US,Data breach,Credential stuffing,Unattributed,Unknown,False,,2022-12-04,2023-01-12,2023-01-22,39,Internal detection,58792,date_of_birth|employment|health|phone|postal_address,,not_applicable,0,4310624,yes,medium,True,synthetic (Faker),
SYN-01203,Ransomware at Pena and Sons,Pena and Sons,vendor,Nonprofit technology,US,Ransomware,Exposed RDP/VPN,RustVulture,Ransomware crew,False,,2023-01-01,2023-01-14,2023-01-18,13,Third-party notification,102283,donation_history|phone|safeguarding_notes,2393929,undisclosed,7,16472144,yes,high,True,synthetic (Faker),
SYN-01375,Business email compromise at Davies Group,Davies Group,vendor,Software,GB,Business email compromise,Compromised credentials,DimStag,Ransomware crew,True,190,2022-09-17,2023-01-14,2023-01-18,119,Security vendor / MDR,4204,employment|passport|phone|postal_address|safeguarding_notes,,not_applicable,0,862201,yes,medium,True,synthetic (Faker),
SYN-01342,"Data breach at Johnson, Carpenter and Morris","Johnson, Carpenter and Morris",private,Hospitality,GB,Data breach,Credential stuffing,Unattributed,Financially motivated,False,,2022-12-27,2023-01-15,2023-01-17,19,Security vendor / MDR,195805,bank_details|credentials|name|ssn_or_ni_number,,not_applicable,0,,yes,medium,True,synthetic (Faker),
SYN-00908,Phishing campaign at Natalieview District Board,Natalieview District Board,public,Education,SG,Phishing campaign,Phishing,Unattributed,Unknown,False,,2022-12-15,2023-01-17,2023-01-21,33,Third-party notification,20613,email|name,,not_applicable,0,2359982,yes,medium,True,synthetic (Faker),
SYN-01359,Ransomware at Thompson-Petersen,Thompson-Petersen,private,Retail,CA,Ransomware,Unpatched vulnerability,GlassMantis,Ransomware crew,False,,2023-01-10,2023-01-18,2023-01-22,8,Law enforcement notification,255058,email|name|postal_address|safeguarding_notes,778556,no,13,44552665,yes,high,True,synthetic (Faker),
SYN-01471,"Data breach at Barker, Peck and Andersen","Barker, Peck and Andersen",private,Healthcare,US,Data breach,Compromised credentials,NineSpindle,Nation state,False,,2022-10-20,2023-01-19,2023-01-22,91,Internal detection,59068,health|name|passport|postal_address|safeguarding_notes|ssn_or_ni_number,,not_applicable,0,,yes,medium,True,synthetic (Faker),
SYN-01233,Ransomware at New Michaelburgh Council,New Michaelburgh Council,public,Education,GB,Ransomware,Exposed RDP/VPN,SlateWarden,Ransomware crew,False,,2023-01-18,2023-01-21,2023-01-30,3,Third-party notification,31145,donation_history|health,3697814,yes,1,,yes,medium,True,synthetic (Faker),
SYN-01271,Data breach at Mcdonaldside District Board,Mcdonaldside District Board,public,Local government,SG,Data breach,Third-party supplier access,IronMagpie,Ransomware crew,True,41,2023-01-04,2023-01-22,2023-01-25,18,Internal detection,450176,bank_details|email|employment|internal_email|name|phone|ssn_or_ni_number,,not_applicable,0,15809753,yes,high,True,synthetic (Faker),
SYN-01634,"Ransomware at Berg, Herrera and Figueroa","Berg, Herrera and Figueroa",vendor,Software,GB,Ransomware,Phishing,IronMagpie,Ransomware crew,True,1203,2023-01-20,2023-01-25,2023-01-29,5,Security vendor / MDR,289098,credit_card|date_of_birth|email|employment|passport|postal_address|ssn_or_ni_number,995441,yes,27,40611668,yes,high,True,synthetic (Faker),
SYN-00932,Unauthorised access at Lake Russell Authority,Lake Russell Authority,public,Local government,AU,Unauthorised access,Compromised credentials,Unattributed,Ransomware crew,False,,2023-01-15,2023-01-26,2023-01-29,11,Third-party notification,45707,internal_email|name|passport,,not_applicable,1,1278612,yes,medium,True,synthetic (Faker),
SYN-01053,Data breach at Jenniferside Council,Jenniferside Council,public,Energy/Utilities,GB,Data breach,Unpatched vulnerability,QuietFathom,Nation state,False,,2023-01-10,2023-01-26,2023-02-21,16,Third-party notification,3229,credit_card|date_of_birth|health,,not_applicable,0,436090,yes,medium,True,synthetic (Faker),
SYN-01917,"Data breach at Rogers, Allen and Griffiths","Rogers, Allen and Griffiths",vendor,Nonprofit technology,GB,Data breach,Insecure API endpoint,IronMagpie,Ransomware crew,False,,2022-12-25,2023-01-26,2023-01-30,32,Security vendor / MDR,100112,credit_card|donation_history|employment|phone,,not_applicable,3,10545521,yes,medium,True,synthetic (Faker),
SYN-00395,Destructive malware at Wayfarer Network,Wayfarer Network,nonprofit,Charity/Nonprofit,US,Destructive malware,Phishing,Unattributed,Financially motivated,False,,2023-01-25,2023-01-27,2023-02-01,2,Customer report,,not_applicable,1573532,no,24,333273,unknown,medium,True,synthetic (Faker),
SYN-01710,Ransomware at Norman Group,Norman Group,vendor,Software,FR,Ransomware,Compromised credentials,ObsidianKoi,Ransomware crew,True,647,2023-01-27,2023-01-27,2023-01-29,0,Third-party notification,1058708,credentials|internal_email|name|phone,3445531,no,4,142827180,no,high,True,synthetic (Faker),
SYN-00164,"Business email compromise at Morton, Medina and Webb","Morton, Medina and Webb",private,Manufacturing,FR,Business email compromise,Compromised credentials,DimStag,Ransomware crew,False,,2023-01-15,2023-01-29,2023-02-02,14,Internal detection,,not_applicable,,not_applicable,0,320569,no,low,True,synthetic (Faker),
SYN-01204,Data breach at Marsh-Ingram,Marsh-Ingram,vendor,Nonprofit technology,IE,Data breach,Compromised credentials,Unattributed,Ransomware crew,False,,2022-12-18,2023-01-29,2023-02-16,42,Public leak / dark web,52687,credit_card|employment|health|internal_email|phone,,not_applicable,0,1220537,yes,medium,True,synthetic (Faker),
SYN-00157,Unauthorised access at Allen-Walker,Allen-Walker,private,Financial services,GB,Unauthorised access,Compromised credentials,Unattributed,Unknown,False,,2022-12-26,2023-01-31,2023-02-26,36,Internal detection,448614,email|employment|name|postal_address|safeguarding_notes,,not_applicable,3,36920938,yes,medium,True,synthetic (Faker),
SYN-01304,Data breach at Hall Inc,Hall Inc,private,Healthcare,CA,Data breach,Credential stuffing,TinCathedral,Ransomware crew,False,,2022-12-27,2023-01-31,2023-02-04,35,Internal detection,4685807,email|health|name|postal_address,,not_applicable,0,523605763,yes,high,True,synthetic (Faker),
SYN-01469,Business email compromise at New Kevin Council,New Kevin Council,public,Energy/Utilities,US,Business email compromise,Phishing,IronMagpie,Ransomware crew,False,,2022-12-29,2023-02-03,2023-02-12,36,Third-party notification,376,credit_card|email|internal_email|name,,not_applicable,0,203196,yes,low,True,synthetic (Faker),
SYN-00400,"DDoS at Guerra, Blake and Harrison","Guerra, Blake and Harrison",private,Logistics,US,DDoS,Application-layer flood,Unattributed,Unknown,False,,2023-01-30,2023-02-04,2023-02-04,5,Internal detection,114,credentials|donation_history|email|name|passport|phone|postal_address,,not_applicable,3,479408,no,low,True,synthetic (Faker),
SYN-01645,"Data breach at Coleman, Collins and Robertson","Coleman, Collins and Robertson",private,Healthcare,IE,Data breach,Insecure API endpoint,HollowLantern,Nation state,False,,2023-01-27,2023-02-04,2023-02-06,8,Third-party notification,374311,health|name|postal_address,,not_applicable,0,67140401,yes,medium,True,synthetic (Faker),
SYN-00032,"Ransomware at Duncan, Brown and Murray","Duncan, Brown and Murray",vendor,Software,US,Ransomware,Unpatched vulnerability,VelvetSiphon,Ransomware crew,False,,2023-02-07,2023-02-08,2023-02-11,1,Internal detection,9632,bank_details|employment|internal_email|postal_address,160859,undisclosed,42,1264079,yes,high,True,synthetic (Faker),
SYN-01839,Ransomware at Wright and Sons,Wright and Sons,private,Manufacturing,IN,Ransomware,Unpatched vulnerability,Unattributed,Ransomware crew,False,,2023-02-07,2023-02-10,2023-02-14,3,Security vendor / MDR,31303,phone|postal_address,61809,undisclosed,5,2474324,no,medium,True,synthetic (Faker),
SYN-01080,Phishing campaign at Murray PLC,Murray PLC,private,Financial services,IN,Phishing campaign,Phishing,HollowLantern,Nation state,False,,2023-01-14,2023-02-13,2023-02-15,30,Internal detection,633764,date_of_birth|email|internal_email|phone|postal_address,,not_applicable,0,,yes,medium,True,synthetic (Faker),
SYN-00541,"Ransomware at Wilson, Hendricks and Phillips","Wilson, Hendricks and Phillips",private,Legal/Professional,AU,Ransomware,Compromised credentials,AmberBastion,Ransomware crew,False,,2023-02-13,2023-02-14,2023-02-17,1,Customer report,185943,credentials|credit_card|email|health|internal_email|postal_address|safeguarding_notes,826246,yes,17,9453597,yes,high,True,synthetic (Faker),
SYN-01889,Ransomware at Clark Ltd,Clark Ltd,private,Financial services,AU,Ransomware,Phishing,HollowLantern,Ransomware crew,False,,2023-02-14,2023-02-14,2023-02-19,0,Law enforcement notification,6232730,bank_details|email|internal_email|ssn_or_ni_number,11644829,no,36,,yes,critical,True,synthetic (Faker),
SYN-01133,Phishing campaign at Vance and Sons,Vance and Sons,vendor,Cloud/SaaS,DE,Phishing campaign,Phishing,Unattributed,Unknown,True,212,2023-01-19,2023-02-15,2023-02-20,27,Third-party notification,62167,date_of_birth|health|postal_address,88729,undisclosed,2,8302969,no,high,True,synthetic (Faker),
SYN-01013,Insider incident at Whitefurt District Board,Whitefurt District Board,public,Education,US,Insider incident,Malicious insider,Unattributed,Insider,False,,2023-01-24,2023-02-16,2023-02-20,23,Security vendor / MDR,1133,email|internal_email|postal_address|safeguarding_notes,,not_applicable,0,302529,yes,medium,True,synthetic (Faker),
=======
REAL-0024,Rackspace Hosted Exchange ransomware,Rackspace,vendor,Cloud/Hosting,US,Ransomware,Unpatched vulnerability (ProxyNotShell/OWASSRF),Play,Ransomware crew,True,30000,2022-11-30,2022-12-02,2022-12-06,2,Internal detection,,email_mailboxes,,no,30,30000000,yes,high,False,"Rackspace incident reports, Dec 2022",Hosted Exchange permanently retired after the incident.
SYN-00851,Supply chain compromise at Campbell-Adams,Campbell-Adams,private,Financial services,GB,Supply chain compromise,Third-party supplier access,Unattributed,Unknown,True,5,2022-11-04,2022-12-02,2022-12-07,28,Third-party notification,2391354,date_of_birth|employment|internal_email|name|postal_address|ssn_or_ni_number,,not_applicable,0,86110258,yes,high,True,synthetic (Faker),
SYN-00292,"Data breach at Martin, Burke and Naylor","Martin, Burke and Naylor",private,Logistics,IN,Data breach,Misconfigured cloud storage,NorthQuarry,Ransomware crew,False,,2022-12-01,2022-12-05,2022-12-14,4,Third-party notification,167674,credentials|email|name|passport|safeguarding_notes,,not_applicable,0,7339377,yes,medium,True,synthetic (Faker),
SYN-00037,"Unauthorised access at Mitchell, Marshall and Edwards","Mitchell, Marshall and Edwards",private,Logistics,US,Unauthorised access,Help-desk social engineering,Unattributed,Financially motivated,False,,2022-12-11,2022-12-16,2022-12-18,5,Internal detection,22534,credentials|donation_history|employment|health|phone|postal_address,,not_applicable,3,,no,medium,True,synthetic (Faker),
SYN-00466,Ransomware at Chavez-Barker,Chavez-Barker,vendor,Nonprofit technology,SG,Ransomware,Exposed RDP/VPN,NorthQuarry,Ransomware crew,False,,2022-12-10,2022-12-16,2023-02-04,6,Public leak / dark web,75675,credentials|donation_history|email|health|name|safeguarding_notes|ssn_or_ni_number,3644791,no,16,2735206,yes,high,True,synthetic (Faker),
SYN-00410,Data breach at Ashley PLC,Ashley PLC,private,Hospitality,GB,Data breach,Third-party supplier access,Unattributed,Hacktivist,True,12,2022-12-05,2022-12-18,2022-12-20,13,Internal detection,2408364,credentials|email|name|passport|phone|postal_address|ssn_or_ni_number,160462,no,0,254132110,yes,high,True,synthetic (Faker),
SYN-00417,Unauthorised access at Carter Inc,Carter Inc,private,Manufacturing,AU,Unauthorised access,Compromised credentials,Unattributed,Insider,False,,2022-10-14,2022-12-19,2022-12-20,66,Customer report,159585,bank_details|credentials|email|name|phone|postal_address,,not_applicable,1,,yes,medium,True,synthetic (Faker),
SYN-00339,"Ransomware at Jordan, Anderson and Patel","Jordan, Anderson and Patel",private,Legal/Professional,GB,Ransomware,Exposed RDP/VPN,Unattributed,Ransomware crew,False,,2022-12-22,2022-12-22,2022-12-25,0,Internal detection,1503,credentials|date_of_birth|name|postal_address,13410833,no,10,1029632,yes,medium,True,synthetic (Faker),
SYN-00392,Ransomware at Hines LLC,Hines LLC,private,Legal/Professional,GB,Ransomware,Exposed RDP/VPN,QuietFathom,Ransomware crew,False,,2022-12-20,2022-12-23,2022-12-30,3,Routine audit,12854,donation_history|phone,991621,no,5,2188666,yes,medium,True,synthetic (Faker),
SYN-00167,"Ransomware at Bishop, Gray and Johnson","Bishop, Gray and Johnson",private,Financial services,GB,Ransomware,Unpatched vulnerability,Unattributed,Ransomware crew,False,,2022-12-19,2022-12-25,2022-12-29,6,Internal detection,608426,date_of_birth|health|passport,7223129,no,3,60823631,yes,medium,True,synthetic (Faker),
SYN-00644,Data breach at Wellbeing Aid,Wellbeing Aid,nonprofit,Charity/Nonprofit,SG,Data breach,Misconfigured cloud storage,Unattributed,Unknown,False,,2022-12-09,2022-12-26,2023-01-11,17,Internal detection,3895,date_of_birth|email|employment|passport|phone|postal_address,,not_applicable,2,417856,yes,low,True,synthetic (Faker),
SYN-00229,Business email compromise at Sanchezside Authority,Sanchezside Authority,public,Local government,GB,Business email compromise,Compromised credentials,NorthQuarry,Ransomware crew,False,,2022-11-10,2023-01-01,2023-01-11,52,Public leak / dark web,,not_applicable,82518,no,0,216876,no,medium,True,synthetic (Faker),
SYN-00459,"Unauthorised access at Hart, Wright and Jackson","Hart, Wright and Jackson",vendor,Nonprofit technology,GB,Unauthorised access,MFA fatigue,Unattributed,Financially motivated,True,179,2022-10-19,2023-01-02,2023-01-14,75,Routine audit,9582647,donation_history|internal_email|phone|ssn_or_ni_number,,not_applicable,1,1269922985,yes,high,True,synthetic (Faker),
SYN-00558,Ransomware at Douglas Ltd,Douglas Ltd,private,Manufacturing,GB,Ransomware,Help-desk social engineering,Unattributed,Ransomware crew,False,,2023-01-03,2023-01-04,2023-01-05,1,Routine audit,20524,bank_details|email|employment|name|phone|postal_address|safeguarding_notes,1478008,no,3,3303288,unknown,medium,True,synthetic (Faker),
SYN-00606,Data breach at Stark PLC,Stark PLC,private,Retail,US,Data breach,Credential stuffing,Unattributed,Unknown,False,,2022-12-04,2023-01-12,2023-01-22,39,Internal detection,58792,date_of_birth|employment|health|phone|postal_address,,not_applicable,0,4310624,yes,medium,True,synthetic (Faker),
SYN-00908,Phishing campaign at Natalieview District Board,Natalieview District Board,public,Education,SG,Phishing campaign,Phishing,Unattributed,Unknown,False,,2022-12-15,2023-01-17,2023-01-21,33,Third-party notification,20613,email|name,,not_applicable,0,2359982,yes,medium,True,synthetic (Faker),
SYN-00932,Unauthorised access at Lake Russell Authority,Lake Russell Authority,public,Local government,AU,Unauthorised access,Compromised credentials,Unattributed,Ransomware crew,False,,2023-01-15,2023-01-26,2023-01-29,11,Third-party notification,45707,internal_email|name|passport,,not_applicable,1,1278612,yes,medium,True,synthetic (Faker),
SYN-00395,Destructive malware at Wayfarer Network,Wayfarer Network,nonprofit,Charity/Nonprofit,US,Destructive malware,Phishing,Unattributed,Financially motivated,False,,2023-01-25,2023-01-27,2023-02-01,2,Customer report,,not_applicable,1573532,no,24,333273,unknown,medium,True,synthetic (Faker),
SYN-00164,"Business email compromise at Morton, Medina and Webb","Morton, Medina and Webb",private,Manufacturing,FR,Business email compromise,Compromised credentials,DimStag,Ransomware crew,False,,2023-01-15,2023-01-29,2023-02-02,14,Internal detection,,not_applicable,,not_applicable,0,320569,no,low,True,synthetic (Faker),
SYN-00157,Unauthorised access at Allen-Walker,Allen-Walker,private,Financial services,GB,Unauthorised access,Compromised credentials,Unattributed,Unknown,False,,2022-12-26,2023-01-31,2023-02-26,36,Internal detection,448614,email|employment|name|postal_address|safeguarding_notes,,not_applicable,3,36920938,yes,medium,True,synthetic (Faker),
SYN-00400,"DDoS at Guerra, Blake and Harrison","Guerra, Blake and Harrison",private,Logistics,US,DDoS,Application-layer flood,Unattributed,Unknown,False,,2023-01-30,2023-02-04,2023-02-04,5,Internal detection,114,credentials|donation_history|email|name|passport|phone|postal_address,,not_applicable,3,479408,no,low,True,synthetic (Faker),
SYN-00032,"Ransomware at Duncan, Brown and Murray","Duncan, Brown and Murray",vendor,Software,US,Ransomware,Unpatched vulnerability,VelvetSiphon,Ransomware crew,False,,2023-02-07,2023-02-08,2023-02-11,1,Internal detection,9632,bank_details|employment|internal_email|postal_address,160859,undisclosed,42,1264079,yes,high,True,synthetic (Faker),
SYN-00541,"Ransomware at Wilson, Hendricks and Phillips","Wilson, Hendricks and Phillips",private,Legal/Professional,AU,Ransomware,Compromised credentials,AmberBastion,Ransomware crew,False,,2023-02-13,2023-02-14,2023-02-17,1,Customer report,185943,credentials|credit_card|email|health|internal_email|postal_address|safeguarding_notes,826246,yes,17,9453597,yes,high,True,synthetic (Faker),
>>>>>>> 8a74902011229c25354fcb7e063b9152ef665657
SYN-00206,Unauthorised access at Jones and Sons,Jones and Sons,private,Manufacturing,US,Unauthorised access,Compromised credentials,GlassMantis,Ransomware crew,False,,2023-02-09,2023-02-17,2023-02-21,8,Third-party notification,1412,bank_details|email|name|phone,,not_applicable,0,105613,yes,medium,True,synthetic (Faker),
SYN-00804,"Ransomware at Decker, Nguyen and Chavez","Decker, Nguyen and Chavez",private,Legal/Professional,GB,Ransomware,Compromised credentials,Unattributed,Ransomware crew,False,,2023-02-10,2023-02-17,2023-02-21,7,Internal detection,5052,email|employment|name|postal_address|safeguarding_notes,10444189,yes,115,6230405,yes,high,True,synthetic (Faker),
SYN-00407,"Unauthorised access at Lewis, Smith and Wilkins","Lewis, Smith and Wilkins",private,Manufacturing,US,Unauthorised access,MFA fatigue,RustVulture,Ransomware crew,False,,2022-12-11,2023-02-18,2023-02-20,69,Public leak / dark web,4562,credit_card|date_of_birth|email|name|phone|postal_address|safeguarding_notes,134170,undisclosed,1,257407,no,medium,True,synthetic (Faker),
SYN-00308,Unauthorised access at Wellbeing Care,Wellbeing Care,nonprofit,Charity/Nonprofit,FR,Unauthorised access,Compromised credentials,CobaltFinch,Ransomware crew,False,,2022-11-28,2023-02-19,2023-02-23,83,Third-party notification,7354,bank_details|donation_history|email|passport|phone|postal_address,,not_applicable,0,617265,yes,medium,True,synthetic (Faker),
<<<<<<< HEAD
SYN-01751,Ransomware at Mobility Care,Mobility Care,nonprofit,Charity/Nonprofit,GB,Ransomware,Compromised credentials,RustVulture,Ransomware crew,False,,2023-02-18,2023-02-19,2023-03-11,1,Internal detection,8663,donation_history|health|name|passport|postal_address|safeguarding_notes,67406,no,7,754178,yes,medium,True,synthetic (Faker),
SYN-00549,Business email compromise at Norton PLC,Norton PLC,private,Legal/Professional,US,Business email compromise,Phishing,Unattributed,Financially motivated,False,,2023-01-31,2023-02-21,2023-03-13,21,Internal detection,4266,bank_details|name|phone,,not_applicable,0,977543,yes,medium,True,synthetic (Faker),
SYN-01232,Business email compromise at Carey Group,Carey Group,private,Healthcare,US,Business email compromise,Compromised credentials,Unattributed,Ransomware crew,False,,2023-02-15,2023-02-24,2023-03-02,9,Security vendor / MDR,,not_applicable,,not_applicable,0,338438,unknown,medium,True,synthetic (Faker),
SYN-00209,Data breach at Holmesfurt Authority,Holmesfurt Authority,public,Local government,GB,Data breach,Unpatched vulnerability,Unattributed,Financially motivated,False,,2023-02-01,2023-02-25,2023-03-27,24,Internal detection,61236,employment|ssn_or_ni_number,,not_applicable,0,2911635,yes,medium,True,synthetic (Faker),
SYN-01275,"Data breach at Bowman, Ferguson and Stout","Bowman, Ferguson and Stout",vendor,Cloud/SaaS,CA,Data breach,Unpatched vulnerability,Unattributed,Unknown,True,844,2023-02-20,2023-02-25,2023-03-08,5,Third-party notification,1902920,credit_card|email|internal_email|passport|phone,,not_applicable,0,129398627,unknown,high,True,synthetic (Faker),
SYN-01466,Data breach at Rivers Network,Rivers Network,nonprofit,Charity/Nonprofit,SG,Data breach,Compromised credentials,IronMagpie,Ransomware crew,False,,2023-02-16,2023-02-25,2023-02-28,9,Third-party notification,43040,donation_history|health|name|postal_address,,not_applicable,0,,yes,medium,True,synthetic (Faker),
SYN-01499,"Data breach at Hancock, Wilson and Collins","Hancock, Wilson and Collins",private,Hospitality,GB,Data breach,Credential stuffing,Unattributed,Ransomware crew,False,,2023-02-24,2023-02-27,2023-03-04,3,Security vendor / MDR,1996858,internal_email|phone|safeguarding_notes,,not_applicable,0,348436548,no,high,True,synthetic (Faker),
SYN-01558,"Ransomware at Wilkins, Cruz and Perez","Wilkins, Cruz and Perez",private,Manufacturing,GB,Ransomware,Compromised credentials,RustVulture,Ransomware crew,False,,2023-02-21,2023-02-27,2023-03-10,6,Internal detection,1303,email|employment|phone|safeguarding_notes,755070,no,12,,yes,medium,True,synthetic (Faker),
SYN-01017,"Business email compromise at Taylor, Whittaker and Reid","Taylor, Whittaker and Reid",private,Financial services,IN,Business email compromise,Phishing,NineSpindle,Ransomware crew,False,,2023-02-15,2023-03-01,2023-04-04,14,Internal detection,,not_applicable,,not_applicable,1,457254,no,low,True,synthetic (Faker),
SYN-01010,"Ransomware at Jefferson, Marsh and Banks","Jefferson, Marsh and Banks",private,Healthcare,FR,Ransomware,Compromised credentials,NorthQuarry,Ransomware crew,False,,2023-03-03,2023-03-04,2023-03-14,1,Third-party notification,87652,date_of_birth|email|employment|health|name|ssn_or_ni_number,1230276,yes,9,15967454,yes,high,True,synthetic (Faker),
SYN-01437,"Data breach at Cross, Booth and Kirk","Cross, Booth and Kirk",private,Logistics,GB,Data breach,Credential stuffing,Unattributed,Unknown,False,,2022-12-27,2023-03-11,2023-03-18,74,Third-party notification,53884,bank_details|date_of_birth|donation_history|employment|passport|safeguarding_notes,,not_applicable,0,,yes,medium,True,synthetic (Faker),
SYN-01837,Data breach at South Marcusfort Council,South Marcusfort Council,public,Education,CA,Data breach,Compromised credentials,RustVulture,Ransomware crew,False,,2023-02-05,2023-03-13,2023-03-19,36,Security vendor / MDR,2708,email|employment|internal_email|name|postal_address,,not_applicable,0,757706,yes,low,True,synthetic (Faker),
SYN-00766,Data breach at Short-Hooper,Short-Hooper,private,Healthcare,GB,Data breach,Phishing,Unattributed,Nation state,False,,2023-03-13,2023-03-21,2023-03-25,8,Internal detection,128360,credit_card|health|internal_email|name|postal_address|safeguarding_notes|ssn_or_ni_number,,not_applicable,0,18253174,yes,medium,True,synthetic (Faker),
SYN-00819,"Ransomware at Grant, Bell and Tucker","Grant, Bell and Tucker",private,Logistics,GB,Ransomware,Exposed RDP/VPN,HollowLantern,Ransomware crew,False,,2023-03-21,2023-03-22,2023-03-31,1,Public leak / dark web,4676,credentials|credit_card|date_of_birth|donation_history|email|name|phone,544842,no,17,1824636,unknown,medium,True,synthetic (Faker),
SYN-00065,"Ransomware at Wright, Bibi and Burton","Wright, Bibi and Burton",private,Healthcare,CA,Ransomware,Compromised credentials,TinCathedral,Ransomware crew,False,,2023-03-14,2023-03-24,2023-03-27,10,Internal detection,27737,credentials|employment|health|name|passport|phone|postal_address,582174,no,9,2850702,yes,high,True,synthetic (Faker),
SYN-01666,Ransomware at Bowen Ltd,Bowen Ltd,private,Retail,US,Ransomware,Unpatched vulnerability,Unattributed,Ransomware crew,False,,2023-03-26,2023-03-26,2023-03-30,0,Internal detection,34610,bank_details|donation_history|email|internal_email|postal_address|safeguarding_notes|ssn_or_ni_number,179531,no,119,12051912,yes,high,True,synthetic (Faker),
SYN-01507,Insider incident at Kindling Society,Kindling Society,nonprofit,Charity/Nonprofit,IN,Insider incident,Negligent insider,Unattributed,Insider,False,,2023-01-31,2023-03-28,2023-03-28,56,Third-party notification,44221,date_of_birth|donation_history|email|name|phone,,not_applicable,4,2442214,yes,medium,True,synthetic (Faker),
SYN-00246,Data breach at Lake Christopher Authority,Lake Christopher Authority,public,Local government,US,Data breach,Phishing,Unattributed,Financially motivated,False,,2023-03-13,2023-03-29,2023-04-08,16,Internal detection,4891,date_of_birth|postal_address,,not_applicable,0,561732,yes,low,True,synthetic (Faker),
REAL-0008,Capita cyber incident,Capita,private,Outsourcing/BPO,GB,Ransomware,Phishing / malicious download,Black Basta,Ransomware crew,True,90,2023-03-22,2023-03-31,2023-04-03,9,Internal detection,6600000,name|postal_address|pension|ni_number|bank_details,,no,14,33000000,yes,critical,False,Capita statements; ICO investigation,Pension scheme data for hundreds of downstream clients; separate exposed-AWS-bucket incident.
SYN-00881,Data breach at Refuge Aid,Refuge Aid,nonprofit,Charity/Nonprofit,US,Data breach,Credential stuffing,IronMagpie,Ransomware crew,False,,2023-02-05,2023-04-04,2023-04-12,58,Security vendor / MDR,2459,donation_history|email|employment|internal_email|name|phone,,not_applicable,1,170403,yes,low,True,synthetic (Faker),
SYN-01703,Unauthorised access at East Albert Authority,East Albert Authority,public,Energy/Utilities,SG,Unauthorised access,Help-desk social engineering,Unattributed,Unknown,False,,2023-03-24,2023-04-04,2023-04-09,11,Internal detection,364,bank_details|credentials|email|name|postal_address,,not_applicable,8,909904,yes,medium,True,synthetic (Faker),
SYN-00876,Supply chain compromise at Bolton PLC,Bolton PLC,private,Logistics,FR,Supply chain compromise,Third-party supplier access,Unattributed,Nation state,True,5,2022-12-01,2023-04-05,2023-04-17,125,Security vendor / MDR,19640,bank_details|email|internal_email|name|passport|phone|postal_address,,not_applicable,1,1428628,yes,high,True,synthetic (Faker),
SYN-01393,Unauthorised access at Jones-Anderson,Jones-Anderson,private,Hospitality,GB,Unauthorised access,MFA fatigue,RustVulture,Ransomware crew,False,,2023-02-02,2023-04-05,2023-04-10,62,Internal detection,1109620,email|health|name|phone,,not_applicable,0,40112259,unknown,high,True,synthetic (Faker),
SYN-00275,Phishing campaign at Connolly-Morris,Connolly-Morris,private,Healthcare,IN,Phishing campaign,Phishing,RustVulture,Ransomware crew,False,,2023-03-31,2023-04-06,2023-04-30,6,Third-party notification,135854,bank_details|date_of_birth|health|passport|postal_address,,not_applicable,0,23445473,yes,medium,True,synthetic (Faker),
SYN-00586,Ransomware at Austin-Moore,Austin-Moore,private,Financial services,GB,Ransomware,Help-desk social engineering,DimStag,Ransomware crew,False,,2023-04-07,2023-04-08,2023-04-20,1,Internal detection,12093299,bank_details|email|employment|health|name|phone|postal_address,732434,yes,35,672865655,yes,critical,True,synthetic (Faker),
SYN-01291,Ransomware at Page LLC,Page LLC,private,Manufacturing,US,Ransomware,Phishing,PaleHydra,Ransomware crew,False,,2023-03-30,2023-04-08,2023-04-28,9,Security vendor / MDR,81348,email|phone|postal_address,652768,undisclosed,6,10862316,unknown,medium,True,synthetic (Faker),
SYN-01473,Supply chain compromise at Mendez Group,Mendez Group,private,Financial services,US,Supply chain compromise,Trojanised software update,AmberBastion,Ransomware crew,True,51,2022-11-08,2023-04-08,2023-04-15,151,Third-party notification,66609,credentials|employment|name|phone|postal_address|safeguarding_notes|ssn_or_ni_number,408482,undisclosed,0,5342017,yes,high,True,synthetic (Faker),
=======
SYN-00549,Business email compromise at Norton PLC,Norton PLC,private,Legal/Professional,US,Business email compromise,Phishing,Unattributed,Financially motivated,False,,2023-01-31,2023-02-21,2023-03-13,21,Internal detection,4266,bank_details|name|phone,,not_applicable,0,977543,yes,medium,True,synthetic (Faker),
SYN-00209,Data breach at Holmesfurt Authority,Holmesfurt Authority,public,Local government,GB,Data breach,Unpatched vulnerability,Unattributed,Financially motivated,False,,2023-02-01,2023-02-25,2023-03-27,24,Internal detection,61236,employment|ssn_or_ni_number,,not_applicable,0,2911635,yes,medium,True,synthetic (Faker),
SYN-00766,Data breach at Short-Hooper,Short-Hooper,private,Healthcare,GB,Data breach,Phishing,Unattributed,Nation state,False,,2023-03-13,2023-03-21,2023-03-25,8,Internal detection,128360,credit_card|health|internal_email|name|postal_address|safeguarding_notes|ssn_or_ni_number,,not_applicable,0,18253174,yes,medium,True,synthetic (Faker),
SYN-00819,"Ransomware at Grant, Bell and Tucker","Grant, Bell and Tucker",private,Logistics,GB,Ransomware,Exposed RDP/VPN,HollowLantern,Ransomware crew,False,,2023-03-21,2023-03-22,2023-03-31,1,Public leak / dark web,4676,credentials|credit_card|date_of_birth|donation_history|email|name|phone,544842,no,17,1824636,unknown,medium,True,synthetic (Faker),
SYN-00065,"Ransomware at Wright, Bibi and Burton","Wright, Bibi and Burton",private,Healthcare,CA,Ransomware,Compromised credentials,TinCathedral,Ransomware crew,False,,2023-03-14,2023-03-24,2023-03-27,10,Internal detection,27737,credentials|employment|health|name|passport|phone|postal_address,582174,no,9,2850702,yes,high,True,synthetic (Faker),
SYN-00246,Data breach at Lake Christopher Authority,Lake Christopher Authority,public,Local government,US,Data breach,Phishing,Unattributed,Financially motivated,False,,2023-03-13,2023-03-29,2023-04-08,16,Internal detection,4891,date_of_birth|postal_address,,not_applicable,0,561732,yes,low,True,synthetic (Faker),
REAL-0008,Capita cyber incident,Capita,private,Outsourcing/BPO,GB,Ransomware,Phishing / malicious download,Black Basta,Ransomware crew,True,90,2023-03-22,2023-03-31,2023-04-03,9,Internal detection,6600000,name|postal_address|pension|ni_number|bank_details,,no,14,33000000,yes,critical,False,Capita statements; ICO investigation,Pension scheme data for hundreds of downstream clients; separate exposed-AWS-bucket incident.
SYN-00881,Data breach at Refuge Aid,Refuge Aid,nonprofit,Charity/Nonprofit,US,Data breach,Credential stuffing,IronMagpie,Ransomware crew,False,,2023-02-05,2023-04-04,2023-04-12,58,Security vendor / MDR,2459,donation_history|email|employment|internal_email|name|phone,,not_applicable,1,170403,yes,low,True,synthetic (Faker),
SYN-00876,Supply chain compromise at Bolton PLC,Bolton PLC,private,Logistics,FR,Supply chain compromise,Third-party supplier access,Unattributed,Nation state,True,5,2022-12-01,2023-04-05,2023-04-17,125,Security vendor / MDR,19640,bank_details|email|internal_email|name|passport|phone|postal_address,,not_applicable,1,1428628,yes,high,True,synthetic (Faker),
SYN-00275,Phishing campaign at Connolly-Morris,Connolly-Morris,private,Healthcare,IN,Phishing campaign,Phishing,RustVulture,Ransomware crew,False,,2023-03-31,2023-04-06,2023-04-30,6,Third-party notification,135854,bank_details|date_of_birth|health|passport|postal_address,,not_applicable,0,23445473,yes,medium,True,synthetic (Faker),
SYN-00586,Ransomware at Austin-Moore,Austin-Moore,private,Financial services,GB,Ransomware,Help-desk social engineering,DimStag,Ransomware crew,False,,2023-04-07,2023-04-08,2023-04-20,1,Internal detection,12093299,bank_details|email|employment|health|name|phone|postal_address,732434,yes,35,672865655,yes,critical,True,synthetic (Faker),
>>>>>>> 8a74902011229c25354fcb7e063b9152ef665657
SYN-00331,Phishing campaign at Ericport Council,Ericport Council,public,Education,SG,Phishing campaign,Phishing,Unattributed,Unknown,False,,2023-02-11,2023-04-09,2023-04-18,57,Law enforcement notification,18006,employment|internal_email|name|phone|postal_address|safeguarding_notes,,not_applicable,0,2250033,yes,medium,True,synthetic (Faker),
SYN-00890,"Ransomware at Brown, Goodwin and Contreras","Brown, Goodwin and Contreras",private,Healthcare,SG,Ransomware,Unpatched vulnerability,HollowLantern,Ransomware crew,False,,2023-03-31,2023-04-09,2023-04-28,9,Internal detection,204605,credentials|email|health|name|phone|safeguarding_notes|ssn_or_ni_number,100073,no,4,,yes,medium,True,synthetic (Faker),
SYN-00058,Business email compromise at House-Glover,House-Glover,vendor,Software,FR,Business email compromise,Phishing,Unattributed,Financially motivated,False,,2023-04-07,2023-04-10,2023-04-14,3,Law enforcement notification,,not_applicable,,not_applicable,0,224922,unknown,low,True,synthetic (Faker),
SYN-00448,Ransomware at Smith Group,Smith Group,private,Manufacturing,GB,Ransomware,Unpatched vulnerability,ObsidianKoi,Ransomware crew,False,,2023-04-10,2023-04-10,2023-04-15,0,Public leak / dark web,8670,credentials|email|passport|phone|postal_address,263413,undisclosed,44,,no,medium,True,synthetic (Faker),
SYN-00685,Data breach at Baker Ltd,Baker Ltd,private,Manufacturing,DE,Data breach,Misconfigured cloud storage,SlateWarden,Ransomware crew,False,,2023-02-13,2023-04-10,2023-04-13,56,Security vendor / MDR,959,credentials|email|name|passport|phone|postal_address,,not_applicable,0,115234,yes,low,True,synthetic (Faker),
SYN-00645,Ransomware at North Adamport Council,North Adamport Council,public,Education,US,Ransomware,Compromised credentials,NorthQuarry,Ransomware crew,False,,2023-03-30,2023-04-11,2023-04-13,12,Third-party notification,2160,credentials|credit_card|email|phone|postal_address|ssn_or_ni_number,58411,no,126,,yes,high,True,synthetic (Faker),
SYN-00958,Business email compromise at Ball-Knight,Ball-Knight,private,Retail,US,Business email compromise,Phishing,Unattributed,Ransomware crew,False,,2023-03-30,2023-04-11,2023-04-19,12,Internal detection,,not_applicable,,not_applicable,0,207865,no,medium,True,synthetic (Faker),
SYN-00440,Business email compromise at Payne and Sons,Payne and Sons,private,Retail,IE,Business email compromise,Phishing,Unattributed,Insider,False,,2023-03-10,2023-04-12,2023-04-18,33,Third-party notification,,not_applicable,116265,no,0,116378,no,medium,True,synthetic (Faker),
SYN-00865,Insider incident at Cooper Ltd,Cooper Ltd,private,Retail,GB,Insider incident,Malicious insider,Unattributed,Insider,False,,2023-03-06,2023-04-12,2023-04-14,37,Internal detection,1212059,date_of_birth|email|health|name|phone|postal_address|ssn_or_ni_number,74253,undisclosed,0,,yes,high,True,synthetic (Faker),
<<<<<<< HEAD
SYN-01504,Data breach at Lantern Foundation,Lantern Foundation,nonprofit,Charity/Nonprofit,NL,Data breach,Compromised credentials,HollowLantern,Ransomware crew,False,,2023-03-21,2023-04-12,2023-04-18,22,Security vendor / MDR,813555,donation_history|email|internal_email|name|passport|postal_address|safeguarding_notes,,not_applicable,6,59168142,yes,high,True,synthetic (Faker),
SYN-01637,"Phishing campaign at Brooks, Brown and Donnelly","Brooks, Brown and Donnelly",private,Financial services,DE,Phishing campaign,Phishing,Unattributed,Financially motivated,False,,2023-04-08,2023-04-13,2023-04-23,5,Law enforcement notification,1297,credit_card|postal_address,,not_applicable,0,464471,yes,low,True,synthetic (Faker),
SYN-01986,Ransomware at Davis-Guerrero,Davis-Guerrero,vendor,Software,US,Ransomware,Unpatched vulnerability,Unattributed,Ransomware crew,True,92,2023-04-06,2023-04-13,2023-04-21,7,Third-party notification,123813,bank_details|credentials|credit_card|health|safeguarding_notes,61200,no,1,3345048,unknown,high,True,synthetic (Faker),
SYN-00145,Data breach at Murphymouth Authority,Murphymouth Authority,public,Local government,US,Data breach,Misconfigured cloud storage,TinCathedral,Ransomware crew,False,,2023-03-30,2023-04-14,2023-04-23,15,Internal detection,4600,bank_details|donation_history|email|health|passport|phone,,not_applicable,0,687803,yes,medium,True,synthetic (Faker),
SYN-00340,"Phishing campaign at Doherty, King and Nixon","Doherty, King and Nixon",vendor,Software,CA,Phishing campaign,Phishing,Unattributed,Ransomware crew,False,,2023-02-24,2023-04-14,2023-04-18,49,Third-party notification,76183,email|postal_address,100307,undisclosed,0,,unknown,medium,True,synthetic (Faker),
SYN-01870,"Data breach at Barber, Brown and Gonzalez","Barber, Brown and Gonzalez",private,Healthcare,GB,Data breach,Credential stuffing,Unattributed,Ransomware crew,False,,2023-03-28,2023-04-14,2023-04-18,17,Internal detection,168705,health|name|passport,838809,undisclosed,0,6223080,yes,medium,True,synthetic (Faker),
SYN-01728,Ransomware at Smith Inc,Smith Inc,vendor,Cloud/SaaS,IN,Ransomware,Unpatched vulnerability,TinCathedral,Ransomware crew,False,,2023-04-13,2023-04-15,2023-04-21,2,Customer report,61110517,credit_card|employment|internal_email|phone|safeguarding_notes,170534,no,37,1587893763,yes,critical,True,synthetic (Faker),
SYN-01799,Business email compromise at Martin-Mason,Martin-Mason,private,Healthcare,GB,Business email compromise,Compromised credentials,CobaltFinch,Ransomware crew,False,,2023-02-11,2023-04-15,2023-04-27,63,Third-party notification,,not_applicable,,not_applicable,0,170933,no,medium,True,synthetic (Faker),
SYN-00360,"Data breach at Taylor, Davis and Richards","Taylor, Davis and Richards",vendor,Cloud/SaaS,GB,Data breach,Unpatched vulnerability,Unattributed,Financially motivated,True,466,2023-03-09,2023-04-17,2023-04-22,39,Routine audit,982999,health|postal_address|safeguarding_notes,,not_applicable,8,24906411,unknown,high,True,synthetic (Faker),
SYN-01122,"Ransomware at Silva, Cunningham and Diaz","Silva, Cunningham and Diaz",private,Retail,NL,Ransomware,Phishing,IronMagpie,Ransomware crew,False,,2023-04-09,2023-04-17,2023-04-29,8,Internal detection,70372,email|internal_email|name|ssn_or_ni_number,1054593,yes,13,10107124,yes,high,True,synthetic (Faker),
SYN-01911,Ransomware at Mclaughlin-House,Mclaughlin-House,private,Logistics,US,Ransomware,Phishing,IronMagpie,Ransomware crew,False,,2023-04-14,2023-04-17,2023-04-20,3,Third-party notification,38467,email|phone,972658,undisclosed,19,,unknown,medium,True,synthetic (Faker),
=======
SYN-00145,Data breach at Murphymouth Authority,Murphymouth Authority,public,Local government,US,Data breach,Misconfigured cloud storage,TinCathedral,Ransomware crew,False,,2023-03-30,2023-04-14,2023-04-23,15,Internal detection,4600,bank_details|donation_history|email|health|passport|phone,,not_applicable,0,687803,yes,medium,True,synthetic (Faker),
SYN-00340,"Phishing campaign at Doherty, King and Nixon","Doherty, King and Nixon",vendor,Software,CA,Phishing campaign,Phishing,Unattributed,Ransomware crew,False,,2023-02-24,2023-04-14,2023-04-18,49,Third-party notification,76183,email|postal_address,100307,undisclosed,0,,unknown,medium,True,synthetic (Faker),
SYN-00360,"Data breach at Taylor, Davis and Richards","Taylor, Davis and Richards",vendor,Cloud/SaaS,GB,Data breach,Unpatched vulnerability,Unattributed,Financially motivated,True,466,2023-03-09,2023-04-17,2023-04-22,39,Routine audit,982999,health|postal_address|safeguarding_notes,,not_applicable,8,24906411,unknown,high,True,synthetic (Faker),
>>>>>>> 8a74902011229c25354fcb7e063b9152ef665657
SYN-00352,Ransomware at Watson Ltd,Watson Ltd,vendor,Software,US,Ransomware,Compromised credentials,Unattributed,Ransomware crew,False,,2023-04-18,2023-04-18,2023-04-25,0,Internal detection,464911,bank_details|credentials|donation_history|email|name|passport|postal_address,4243583,undisclosed,1,13418242,yes,medium,True,synthetic (Faker),
SYN-00446,"Ransomware at Freeman, Ball and Barton","Freeman, Ball and Barton",private,Healthcare,FR,Ransomware,Unpatched vulnerability,VelvetSiphon,Ransomware crew,False,,2023-04-19,2023-04-19,2023-04-22,0,Third-party notification,20248,email|health|phone,41818,undisclosed,20,4927591,yes,high,True,synthetic (Faker),
SYN-00625,Data breach at Kelly Ltd,Kelly Ltd,private,Logistics,SG,Data breach,Misconfigured cloud storage,Unattributed,Unknown,False,,2023-03-30,2023-04-19,2023-04-22,20,Routine audit,174243,credentials|credit_card|name|phone,,not_applicable,3,19004301,yes,medium,True,synthetic (Faker),
SYN-00309,Supply chain compromise at Jenkins-Collins,Jenkins-Collins,vendor,Software,GB,Supply chain compromise,Third-party supplier access,Unattributed,Financially motivated,True,38,2023-03-12,2023-04-21,2023-05-06,40,Internal detection,1810648,credentials|email|employment|name|phone|ssn_or_ni_number,,not_applicable,2,,yes,high,True,synthetic (Faker),
SYN-00755,"Business email compromise at Johnson, Boone and Liu","Johnson, Boone and Liu",private,Logistics,GB,Business email compromise,Phishing,IronMagpie,Ransomware crew,False,,2023-04-01,2023-04-21,2023-05-02,20,Internal detection,,not_applicable,,not_applicable,0,250035,no,medium,True,synthetic (Faker),
<<<<<<< HEAD
SYN-01866,Data breach at Ahmed-Johnson,Ahmed-Johnson,vendor,Nonprofit technology,IE,Data breach,Compromised credentials,CobaltFinch,Ransomware crew,True,30,2022-12-11,2023-04-21,2023-04-29,131,Customer report,1089445,donation_history|email|name|phone|safeguarding_notes,,not_applicable,9,112024054,yes,critical,True,synthetic (Faker),
SYN-01557,"Phishing campaign at Munoz, Simmons and White","Munoz, Simmons and White",private,Retail,GB,Phishing campaign,Phishing,Unattributed,Ransomware crew,False,,2023-03-19,2023-04-22,2023-05-02,34,Law enforcement notification,518814,email|employment|name|passport|phone|safeguarding_notes|ssn_or_ni_number,,not_applicable,0,,yes,medium,True,synthetic (Faker),
SYN-01524,"Data breach at Webb, Warren and Roberts","Webb, Warren and Roberts",private,Financial services,US,Data breach,Compromised credentials,NineSpindle,Ransomware crew,False,,2023-04-23,2023-04-25,2023-04-28,2,Internal detection,83294,credit_card|donation_history|email|postal_address,,not_applicable,6,,yes,medium,True,synthetic (Faker),
SYN-01534,"DDoS at Davis, Wallace and Parker","Davis, Wallace and Parker",private,Financial services,GB,DDoS,Volumetric flood,Unattributed,Financially motivated,False,,2023-04-22,2023-04-26,2023-04-29,4,Internal detection,,not_applicable,,not_applicable,1,256732,unknown,low,True,synthetic (Faker),
SYN-01920,"Data breach at Anderson, Thompson and Watkins","Anderson, Thompson and Watkins",private,Healthcare,GB,Data breach,Compromised credentials,IronMagpie,Nation state,False,,2023-03-11,2023-04-26,2023-04-29,46,Third-party notification,21108,bank_details|credentials|date_of_birth|employment|health|phone|postal_address,641800,undisclosed,10,4651785,yes,high,True,synthetic (Faker),
SYN-00827,Ransomware at Rivers Foundation,Rivers Foundation,nonprofit,Charity/Nonprofit,GB,Ransomware,Compromised credentials,Unattributed,Ransomware crew,False,,2023-04-27,2023-04-28,2023-05-12,1,Third-party notification,116,date_of_birth|donation_history|name|phone|safeguarding_notes,29770271,undisclosed,19,,yes,medium,True,synthetic (Faker),
SYN-00581,Data breach at Lantern Foundation,Lantern Foundation,nonprofit,Charity/Nonprofit,US,Data breach,Compromised credentials,IronMagpie,Nation state,False,,2023-04-28,2023-05-02,2023-05-08,4,Third-party notification,467444,email|employment|name|phone|postal_address,,not_applicable,0,15069873,yes,medium,True,synthetic (Faker),
SYN-00651,Data breach at Hughes-Miller,Hughes-Miller,vendor,Cloud/SaaS,US,Data breach,Compromised credentials,Unattributed,Hacktivist,True,690,2023-01-30,2023-05-03,2023-05-04,93,Customer report,2287918,date_of_birth|passport,,not_applicable,0,,unknown,high,True,synthetic (Faker),
SYN-01298,Phishing campaign at Lantern Appeal,Lantern Appeal,nonprofit,Charity/Nonprofit,DE,Phishing campaign,Phishing,TinCathedral,Ransomware crew,False,,2022-12-27,2023-05-03,2023-05-06,127,Internal detection,3110,donation_history|name|postal_address,,not_applicable,0,308512,yes,low,True,synthetic (Faker),
SYN-01945,Data breach at Andersonmouth District Board,Andersonmouth District Board,public,Energy/Utilities,AU,Data breach,Compromised credentials,Unattributed,Financially motivated,False,,2023-04-23,2023-05-03,2023-05-27,10,Internal detection,12535,email|health|phone|safeguarding_notes,,not_applicable,1,2104118,yes,medium,True,synthetic (Faker),
SYN-00130,Unauthorised access at Walton-Larsen,Walton-Larsen,private,Healthcare,AU,Unauthorised access,Exposed RDP/VPN,Unattributed,Financially motivated,False,,2023-03-23,2023-05-04,2023-05-29,42,Internal detection,105623,credentials|donation_history|email|employment|health|passport|phone,626782,no,0,13082105,yes,medium,True,synthetic (Faker),
SYN-01169,Ransomware at New Katy District Board,New Katy District Board,public,Education,FR,Ransomware,Unpatched vulnerability,SlateWarden,Ransomware crew,False,,2023-04-28,2023-05-04,2023-05-06,6,Internal detection,638805,date_of_birth|email,6159726,yes,36,,yes,high,True,synthetic (Faker),
SYN-00390,Ransomware at Leefort NHS Trust,Leefort NHS Trust,public,Local government,IE,Ransomware,Exposed RDP/VPN,IronMagpie,Ransomware crew,False,,2023-04-27,2023-05-05,2023-05-26,8,Third-party notification,10928,email|phone|postal_address,301530,yes,15,,yes,medium,True,synthetic (Faker),
SYN-01372,Phishing campaign at Moore-Jones,Moore-Jones,private,Retail,CA,Phishing campaign,Phishing,Unattributed,Nation state,False,,2022-10-23,2023-05-06,2023-05-18,195,Third-party notification,1023721,credentials|donation_history|employment|passport|phone|postal_address|ssn_or_ni_number,,not_applicable,1,150899979,yes,high,True,synthetic (Faker),
SYN-00069,Business email compromise at Johnson-Moore,Johnson-Moore,private,Retail,IN,Business email compromise,Compromised credentials,RustVulture,Ransomware crew,False,,2023-04-05,2023-05-07,2023-05-31,32,Security vendor / MDR,,not_applicable,,not_applicable,2,,unknown,medium,True,synthetic (Faker),
SYN-01560,Ransomware at House-Johnston,House-Johnston,private,Logistics,CA,Ransomware,Unpatched vulnerability,NorthQuarry,Ransomware crew,False,,2023-05-03,2023-05-07,2023-05-17,4,Internal detection,18392,date_of_birth|phone,1542037,no,22,,no,medium,True,synthetic (Faker),
SYN-00980,Destructive malware at Brown-Wilson,Brown-Wilson,private,Manufacturing,DE,Destructive malware,Unpatched vulnerability,Unattributed,Nation state,False,,2023-05-04,2023-05-08,2023-05-12,4,Public leak / dark web,40,health|name,7438307,yes,108,9017998,unknown,high,True,synthetic (Faker),
SYN-01216,Data breach at Zacharytown Council,Zacharytown Council,public,Education,GB,Data breach,Misconfigured cloud storage,NineSpindle,Ransomware crew,False,,2023-01-13,2023-05-08,2023-05-12,115,Security vendor / MDR,5906,health|internal_email|name|postal_address,,not_applicable,0,545817,yes,medium,True,synthetic (Faker),
SYN-01651,Supply chain compromise at North Antonyland District Board,North Antonyland District Board,public,Education,GB,Supply chain compromise,Third-party supplier access,DimStag,Ransomware crew,True,28,2023-04-04,2023-05-09,2023-05-16,35,Internal detection,7235,employment|name,,not_applicable,0,1339639,yes,medium,True,synthetic (Faker),
SYN-01090,Ransomware at Allenbury Council,Allenbury Council,public,Local government,GB,Ransomware,Phishing,AmberBastion,Ransomware crew,False,,2023-05-05,2023-05-10,2023-05-28,5,Routine audit,16709,bank_details|donation_history|email|name|phone|postal_address,2944973,no,10,,yes,high,True,synthetic (Faker),
SYN-00858,Unauthorised access at Foster PLC,Foster PLC,private,Legal/Professional,US,Unauthorised access,Compromised credentials,ObsidianKoi,Ransomware crew,False,,2023-05-05,2023-05-11,2023-05-14,6,Third-party notification,380,credentials|donation_history|name|phone|postal_address|safeguarding_notes,,not_applicable,0,338626,yes,medium,True,synthetic (Faker),
SYN-01563,Business email compromise at Nataliehaven Authority,Nataliehaven Authority,public,Education,GB,Business email compromise,MFA fatigue,Unattributed,Financially motivated,False,,2023-02-24,2023-05-12,2023-05-23,77,Internal detection,,not_applicable,,not_applicable,0,284960,no,low,True,synthetic (Faker),
SYN-01665,Data breach at Thornton Group,Thornton Group,vendor,Cloud/SaaS,US,Data breach,Compromised credentials,Unattributed,Financially motivated,True,624,2023-05-09,2023-05-13,2023-05-18,4,Internal detection,4036577,bank_details|credentials|date_of_birth|employment|health|name|phone,,not_applicable,5,454201246,yes,high,True,synthetic (Faker),
SYN-01584,Data breach at Alvarez-Alvarez,Alvarez-Alvarez,private,Retail,AU,Data breach,Compromised credentials,NineSpindle,Ransomware crew,False,,2023-04-01,2023-05-14,2023-05-19,43,Public leak / dark web,81414,passport|postal_address,,not_applicable,11,13952273,yes,medium,True,synthetic (Faker),
SYN-01807,Ransomware at Carter-Cole,Carter-Cole,private,Retail,DE,Ransomware,Compromised credentials,Unattributed,Ransomware crew,False,,2023-05-15,2023-05-16,2023-05-20,1,Internal detection,296976,employment|internal_email|name|phone|postal_address,24274374,yes,4,,yes,medium,True,synthetic (Faker),
SYN-01789,"DDoS at Wilson, Harvey and Clarke","Wilson, Harvey and Clarke",private,Logistics,GB,DDoS,Volumetric flood,AmberBastion,Ransomware crew,False,,2023-05-17,2023-05-19,2023-05-31,2,Security vendor / MDR,1999,date_of_birth|donation_history|employment|name|safeguarding_notes,,not_applicable,1,511023,no,medium,True,synthetic (Faker),
SYN-01804,Ransomware at Lee Group,Lee Group,private,Financial services,GB,Ransomware,Exposed RDP/VPN,Unattributed,Ransomware crew,False,,2023-05-20,2023-05-20,2023-05-22,0,Law enforcement notification,890910,credentials|email|name|postal_address|ssn_or_ni_number,47039,yes,10,,yes,high,True,synthetic (Faker),
SYN-01754,Data breach at East Leon District Board,East Leon District Board,public,Energy/Utilities,GB,Data breach,Compromised credentials,Unattributed,Ransomware crew,False,,2023-05-07,2023-05-21,2023-05-26,14,Internal detection,275404,email|phone|postal_address|ssn_or_ni_number,,not_applicable,6,35084338,yes,high,True,synthetic (Faker),
SYN-01836,"Data breach at Spencer, Ryan and Harrison","Spencer, Ryan and Harrison",private,Hospitality,DE,Data breach,Compromised credentials,CobaltFinch,Nation state,False,,2023-05-05,2023-05-21,2023-06-14,16,Security vendor / MDR,13438,email|health|internal_email|name|phone|postal_address|ssn_or_ni_number,,not_applicable,0,2715377,yes,medium,True,synthetic (Faker),
SYN-01842,Supply chain compromise at Bell-Stanley,Bell-Stanley,vendor,Cloud/SaaS,IE,Supply chain compromise,Third-party supplier access,HollowLantern,Ransomware crew,True,160,2023-03-12,2023-05-23,2023-06-26,72,Internal detection,116963278,name|postal_address|ssn_or_ni_number,,not_applicable,0,,no,high,True,synthetic (Faker),
SYN-01444,Unauthorised access at Walton-Thomas,Walton-Thomas,private,Manufacturing,US,Unauthorised access,MFA fatigue,NineSpindle,Ransomware crew,False,,2023-05-21,2023-05-25,2023-05-28,4,Internal detection,2887,bank_details|donation_history|employment|name|phone|postal_address|safeguarding_notes,,not_applicable,4,570808,yes,medium,True,synthetic (Faker),
SYN-01910,Business email compromise at Taylor-West,Taylor-West,private,Healthcare,GB,Business email compromise,Phishing,Unattributed,Ransomware crew,False,,2023-05-04,2023-05-25,2023-06-21,21,Customer report,,not_applicable,,not_applicable,0,394617,unknown,medium,True,synthetic (Faker),
SYN-01913,"Insider incident at Smith, Collins and Burton","Smith, Collins and Burton",private,Manufacturing,AU,Insider incident,Malicious insider,Unattributed,Insider,False,,2023-04-29,2023-05-26,2023-06-03,27,Third-party notification,1657,credentials|email|employment|name|postal_address|safeguarding_notes|ssn_or_ni_number,,not_applicable,0,313421,yes,medium,True,synthetic (Faker),
SYN-01327,"Supply chain compromise at Lopez, Smith and Vincent","Lopez, Smith and Vincent",private,Manufacturing,CA,Supply chain compromise,Trojanised software update,Unattributed,Financially motivated,True,175,2023-05-03,2023-05-27,2023-06-01,24,Internal detection,181065,date_of_birth|donation_history|email|phone|postal_address,118273,undisclosed,2,8223878,yes,medium,True,synthetic (Faker),
SYN-01431,"Ransomware at Powell, Robinson and Thomas","Powell, Robinson and Thomas",private,Healthcare,US,Ransomware,Unpatched vulnerability,SlateWarden,Ransomware crew,False,,2023-05-21,2023-05-27,2023-05-30,6,Internal detection,2854,email|health|postal_address|ssn_or_ni_number,1388026,no,32,727441,yes,high,True,synthetic (Faker),
SYN-01757,Ransomware at Thompson-Murray,Thompson-Murray,private,Financial services,US,Ransomware,Phishing,SlateWarden,Ransomware crew,False,,2023-05-20,2023-05-27,2023-05-30,7,Internal detection,398099,bank_details|donation_history|email|health|passport|phone,942937,undisclosed,5,,yes,medium,True,synthetic (Faker),
SYN-01675,"Data breach at Evans, Phillips and Goodwin","Evans, Phillips and Goodwin",private,Healthcare,FR,Data breach,Compromised credentials,Unattributed,Unknown,False,,2023-05-24,2023-05-28,2023-05-29,4,Security vendor / MDR,950371,credit_card|donation_history|health|name|passport|postal_address,,not_applicable,0,128275047,yes,medium,True,synthetic (Faker),
SYN-01680,"Insider incident at Morgan, Davis and Hopkins","Morgan, Davis and Hopkins",private,Manufacturing,GB,Insider incident,Negligent insider,Unattributed,Insider,False,,2023-05-21,2023-05-28,2023-06-01,7,Internal detection,15786,bank_details|name,,not_applicable,0,1121518,unknown,medium,True,synthetic (Faker),
SYN-01806,Ransomware at Harvey-Griffiths,Harvey-Griffiths,private,Healthcare,GB,Ransomware,Compromised credentials,NorthQuarry,Ransomware crew,False,,2023-05-27,2023-05-28,2023-05-29,1,Customer report,99014,credentials|email|health|internal_email|name|phone|postal_address|safeguarding_notes,650117,no,49,10667818,yes,high,True,synthetic (Faker),
REAL-0003,MOVEit Transfer mass exploitation,Progress Software (MOVEit),vendor,Software,US,Data breach,Zero-day exploit (CVE-2023-34362),Cl0p,Ransomware crew,True,2770,2023-05-27,2023-05-31,2023-06-05,4,Vendor disclosure,95000000,name|email|postal_address|ssn|financial|health,,no,0,,yes,critical,False,Emsisoft MOVEit tracker; CISA advisory AA23-158A,Largest single supply-chain data-theft event on record by downstream org count.
SYN-00840,Ransomware at Evansburgh Council,Evansburgh Council,public,Education,GB,Ransomware,Phishing,GlassMantis,Ransomware crew,False,,2023-05-29,2023-05-31,2023-06-07,2,Internal detection,153418,bank_details|email|name|passport|phone|postal_address|safeguarding_notes,6461619,undisclosed,7,19213075,yes,high,True,synthetic (Faker),
SYN-01450,Unauthorised access at Sims-Wilson,Sims-Wilson,private,Retail,US,Unauthorised access,Exposed RDP/VPN,Unattributed,Financially motivated,False,,2023-05-30,2023-06-01,2023-06-07,2,Internal detection,1460,bank_details|credentials|email|employment|internal_email|name|phone,499753,undisclosed,0,240388,yes,medium,True,synthetic (Faker),
SYN-00504,"Business email compromise at Martin, Rose and Adams","Martin, Rose and Adams",private,Logistics,DE,Business email compromise,MFA fatigue,Unattributed,Unknown,False,,2023-05-18,2023-06-02,2023-06-13,15,Security vendor / MDR,,not_applicable,,not_applicable,5,442898,no,medium,True,synthetic (Faker),
SYN-01561,Data breach at Pearce Ltd,Pearce Ltd,private,Retail,AU,Data breach,Misconfigured cloud storage,IronMagpie,Ransomware crew,False,,2023-05-08,2023-06-03,2023-06-05,26,Law enforcement notification,21357,date_of_birth|email|employment|name|phone|postal_address|ssn_or_ni_number,160801,undisclosed,0,3008069,yes,medium,True,synthetic (Faker),
=======
SYN-00827,Ransomware at Rivers Foundation,Rivers Foundation,nonprofit,Charity/Nonprofit,GB,Ransomware,Compromised credentials,Unattributed,Ransomware crew,False,,2023-04-27,2023-04-28,2023-05-12,1,Third-party notification,116,date_of_birth|donation_history|name|phone|safeguarding_notes,29770271,undisclosed,19,,yes,medium,True,synthetic (Faker),
SYN-00581,Data breach at Lantern Foundation,Lantern Foundation,nonprofit,Charity/Nonprofit,US,Data breach,Compromised credentials,IronMagpie,Nation state,False,,2023-04-28,2023-05-02,2023-05-08,4,Third-party notification,467444,email|employment|name|phone|postal_address,,not_applicable,0,15069873,yes,medium,True,synthetic (Faker),
SYN-00651,Data breach at Hughes-Miller,Hughes-Miller,vendor,Cloud/SaaS,US,Data breach,Compromised credentials,Unattributed,Hacktivist,True,690,2023-01-30,2023-05-03,2023-05-04,93,Customer report,2287918,date_of_birth|passport,,not_applicable,0,,unknown,high,True,synthetic (Faker),
SYN-00130,Unauthorised access at Walton-Larsen,Walton-Larsen,private,Healthcare,AU,Unauthorised access,Exposed RDP/VPN,Unattributed,Financially motivated,False,,2023-03-23,2023-05-04,2023-05-29,42,Internal detection,105623,credentials|donation_history|email|employment|health|passport|phone,626782,no,0,13082105,yes,medium,True,synthetic (Faker),
SYN-00390,Ransomware at Leefort NHS Trust,Leefort NHS Trust,public,Local government,IE,Ransomware,Exposed RDP/VPN,IronMagpie,Ransomware crew,False,,2023-04-27,2023-05-05,2023-05-26,8,Third-party notification,10928,email|phone|postal_address,301530,yes,15,,yes,medium,True,synthetic (Faker),
SYN-00069,Business email compromise at Johnson-Moore,Johnson-Moore,private,Retail,IN,Business email compromise,Compromised credentials,RustVulture,Ransomware crew,False,,2023-04-05,2023-05-07,2023-05-31,32,Security vendor / MDR,,not_applicable,,not_applicable,2,,unknown,medium,True,synthetic (Faker),
SYN-00980,Destructive malware at Brown-Wilson,Brown-Wilson,private,Manufacturing,DE,Destructive malware,Unpatched vulnerability,Unattributed,Nation state,False,,2023-05-04,2023-05-08,2023-05-12,4,Public leak / dark web,40,health|name,7438307,yes,108,9017998,unknown,high,True,synthetic (Faker),
SYN-00858,Unauthorised access at Foster PLC,Foster PLC,private,Legal/Professional,US,Unauthorised access,Compromised credentials,ObsidianKoi,Ransomware crew,False,,2023-05-05,2023-05-11,2023-05-14,6,Third-party notification,380,credentials|donation_history|name|phone|postal_address|safeguarding_notes,,not_applicable,0,338626,yes,medium,True,synthetic (Faker),
REAL-0003,MOVEit Transfer mass exploitation,Progress Software (MOVEit),vendor,Software,US,Data breach,Zero-day exploit (CVE-2023-34362),Cl0p,Ransomware crew,True,2770,2023-05-27,2023-05-31,2023-06-05,4,Vendor disclosure,95000000,name|email|postal_address|ssn|financial|health,,no,0,,yes,critical,False,Emsisoft MOVEit tracker; CISA advisory AA23-158A,Largest single supply-chain data-theft event on record by downstream org count.
SYN-00840,Ransomware at Evansburgh Council,Evansburgh Council,public,Education,GB,Ransomware,Phishing,GlassMantis,Ransomware crew,False,,2023-05-29,2023-05-31,2023-06-07,2,Internal detection,153418,bank_details|email|name|passport|phone|postal_address|safeguarding_notes,6461619,undisclosed,7,19213075,yes,high,True,synthetic (Faker),
SYN-00504,"Business email compromise at Martin, Rose and Adams","Martin, Rose and Adams",private,Logistics,DE,Business email compromise,MFA fatigue,Unattributed,Unknown,False,,2023-05-18,2023-06-02,2023-06-13,15,Security vendor / MDR,,not_applicable,,not_applicable,5,442898,no,medium,True,synthetic (Faker),
>>>>>>> 8a74902011229c25354fcb7e063b9152ef665657
SYN-00211,"Ransomware at Morris, Wright and Davis","Morris, Wright and Davis",private,Logistics,IN,Ransomware,Compromised credentials,DimStag,Ransomware crew,False,,2023-05-17,2023-06-04,2023-06-18,18,Law enforcement notification,23018,email|internal_email|phone|postal_address,610274,no,5,3901963,unknown,medium,True,synthetic (Faker),
SYN-00484,Phishing campaign at Mobility Society,Mobility Society,nonprofit,Charity/Nonprofit,IN,Phishing campaign,Phishing,Unattributed,Ransomware crew,False,,2023-05-16,2023-06-04,2023-06-16,19,Third-party notification,1369,credit_card|donation_history|phone|postal_address,,not_applicable,7,299511,yes,medium,True,synthetic (Faker),
SYN-00739,Unauthorised access at Lynch-Campbell,Lynch-Campbell,private,Logistics,US,Unauthorised access,Compromised credentials,Unattributed,Ransomware crew,False,,2023-05-10,2023-06-05,2023-06-08,26,Security vendor / MDR,617,email|postal_address,,not_applicable,2,341332,yes,low,True,synthetic (Faker),
SYN-00189,Ransomware at Mendoza-Peterson,Mendoza-Peterson,private,Legal/Professional,GB,Ransomware,Phishing,HollowLantern,Ransomware crew,False,,2023-06-04,2023-06-06,2023-06-20,2,Law enforcement notification,11608,bank_details|phone,1073074,no,4,1899453,yes,medium,True,synthetic (Faker),
<<<<<<< HEAD
SYN-01899,Ransomware at Vegaview Council,Vegaview Council,public,Energy/Utilities,IE,Ransomware,Unpatched vulnerability,Unattributed,Ransomware crew,False,,2023-05-19,2023-06-07,2023-06-18,19,Security vendor / MDR,9126,email|name|phone|postal_address|safeguarding_notes,16052,no,5,,yes,medium,True,synthetic (Faker),
SYN-01430,"Business email compromise at Griffiths, Murphy and Shaw","Griffiths, Murphy and Shaw",private,Retail,US,Business email compromise,Compromised credentials,Unattributed,Ransomware crew,False,,2023-05-06,2023-06-10,2023-06-10,35,Internal detection,,not_applicable,,not_applicable,5,,unknown,medium,True,synthetic (Faker),
SYN-01604,Business email compromise at Booth LLC,Booth LLC,private,Retail,US,Business email compromise,Compromised credentials,RustVulture,Ransomware crew,False,,2023-01-14,2023-06-10,2023-06-18,147,Customer report,,not_applicable,,not_applicable,3,,no,medium,True,synthetic (Faker),
SYN-01813,"Ransomware at Garcia, Kim and Barrett","Garcia, Kim and Barrett",private,Retail,FR,Ransomware,Third-party supplier access,DimStag,Ransomware crew,True,19,2023-06-08,2023-06-10,2023-06-17,2,Law enforcement notification,1860183,email|name|phone|postal_address,4494583,yes,34,85554940,yes,critical,True,synthetic (Faker),
SYN-00087,"Unauthorised access at Shields, Cochran and Adams","Shields, Cochran and Adams",vendor,Software,GB,Unauthorised access,Insecure API endpoint,Unattributed,Financially motivated,True,37,2023-05-24,2023-06-11,2023-06-16,18,Law enforcement notification,539413,email|employment|name|passport|phone|postal_address,,not_applicable,1,12372237,yes,medium,True,synthetic (Faker),
SYN-01067,Insider incident at Coopermouth NHS Trust,Coopermouth NHS Trust,public,Local government,US,Insider incident,Negligent insider,Unattributed,Insider,False,,2023-02-06,2023-06-11,2023-06-19,125,Internal detection,41514,bank_details|credit_card|date_of_birth|employment|name,,not_applicable,1,,yes,medium,True,synthetic (Faker),
SYN-00305,Supply chain compromise at Edwards-Williams,Edwards-Williams,vendor,Cloud/SaaS,IE,Supply chain compromise,Third-party supplier access,Unattributed,Ransomware crew,True,832,2023-05-23,2023-06-13,2023-06-19,21,Security vendor / MDR,2476623,donation_history|email|name|phone|postal_address|safeguarding_notes|ssn_or_ni_number,,not_applicable,3,,yes,high,True,synthetic (Faker),
SYN-01263,Supply chain compromise at Wayfarer Care,Wayfarer Care,nonprofit,Charity/Nonprofit,GB,Supply chain compromise,Compromised credentials,Unattributed,Financially motivated,True,86,2023-02-04,2023-06-15,2023-06-30,131,Customer report,29933,credentials|date_of_birth|email|employment|phone|postal_address|safeguarding_notes,,not_applicable,0,1969895,yes,high,True,synthetic (Faker),
SYN-00194,"Supply chain compromise at Carlson, Montgomery and Rowe","Carlson, Montgomery and Rowe",private,Manufacturing,IN,Supply chain compromise,Third-party supplier access,Unattributed,Hacktivist,True,253,2022-10-19,2023-06-17,2023-06-23,241,Routine audit,1201,date_of_birth|phone,,not_applicable,0,,unknown,medium,True,synthetic (Faker),
SYN-01825,"Insider incident at Johnson, White and Jacobs","Johnson, White and Jacobs",private,Hospitality,GB,Insider incident,Negligent insider,Unattributed,Insider,False,,2023-05-05,2023-06-17,2023-06-24,43,Security vendor / MDR,5566,email|employment|health|postal_address|safeguarding_notes|ssn_or_ni_number,,not_applicable,0,495108,yes,medium,True,synthetic (Faker),
=======
SYN-00087,"Unauthorised access at Shields, Cochran and Adams","Shields, Cochran and Adams",vendor,Software,GB,Unauthorised access,Insecure API endpoint,Unattributed,Financially motivated,True,37,2023-05-24,2023-06-11,2023-06-16,18,Law enforcement notification,539413,email|employment|name|passport|phone|postal_address,,not_applicable,1,12372237,yes,medium,True,synthetic (Faker),
SYN-00305,Supply chain compromise at Edwards-Williams,Edwards-Williams,vendor,Cloud/SaaS,IE,Supply chain compromise,Third-party supplier access,Unattributed,Ransomware crew,True,832,2023-05-23,2023-06-13,2023-06-19,21,Security vendor / MDR,2476623,donation_history|email|name|phone|postal_address|safeguarding_notes|ssn_or_ni_number,,not_applicable,3,,yes,high,True,synthetic (Faker),
SYN-00194,"Supply chain compromise at Carlson, Montgomery and Rowe","Carlson, Montgomery and Rowe",private,Manufacturing,IN,Supply chain compromise,Third-party supplier access,Unattributed,Hacktivist,True,253,2022-10-19,2023-06-17,2023-06-23,241,Routine audit,1201,date_of_birth|phone,,not_applicable,0,,unknown,medium,True,synthetic (Faker),
>>>>>>> 8a74902011229c25354fcb7e063b9152ef665657
SYN-00694,"Ransomware at Church, Edwards and Price","Church, Edwards and Price",private,Retail,AU,Ransomware,Exposed RDP/VPN,TinCathedral,Ransomware crew,False,,2023-06-01,2023-06-18,2023-06-25,17,Internal detection,37526,bank_details|date_of_birth|name|postal_address,684087,no,5,3385359,yes,medium,True,synthetic (Faker),
SYN-00568,Data breach at Hall-Peters,Hall-Peters,private,Financial services,GB,Data breach,Unpatched vulnerability,Unattributed,Ransomware crew,False,,2023-05-30,2023-06-19,2023-07-05,20,Customer report,108756,credentials|donation_history|email|health|name|phone|postal_address,,not_applicable,0,,yes,medium,True,synthetic (Faker),
SYN-00820,Phishing campaign at Poole Group,Poole Group,private,Financial services,FR,Phishing campaign,Phishing,RustVulture,Ransomware crew,False,,2023-05-27,2023-06-19,2023-07-03,23,Routine audit,127819,bank_details|date_of_birth|internal_email|ssn_or_ni_number,,not_applicable,1,6836054,yes,medium,True,synthetic (Faker),
SYN-00948,Ransomware at Green-Barnes,Green-Barnes,private,Retail,IE,Ransomware,Help-desk social engineering,Unattributed,Ransomware crew,False,,2023-06-15,2023-06-19,2023-06-20,4,Internal detection,2103863,bank_details|email|health|name|phone|postal_address|safeguarding_notes,660445,no,11,277243239,yes,high,True,synthetic (Faker),
<<<<<<< HEAD
SYN-01535,Ransomware at George Ltd,George Ltd,private,Financial services,GB,Ransomware,Compromised credentials,AmberBastion,Ransomware crew,False,,2023-06-19,2023-06-19,2023-06-25,0,Security vendor / MDR,318399,email|employment|name|passport|phone,1051555,no,2,19419766,yes,medium,True,synthetic (Faker),
SYN-01281,Data breach at Smith-Jordan,Smith-Jordan,vendor,Cloud/SaaS,US,Data breach,Phishing,Unattributed,Hacktivist,False,,2023-04-30,2023-06-23,2023-07-12,54,Security vendor / MDR,478842,date_of_birth|email,,not_applicable,0,71624863,yes,medium,True,synthetic (Faker),
SYN-01220,Ransomware at Valentine Ltd,Valentine Ltd,private,Financial services,US,Ransomware,Exposed RDP/VPN,CobaltFinch,Ransomware crew,False,,2023-06-19,2023-06-25,2023-07-02,6,Third-party notification,4793,date_of_birth|email|internal_email|name|passport|phone,1931338,yes,76,6551087,yes,medium,True,synthetic (Faker),
SYN-01746,Phishing campaign at Mobility Fund,Mobility Fund,nonprofit,Charity/Nonprofit,US,Phishing campaign,Phishing,Unattributed,Financially motivated,False,,2023-06-15,2023-06-25,2023-06-28,10,Internal detection,4452,credentials|date_of_birth|internal_email|passport|phone|postal_address|ssn_or_ni_number,,not_applicable,0,,yes,medium,True,synthetic (Faker),
SYN-00237,Ransomware at Morris-Cole,Morris-Cole,private,Logistics,US,Ransomware,Compromised credentials,CobaltFinch,Ransomware crew,False,,2023-06-08,2023-06-26,2023-07-08,18,Public leak / dark web,3280,bank_details|email|health|internal_email|phone|postal_address,789279,no,14,1288765,unknown,medium,True,synthetic (Faker),
SYN-00136,Ransomware at Youth Care,Youth Care,nonprofit,Charity/Nonprofit,US,Ransomware,Compromised credentials,Unattributed,Ransomware crew,False,,2023-06-25,2023-06-27,2023-07-04,2,Security vendor / MDR,9412,credit_card|postal_address,726753,no,24,,yes,medium,True,synthetic (Faker),
SYN-01034,"Data breach at Sandoval, Baldwin and Wilson","Sandoval, Baldwin and Wilson",private,Hospitality,DE,Data breach,Credential stuffing,Unattributed,Financially motivated,False,,2023-05-25,2023-06-27,2023-07-01,33,Third-party notification,42944,credit_card|email|internal_email|name|phone|ssn_or_ni_number,,not_applicable,0,,unknown,medium,True,synthetic (Faker),
SYN-01257,Data breach at Welch-Duncan,Welch-Duncan,vendor,Nonprofit technology,US,Data breach,Credential stuffing,GlassMantis,Nation state,False,,2023-06-12,2023-07-04,2023-07-09,22,Internal detection,291616,bank_details|date_of_birth|postal_address,124293,no,2,36824268,yes,medium,True,synthetic (Faker),
SYN-00652,"Data breach at Reynolds, Richardson and Thompson","Reynolds, Richardson and Thompson",vendor,Cloud/SaaS,US,Data breach,Compromised credentials,CobaltFinch,Ransomware crew,True,746,2023-02-02,2023-07-06,2023-07-08,154,Routine audit,4107262,email|name|phone|postal_address,,not_applicable,1,253027567,yes,high,True,synthetic (Faker),
SYN-00805,Data breach at Curtis and Sons,Curtis and Sons,vendor,Cloud/SaaS,GB,Data breach,Misconfigured cloud storage,Unattributed,Financially motivated,True,167,2023-05-13,2023-07-09,2023-07-13,57,Security vendor / MDR,558721,date_of_birth|email|employment|name|phone|postal_address,,not_applicable,0,57401800,unknown,medium,True,synthetic (Faker),
SYN-00984,Ransomware at Shelter Appeal,Shelter Appeal,nonprofit,Charity/Nonprofit,IN,Ransomware,Unpatched vulnerability,Unattributed,Ransomware crew,False,,2023-06-27,2023-07-09,2023-07-24,12,Third-party notification,884,employment|phone,7166990,no,36,371513,yes,medium,True,synthetic (Faker),
SYN-01333,Ransomware at North Danielle District Board,North Danielle District Board,public,Energy/Utilities,AU,Ransomware,Unpatched vulnerability,VelvetSiphon,Ransomware crew,False,,2023-07-09,2023-07-09,2023-07-11,0,Third-party notification,308024,email|ssn_or_ni_number,63038,no,220,,yes,high,True,synthetic (Faker),
SYN-00288,"Business email compromise at Owen, Poole and Berry","Owen, Poole and Berry",vendor,Cloud/SaaS,GB,Business email compromise,Phishing,SlateWarden,Ransomware crew,False,,2023-07-07,2023-07-12,2023-08-18,5,Internal detection,,not_applicable,,not_applicable,5,588802,unknown,medium,True,synthetic (Faker),
SYN-00422,Data breach at Martinez-Richardson,Martinez-Richardson,vendor,Software,IN,Data breach,Compromised credentials,VelvetSiphon,Ransomware crew,False,,2023-06-25,2023-07-12,2023-07-17,17,Internal detection,332829,internal_email|name|phone,,not_applicable,0,32753162,yes,medium,True,synthetic (Faker),
SYN-01628,Unauthorised access at Miller-Chen,Miller-Chen,private,Healthcare,CA,Unauthorised access,Compromised credentials,Unattributed,Ransomware crew,False,,2023-06-15,2023-07-13,2023-08-10,28,Customer report,578328,donation_history|employment|health|name|phone,59650,no,0,94614432,yes,medium,True,synthetic (Faker),
SYN-01750,Data breach at Wood Group,Wood Group,vendor,Nonprofit technology,IN,Data breach,Compromised credentials,GlassMantis,Ransomware crew,False,,2023-06-24,2023-07-16,2023-07-23,22,Internal detection,27203,credit_card|date_of_birth|donation_history|phone|safeguarding_notes,,not_applicable,10,2515297,yes,high,True,synthetic (Faker),
SYN-01776,Ransomware at Smith PLC,Smith PLC,private,Financial services,GB,Ransomware,Phishing,Unattributed,Ransomware crew,False,,2023-07-13,2023-07-16,2023-07-17,3,Law enforcement notification,127424,date_of_birth|internal_email|phone,227558,yes,21,18516064,yes,medium,True,synthetic (Faker),
SYN-00924,Unauthorised access at Heritage Foundation,Heritage Foundation,nonprofit,Charity/Nonprofit,IE,Unauthorised access,MFA fatigue,Unattributed,Unknown,False,,2023-06-28,2023-07-18,2023-07-22,20,Internal detection,4083,donation_history|email|postal_address,,not_applicable,4,326450,yes,low,True,synthetic (Faker),
SYN-01869,Ransomware at Sharonside District Board,Sharonside District Board,public,Local government,US,Ransomware,Compromised credentials,SlateWarden,Ransomware crew,False,,2023-07-16,2023-07-18,2023-07-23,2,Internal detection,3490,date_of_birth|internal_email|name|phone|safeguarding_notes|ssn_or_ni_number,725754,no,26,1345792,yes,medium,True,synthetic (Faker),
SYN-00429,Ransomware at Youth Support,Youth Support,nonprofit,Charity/Nonprofit,GB,Ransomware,Compromised credentials,HollowLantern,Ransomware crew,False,,2023-07-20,2023-07-21,2023-07-25,1,Routine audit,31955,email|health|postal_address,8166633,no,32,,yes,high,True,synthetic (Faker),
SYN-01611,Phishing campaign at Carpenterfort NHS Trust,Carpenterfort NHS Trust,public,Local government,GB,Phishing campaign,Phishing,Unattributed,Unknown,False,,2023-07-18,2023-07-22,2023-07-24,4,Public leak / dark web,57340,donation_history|email|health|name|phone|postal_address|ssn_or_ni_number,,not_applicable,6,7475000,yes,high,True,synthetic (Faker),
SYN-00860,Ransomware at West Stanley Authority,West Stanley Authority,public,Local government,AU,Ransomware,Unpatched vulnerability,Unattributed,Ransomware crew,False,,2023-07-23,2023-07-24,2023-07-29,1,Customer report,18148,date_of_birth|donation_history|email|name|phone,29336,yes,2,,yes,medium,True,synthetic (Faker),
SYN-01321,Data breach at Sutton-Jones,Sutton-Jones,private,Healthcare,GB,Data breach,Unpatched vulnerability,VelvetSiphon,Ransomware crew,False,,2023-07-11,2023-07-24,2023-07-31,13,Security vendor / MDR,1478223,bank_details|email|employment|health|postal_address|ssn_or_ni_number,,not_applicable,0,,yes,high,True,synthetic (Faker),
SYN-01460,Data breach at Youth Society,Youth Society,nonprofit,Charity/Nonprofit,GB,Data breach,Insecure API endpoint,IronMagpie,Ransomware crew,False,,2023-06-28,2023-07-24,2023-08-03,26,Routine audit,980,credentials|donation_history|email|phone|safeguarding_notes,,not_applicable,0,238594,yes,medium,True,synthetic (Faker),
SYN-01120,Data breach at Kirby Inc,Kirby Inc,vendor,Nonprofit technology,US,Data breach,Compromised credentials,CobaltFinch,Ransomware crew,True,4313,2023-07-15,2023-07-25,2023-08-14,10,Public leak / dark web,333961,credentials|ssn_or_ni_number,,not_applicable,0,29330755,yes,high,True,synthetic (Faker),
SYN-01210,"Ransomware at Harris, May and Roberts","Harris, May and Roberts",private,Retail,DE,Ransomware,Help-desk social engineering,Unattributed,Ransomware crew,False,,2023-07-23,2023-07-25,2023-08-06,2,Routine audit,168418,credentials|credit_card|email|internal_email|phone|postal_address|safeguarding_notes,3960182,no,23,17664928,yes,high,True,synthetic (Faker),
SYN-00468,Ransomware at West Michelle NHS Trust,West Michelle NHS Trust,public,Local government,NL,Ransomware,Unpatched vulnerability,NineSpindle,Ransomware crew,False,,2023-07-25,2023-07-26,2023-08-12,1,Security vendor / MDR,11299,health|name|phone|postal_address,1651993,no,3,,yes,medium,True,synthetic (Faker),
SYN-00480,Data breach at Lowe-Morgan,Lowe-Morgan,vendor,Software,IE,Data breach,Insecure API endpoint,NineSpindle,Ransomware crew,False,,2022-10-15,2023-07-26,2023-09-15,284,Routine audit,87140,donation_history|health|postal_address,156317,no,0,13331996,yes,medium,True,synthetic (Faker),
SYN-00768,Ransomware at Harrison-Elliott,Harrison-Elliott,private,Retail,CA,Ransomware,Third-party supplier access,SlateWarden,Ransomware crew,True,71,2023-07-17,2023-07-27,2023-08-04,10,Third-party notification,107393,name|phone,70562,no,10,12884598,yes,high,True,synthetic (Faker),
SYN-01219,Ransomware at Gomez-Shannon,Gomez-Shannon,private,Manufacturing,US,Ransomware,Unpatched vulnerability,VelvetSiphon,Ransomware crew,False,,2023-07-25,2023-07-27,2023-08-08,2,Third-party notification,19632,credentials|email|internal_email|name|phone|postal_address|safeguarding_notes,1121717,no,51,,yes,high,True,synthetic (Faker),
SYN-01895,Data breach at Shelter Fund,Shelter Fund,nonprofit,Charity/Nonprofit,DE,Data breach,Phishing,Unattributed,Ransomware crew,False,,2023-07-13,2023-07-31,2023-07-31,18,Security vendor / MDR,36095,bank_details|donation_history|email|name|postal_address,,not_applicable,0,957440,yes,medium,True,synthetic (Faker),
SYN-00240,Business email compromise at Port Meganville Council,Port Meganville Council,public,Local government,CA,Business email compromise,Compromised credentials,VelvetSiphon,Nation state,False,,2023-07-25,2023-08-01,2023-08-06,7,Security vendor / MDR,,not_applicable,31530,undisclosed,1,408709,no,low,True,synthetic (Faker),
SYN-00262,Ransomware at Smith-Grimes,Smith-Grimes,private,Healthcare,SG,Ransomware,Compromised credentials,NorthQuarry,Ransomware crew,False,,2023-08-02,2023-08-03,2023-08-04,1,Internal detection,325223,email|health|phone,136455,no,16,10807759,yes,high,True,synthetic (Faker),
SYN-01737,"Data breach at Briggs, Woodward and Cook","Briggs, Woodward and Cook",private,Manufacturing,FR,Data breach,Third-party supplier access,Unattributed,Ransomware crew,True,63,2023-08-01,2023-08-06,2023-08-07,5,Internal detection,12936,email|phone,,not_applicable,0,751607,unknown,medium,True,synthetic (Faker),
SYN-01677,Supply chain compromise at Shelter Network,Shelter Network,nonprofit,Charity/Nonprofit,GB,Supply chain compromise,Compromised credentials,Unattributed,Unknown,True,297,2023-07-22,2023-08-08,2023-08-12,17,Third-party notification,271030,donation_history|internal_email|name|phone|postal_address,,not_applicable,1,3798765,yes,medium,True,synthetic (Faker),
SYN-01452,Business email compromise at Stephensonfort Council,Stephensonfort Council,public,Local government,GB,Business email compromise,Phishing,IronMagpie,Nation state,False,,2023-05-22,2023-08-09,2023-08-12,79,Security vendor / MDR,,not_applicable,,not_applicable,4,269497,no,medium,True,synthetic (Faker),
SYN-00544,Data breach at Morris-Butler,Morris-Butler,vendor,Nonprofit technology,DE,Data breach,Misconfigured cloud storage,Unattributed,Unknown,False,,2023-05-01,2023-08-11,2023-08-15,102,Public leak / dark web,97377,credentials|date_of_birth|health|passport|phone|postal_address,,not_applicable,0,15151218,yes,medium,True,synthetic (Faker),
SYN-00896,"Phishing campaign at Bradshaw, Lewis and Bradshaw","Bradshaw, Lewis and Bradshaw",private,Manufacturing,GB,Phishing campaign,Phishing,Unattributed,Financially motivated,False,,2023-07-17,2023-08-11,2023-08-14,25,Third-party notification,2232,postal_address|safeguarding_notes,,not_applicable,2,479661,unknown,medium,True,synthetic (Faker),
SYN-01416,Ransomware at Shaw-Carroll,Shaw-Carroll,private,Healthcare,US,Ransomware,Phishing,SlateWarden,Ransomware crew,False,,2023-08-10,2023-08-11,2023-08-23,1,Security vendor / MDR,108697,credit_card|donation_history|email|health|postal_address|safeguarding_notes,24177721,no,31,,yes,high,True,synthetic (Faker),
SYN-01805,Unauthorised access at New Jeremy Council,New Jeremy Council,public,Energy/Utilities,US,Unauthorised access,MFA fatigue,ObsidianKoi,Ransomware crew,False,,2023-08-13,2023-08-15,2023-08-25,2,Internal detection,9141,bank_details|credentials|email|passport|postal_address,,not_applicable,2,872013,yes,medium,True,synthetic (Faker),
SYN-01613,Ransomware at South Garryville District Board,South Garryville District Board,public,Local government,US,Ransomware,Phishing,IronMagpie,Ransomware crew,False,,2023-08-15,2023-08-17,2023-09-01,2,Internal detection,118345,email|employment|internal_email|name|passport|phone|postal_address,375266,yes,6,7466954,yes,medium,True,synthetic (Faker),
SYN-00543,Supply chain compromise at Lantern Support,Lantern Support,nonprofit,Charity/Nonprofit,GB,Supply chain compromise,Compromised credentials,Unattributed,Unknown,True,35,2023-06-12,2023-08-18,2023-08-24,67,Security vendor / MDR,5962,bank_details|donation_history|email|phone,31131,undisclosed,2,340606,yes,medium,True,synthetic (Faker),
SYN-00659,Ransomware at Cook-Ochoa,Cook-Ochoa,private,Retail,DE,Ransomware,Exposed RDP/VPN,GlassMantis,Ransomware crew,False,,2023-08-20,2023-08-21,2023-08-27,1,Internal detection,7580722,donation_history|health|passport|postal_address|safeguarding_notes,423469,yes,101,,yes,critical,True,synthetic (Faker),
SYN-01144,Business email compromise at Shelter Alliance,Shelter Alliance,nonprofit,Charity/Nonprofit,AU,Business email compromise,Phishing,RustVulture,Ransomware crew,False,,2023-06-27,2023-08-21,2023-08-25,55,Law enforcement notification,,not_applicable,,not_applicable,3,83319,no,medium,True,synthetic (Faker),
SYN-01409,Data breach at Smith-Gould,Smith-Gould,vendor,Software,GB,Data breach,Third-party supplier access,VelvetSiphon,Ransomware crew,True,172,2023-08-14,2023-08-22,2023-08-27,8,Routine audit,2549531,internal_email|name,,not_applicable,0,145901887,yes,high,True,synthetic (Faker),
SYN-01610,Data breach at Thompson-Jones,Thompson-Jones,private,Healthcare,GB,Data breach,Compromised credentials,IronMagpie,Nation state,False,,2023-06-12,2023-08-25,2023-08-28,74,Internal detection,295672,date_of_birth|employment|health|name|phone|postal_address,,not_applicable,0,48232248,yes,medium,True,synthetic (Faker),
SYN-01018,DDoS at Maureenhaven District Board,Maureenhaven District Board,public,Local government,US,DDoS,Volumetric flood,Unattributed,Unknown,False,,2023-08-26,2023-08-28,2023-09-18,2,Internal detection,,not_applicable,,not_applicable,1,234179,no,medium,True,synthetic (Faker),
SYN-01656,DDoS at Barnes-Grant,Barnes-Grant,private,Manufacturing,FR,DDoS,Volumetric flood,IronMagpie,Ransomware crew,False,,2023-08-28,2023-08-28,2023-08-31,0,Security vendor / MDR,240,date_of_birth|donation_history|passport|postal_address,,not_applicable,1,354754,no,low,True,synthetic (Faker),
SYN-00832,Data breach at Lake Nicole District Board,Lake Nicole District Board,public,Education,US,Data breach,Misconfigured cloud storage,Unattributed,Financially motivated,False,,2023-06-23,2023-08-30,2023-09-01,68,Law enforcement notification,1260827,credit_card|email|internal_email|name|phone|postal_address|safeguarding_notes,,not_applicable,2,129381439,yes,high,True,synthetic (Faker),
SYN-01112,"Supply chain compromise at Kelley, Miller and Clark","Kelley, Miller and Clark",private,Hospitality,SG,Supply chain compromise,Third-party supplier access,Unattributed,Financially motivated,True,21,2022-12-11,2023-08-31,2023-10-07,263,Third-party notification,134922,email|internal_email,,not_applicable,2,,yes,medium,True,synthetic (Faker),
SYN-01229,Ransomware at White-Duran,White-Duran,private,Legal/Professional,AU,Ransomware,Third-party supplier access,IronMagpie,Ransomware crew,True,50,2023-08-31,2023-09-02,2023-09-22,2,Internal detection,14775,credentials|date_of_birth|name|phone|postal_address,1310276,undisclosed,2,1481155,yes,medium,True,synthetic (Faker),
SYN-01564,Ransomware at East Meganland NHS Trust,East Meganland NHS Trust,public,Education,GB,Ransomware,Compromised credentials,DimStag,Ransomware crew,False,,2023-08-31,2023-09-02,2023-09-10,2,Law enforcement notification,2457,credit_card|date_of_birth|employment|name|passport|phone|postal_address,2384560,undisclosed,50,,yes,medium,True,synthetic (Faker),
SYN-00556,"Data breach at Hall, Gough and Wood","Hall, Gough and Wood",private,Healthcare,GB,Data breach,Compromised credentials,Unattributed,Unknown,False,,2023-04-17,2023-09-03,2023-09-08,139,Internal detection,540241,credit_card|employment|health|internal_email|phone|postal_address,,not_applicable,0,94102155,yes,medium,True,synthetic (Faker),
SYN-00610,Business email compromise at Goddard Inc,Goddard Inc,private,Healthcare,US,Business email compromise,Compromised credentials,Unattributed,Unknown,False,,2023-07-10,2023-09-09,2023-09-27,61,Third-party notification,,not_applicable,,not_applicable,2,,no,medium,True,synthetic (Faker),
REAL-0016,MGM Resorts social-engineering attack,MGM Resorts International,private,Hospitality,US,Ransomware,Vishing / help-desk social engineering,Scattered Spider + ALPHV,Ransomware crew,False,,2023-09-08,2023-09-10,2023-09-11,2,Internal detection,10600000,name|postal_address|date_of_birth|drivers_licence|ssn,,no,10,100000000,yes,high,False,"MGM 8-K filings, Oct 2023",Help-desk identity verification bypassed by phone.
SYN-01293,Business email compromise at Espinoza Ltd,Espinoza Ltd,private,Legal/Professional,GB,Business email compromise,Phishing,Unattributed,Financially motivated,False,,2023-08-27,2023-09-11,2023-10-20,15,Routine audit,,not_applicable,,not_applicable,20,598571,no,medium,True,synthetic (Faker),
SYN-01356,Unauthorised access at West Claire Authority,West Claire Authority,public,Education,AU,Unauthorised access,Exposed RDP/VPN,NorthQuarry,Ransomware crew,False,,2023-08-28,2023-09-11,2023-09-21,14,Internal detection,65152,postal_address|safeguarding_notes,,not_applicable,0,6382524,yes,medium,True,synthetic (Faker),
SYN-01350,Insider incident at Rivers Fund,Rivers Fund,nonprofit,Charity/Nonprofit,GB,Insider incident,Malicious insider,Unattributed,Insider,False,,2023-07-06,2023-09-13,2023-09-19,69,Third-party notification,159207,donation_history|email|postal_address,,not_applicable,2,,yes,medium,True,synthetic (Faker),
SYN-00393,"Supply chain compromise at Hernandez, Kim and Potts","Hernandez, Kim and Potts",private,Retail,US,Supply chain compromise,Trojanised software update,Unattributed,Hacktivist,True,20,2023-06-30,2023-09-14,2023-09-16,76,Internal detection,383238,name|phone,,not_applicable,22,66839380,yes,high,True,synthetic (Faker),
SYN-00530,Ransomware at Port William Authority,Port William Authority,public,Local government,US,Ransomware,Compromised credentials,PaleHydra,Ransomware crew,False,,2023-09-12,2023-09-14,2023-09-28,2,Law enforcement notification,192370,bank_details|health,10579374,no,12,12665636,yes,high,True,synthetic (Faker),
SYN-01722,Unauthorised access at Mccormick and Sons,Mccormick and Sons,private,Financial services,GB,Unauthorised access,MFA fatigue,Unattributed,Unknown,False,,2023-08-06,2023-09-16,2023-09-18,41,Third-party notification,117505,date_of_birth|passport|phone,,not_applicable,2,14308785,yes,medium,True,synthetic (Faker),
SYN-00738,Business email compromise at Johnson-Wood,Johnson-Wood,private,Healthcare,FR,Business email compromise,Phishing,Unattributed,Hacktivist,False,,2023-09-02,2023-09-18,2023-09-30,16,Security vendor / MDR,,not_applicable,,not_applicable,4,543758,unknown,medium,True,synthetic (Faker),
SYN-01361,Ransomware at Deleon LLC,Deleon LLC,vendor,Cloud/SaaS,US,Ransomware,Exposed RDP/VPN,IronMagpie,Ransomware crew,False,,2023-09-08,2023-09-18,2023-09-30,10,Internal detection,80754,credit_card|donation_history|internal_email|name|phone|postal_address,45163,no,13,5606882,yes,medium,True,synthetic (Faker),
SYN-00092,Business email compromise at Beacon Hill Aid,Beacon Hill Aid,nonprofit,Charity/Nonprofit,DE,Business email compromise,Phishing,Unattributed,Ransomware crew,False,,2023-05-29,2023-09-19,2023-09-23,113,Law enforcement notification,,not_applicable,,not_applicable,0,89439,no,medium,True,synthetic (Faker),
SYN-01412,"Ransomware at Thornton, Mills and Taylor","Thornton, Mills and Taylor",private,Manufacturing,FR,Ransomware,Compromised credentials,Unattributed,Ransomware crew,False,,2023-09-12,2023-09-20,2023-09-24,8,Public leak / dark web,2190,date_of_birth|passport|postal_address,2010397,no,39,3440518,unknown,medium,True,synthetic (Faker),
SYN-01470,"Phishing campaign at Elliott, Johnson and Scott","Elliott, Johnson and Scott",private,Logistics,NL,Phishing campaign,Phishing,Unattributed,Unknown,False,,2023-08-20,2023-09-20,2023-09-21,31,Third-party notification,369,donation_history|name|postal_address|safeguarding_notes,,not_applicable,0,252313,yes,medium,True,synthetic (Faker),
SYN-01132,Ransomware at Harvest Aid,Harvest Aid,nonprofit,Charity/Nonprofit,GB,Ransomware,Phishing,IronMagpie,Ransomware crew,False,,2023-09-27,2023-09-27,2023-10-06,0,Security vendor / MDR,255800,internal_email|name|phone|postal_address,5268852,no,20,,yes,medium,True,synthetic (Faker),
SYN-01832,Insider incident at Edwards-Bennett,Edwards-Bennett,private,Financial services,US,Insider incident,Malicious insider,Unattributed,Insider,False,,2023-07-24,2023-09-29,2023-10-14,67,Internal detection,51056,date_of_birth|health|postal_address,,not_applicable,0,,yes,medium,True,synthetic (Faker),
SYN-00874,"Ransomware at Johnson, Dunlap and Martin","Johnson, Dunlap and Martin",private,Healthcare,US,Ransomware,Help-desk social engineering,RustVulture,Ransomware crew,False,,2023-09-30,2023-09-30,2023-10-07,0,Third-party notification,61965,email|health|phone,110481,no,4,2633279,yes,medium,True,synthetic (Faker),
SYN-01643,Data breach at Lee-James,Lee-James,private,Manufacturing,GB,Data breach,Misconfigured cloud storage,SlateWarden,Ransomware crew,False,,2023-05-27,2023-09-30,2023-09-30,126,Internal detection,279,email|postal_address|safeguarding_notes,,not_applicable,0,402642,yes,medium,True,synthetic (Faker),
SYN-00047,Ransomware at Mobility Fund,Mobility Fund,nonprofit,Charity/Nonprofit,DE,Ransomware,Exposed RDP/VPN,HollowLantern,Ransomware crew,False,,2023-09-30,2023-10-01,2023-10-05,1,Third-party notification,16982,date_of_birth|donation_history|employment|name|postal_address|ssn_or_ni_number,268060,no,14,1350792,yes,high,True,synthetic (Faker),
REAL-0020,Okta support case-file breach,Okta,vendor,Identity/SaaS,US,Data breach,Compromised credentials (service account),Unattributed,Unknown,True,134,2023-09-28,2023-10-02,2023-10-20,4,Third-party notification,,session_tokens|support_case_files,,not_applicable,0,,yes,high,False,"Okta security incident updates, Oct-Nov 2023",Customer flagged it before the vendor confirmed — detection-gap case study.
SYN-01086,Unauthorised access at Wayfarer Network,Wayfarer Network,nonprofit,Charity/Nonprofit,AU,Unauthorised access,Help-desk social engineering,Unattributed,Ransomware crew,False,,2023-09-16,2023-10-03,2023-10-11,17,Third-party notification,148829,bank_details|email|name|phone|postal_address,,not_applicable,2,8677854,yes,medium,True,synthetic (Faker),
=======
SYN-00237,Ransomware at Morris-Cole,Morris-Cole,private,Logistics,US,Ransomware,Compromised credentials,CobaltFinch,Ransomware crew,False,,2023-06-08,2023-06-26,2023-07-08,18,Public leak / dark web,3280,bank_details|email|health|internal_email|phone|postal_address,789279,no,14,1288765,unknown,medium,True,synthetic (Faker),
SYN-00136,Ransomware at Youth Care,Youth Care,nonprofit,Charity/Nonprofit,US,Ransomware,Compromised credentials,Unattributed,Ransomware crew,False,,2023-06-25,2023-06-27,2023-07-04,2,Security vendor / MDR,9412,credit_card|postal_address,726753,no,24,,yes,medium,True,synthetic (Faker),
SYN-00652,"Data breach at Reynolds, Richardson and Thompson","Reynolds, Richardson and Thompson",vendor,Cloud/SaaS,US,Data breach,Compromised credentials,CobaltFinch,Ransomware crew,True,746,2023-02-02,2023-07-06,2023-07-08,154,Routine audit,4107262,email|name|phone|postal_address,,not_applicable,1,253027567,yes,high,True,synthetic (Faker),
SYN-00805,Data breach at Curtis and Sons,Curtis and Sons,vendor,Cloud/SaaS,GB,Data breach,Misconfigured cloud storage,Unattributed,Financially motivated,True,167,2023-05-13,2023-07-09,2023-07-13,57,Security vendor / MDR,558721,date_of_birth|email|employment|name|phone|postal_address,,not_applicable,0,57401800,unknown,medium,True,synthetic (Faker),
SYN-00984,Ransomware at Shelter Appeal,Shelter Appeal,nonprofit,Charity/Nonprofit,IN,Ransomware,Unpatched vulnerability,Unattributed,Ransomware crew,False,,2023-06-27,2023-07-09,2023-07-24,12,Third-party notification,884,employment|phone,7166990,no,36,371513,yes,medium,True,synthetic (Faker),
SYN-00288,"Business email compromise at Owen, Poole and Berry","Owen, Poole and Berry",vendor,Cloud/SaaS,GB,Business email compromise,Phishing,SlateWarden,Ransomware crew,False,,2023-07-07,2023-07-12,2023-08-18,5,Internal detection,,not_applicable,,not_applicable,5,588802,unknown,medium,True,synthetic (Faker),
SYN-00422,Data breach at Martinez-Richardson,Martinez-Richardson,vendor,Software,IN,Data breach,Compromised credentials,VelvetSiphon,Ransomware crew,False,,2023-06-25,2023-07-12,2023-07-17,17,Internal detection,332829,internal_email|name|phone,,not_applicable,0,32753162,yes,medium,True,synthetic (Faker),
SYN-00924,Unauthorised access at Heritage Foundation,Heritage Foundation,nonprofit,Charity/Nonprofit,IE,Unauthorised access,MFA fatigue,Unattributed,Unknown,False,,2023-06-28,2023-07-18,2023-07-22,20,Internal detection,4083,donation_history|email|postal_address,,not_applicable,4,326450,yes,low,True,synthetic (Faker),
SYN-00429,Ransomware at Youth Support,Youth Support,nonprofit,Charity/Nonprofit,GB,Ransomware,Compromised credentials,HollowLantern,Ransomware crew,False,,2023-07-20,2023-07-21,2023-07-25,1,Routine audit,31955,email|health|postal_address,8166633,no,32,,yes,high,True,synthetic (Faker),
SYN-00860,Ransomware at West Stanley Authority,West Stanley Authority,public,Local government,AU,Ransomware,Unpatched vulnerability,Unattributed,Ransomware crew,False,,2023-07-23,2023-07-24,2023-07-29,1,Customer report,18148,date_of_birth|donation_history|email|name|phone,29336,yes,2,,yes,medium,True,synthetic (Faker),
SYN-00468,Ransomware at West Michelle NHS Trust,West Michelle NHS Trust,public,Local government,NL,Ransomware,Unpatched vulnerability,NineSpindle,Ransomware crew,False,,2023-07-25,2023-07-26,2023-08-12,1,Security vendor / MDR,11299,health|name|phone|postal_address,1651993,no,3,,yes,medium,True,synthetic (Faker),
SYN-00480,Data breach at Lowe-Morgan,Lowe-Morgan,vendor,Software,IE,Data breach,Insecure API endpoint,NineSpindle,Ransomware crew,False,,2022-10-15,2023-07-26,2023-09-15,284,Routine audit,87140,donation_history|health|postal_address,156317,no,0,13331996,yes,medium,True,synthetic (Faker),
SYN-00768,Ransomware at Harrison-Elliott,Harrison-Elliott,private,Retail,CA,Ransomware,Third-party supplier access,SlateWarden,Ransomware crew,True,71,2023-07-17,2023-07-27,2023-08-04,10,Third-party notification,107393,name|phone,70562,no,10,12884598,yes,high,True,synthetic (Faker),
SYN-00240,Business email compromise at Port Meganville Council,Port Meganville Council,public,Local government,CA,Business email compromise,Compromised credentials,VelvetSiphon,Nation state,False,,2023-07-25,2023-08-01,2023-08-06,7,Security vendor / MDR,,not_applicable,31530,undisclosed,1,408709,no,low,True,synthetic (Faker),
SYN-00262,Ransomware at Smith-Grimes,Smith-Grimes,private,Healthcare,SG,Ransomware,Compromised credentials,NorthQuarry,Ransomware crew,False,,2023-08-02,2023-08-03,2023-08-04,1,Internal detection,325223,email|health|phone,136455,no,16,10807759,yes,high,True,synthetic (Faker),
SYN-00544,Data breach at Morris-Butler,Morris-Butler,vendor,Nonprofit technology,DE,Data breach,Misconfigured cloud storage,Unattributed,Unknown,False,,2023-05-01,2023-08-11,2023-08-15,102,Public leak / dark web,97377,credentials|date_of_birth|health|passport|phone|postal_address,,not_applicable,0,15151218,yes,medium,True,synthetic (Faker),
SYN-00896,"Phishing campaign at Bradshaw, Lewis and Bradshaw","Bradshaw, Lewis and Bradshaw",private,Manufacturing,GB,Phishing campaign,Phishing,Unattributed,Financially motivated,False,,2023-07-17,2023-08-11,2023-08-14,25,Third-party notification,2232,postal_address|safeguarding_notes,,not_applicable,2,479661,unknown,medium,True,synthetic (Faker),
SYN-00543,Supply chain compromise at Lantern Support,Lantern Support,nonprofit,Charity/Nonprofit,GB,Supply chain compromise,Compromised credentials,Unattributed,Unknown,True,35,2023-06-12,2023-08-18,2023-08-24,67,Security vendor / MDR,5962,bank_details|donation_history|email|phone,31131,undisclosed,2,340606,yes,medium,True,synthetic (Faker),
SYN-00659,Ransomware at Cook-Ochoa,Cook-Ochoa,private,Retail,DE,Ransomware,Exposed RDP/VPN,GlassMantis,Ransomware crew,False,,2023-08-20,2023-08-21,2023-08-27,1,Internal detection,7580722,donation_history|health|passport|postal_address|safeguarding_notes,423469,yes,101,,yes,critical,True,synthetic (Faker),
SYN-00832,Data breach at Lake Nicole District Board,Lake Nicole District Board,public,Education,US,Data breach,Misconfigured cloud storage,Unattributed,Financially motivated,False,,2023-06-23,2023-08-30,2023-09-01,68,Law enforcement notification,1260827,credit_card|email|internal_email|name|phone|postal_address|safeguarding_notes,,not_applicable,2,129381439,yes,high,True,synthetic (Faker),
SYN-00556,"Data breach at Hall, Gough and Wood","Hall, Gough and Wood",private,Healthcare,GB,Data breach,Compromised credentials,Unattributed,Unknown,False,,2023-04-17,2023-09-03,2023-09-08,139,Internal detection,540241,credit_card|employment|health|internal_email|phone|postal_address,,not_applicable,0,94102155,yes,medium,True,synthetic (Faker),
SYN-00610,Business email compromise at Goddard Inc,Goddard Inc,private,Healthcare,US,Business email compromise,Compromised credentials,Unattributed,Unknown,False,,2023-07-10,2023-09-09,2023-09-27,61,Third-party notification,,not_applicable,,not_applicable,2,,no,medium,True,synthetic (Faker),
REAL-0016,MGM Resorts social-engineering attack,MGM Resorts International,private,Hospitality,US,Ransomware,Vishing / help-desk social engineering,Scattered Spider + ALPHV,Ransomware crew,False,,2023-09-08,2023-09-10,2023-09-11,2,Internal detection,10600000,name|postal_address|date_of_birth|drivers_licence|ssn,,no,10,100000000,yes,high,False,"MGM 8-K filings, Oct 2023",Help-desk identity verification bypassed by phone.
SYN-00393,"Supply chain compromise at Hernandez, Kim and Potts","Hernandez, Kim and Potts",private,Retail,US,Supply chain compromise,Trojanised software update,Unattributed,Hacktivist,True,20,2023-06-30,2023-09-14,2023-09-16,76,Internal detection,383238,name|phone,,not_applicable,22,66839380,yes,high,True,synthetic (Faker),
SYN-00530,Ransomware at Port William Authority,Port William Authority,public,Local government,US,Ransomware,Compromised credentials,PaleHydra,Ransomware crew,False,,2023-09-12,2023-09-14,2023-09-28,2,Law enforcement notification,192370,bank_details|health,10579374,no,12,12665636,yes,high,True,synthetic (Faker),
SYN-00738,Business email compromise at Johnson-Wood,Johnson-Wood,private,Healthcare,FR,Business email compromise,Phishing,Unattributed,Hacktivist,False,,2023-09-02,2023-09-18,2023-09-30,16,Security vendor / MDR,,not_applicable,,not_applicable,4,543758,unknown,medium,True,synthetic (Faker),
SYN-00092,Business email compromise at Beacon Hill Aid,Beacon Hill Aid,nonprofit,Charity/Nonprofit,DE,Business email compromise,Phishing,Unattributed,Ransomware crew,False,,2023-05-29,2023-09-19,2023-09-23,113,Law enforcement notification,,not_applicable,,not_applicable,0,89439,no,medium,True,synthetic (Faker),
SYN-00874,"Ransomware at Johnson, Dunlap and Martin","Johnson, Dunlap and Martin",private,Healthcare,US,Ransomware,Help-desk social engineering,RustVulture,Ransomware crew,False,,2023-09-30,2023-09-30,2023-10-07,0,Third-party notification,61965,email|health|phone,110481,no,4,2633279,yes,medium,True,synthetic (Faker),
SYN-00047,Ransomware at Mobility Fund,Mobility Fund,nonprofit,Charity/Nonprofit,DE,Ransomware,Exposed RDP/VPN,HollowLantern,Ransomware crew,False,,2023-09-30,2023-10-01,2023-10-05,1,Third-party notification,16982,date_of_birth|donation_history|employment|name|postal_address|ssn_or_ni_number,268060,no,14,1350792,yes,high,True,synthetic (Faker),
REAL-0020,Okta support case-file breach,Okta,vendor,Identity/SaaS,US,Data breach,Compromised credentials (service account),Unattributed,Unknown,True,134,2023-09-28,2023-10-02,2023-10-20,4,Third-party notification,,session_tokens|support_case_files,,not_applicable,0,,yes,high,False,"Okta security incident updates, Oct-Nov 2023",Customer flagged it before the vendor confirmed — detection-gap case study.
>>>>>>> 8a74902011229c25354fcb7e063b9152ef665657
SYN-00647,Ransomware at Juarez-Garcia,Juarez-Garcia,private,Healthcare,FR,Ransomware,Unpatched vulnerability,HollowLantern,Ransomware crew,False,,2023-10-03,2023-10-05,2023-10-13,2,Internal detection,3115,date_of_birth|donation_history|email|health|internal_email|name|phone,4556581,no,33,2700027,yes,high,True,synthetic (Faker),
REAL-0019,23andMe credential stuffing,23andMe,private,Biotech/Consumer,US,Data breach,Credential stuffing,Unattributed,Financially motivated,False,,2023-04-01,2023-10-06,2023-10-06,188,Public leak / dark web,6900000,name|date_of_birth|ancestry|genetic_relatives|postal_address,,not_applicable,0,30000000,yes,high,False,ICO/OPC joint investigation (Jun 2025); 23andMe filings,Reused passwords; relatives feature amplified 14k compromised accounts to 6.9M people.
SYN-00184,Supply chain compromise at Doyle LLC,Doyle LLC,private,Healthcare,NL,Supply chain compromise,Third-party supplier access,Unattributed,Unknown,True,81,2023-07-05,2023-10-06,2023-10-22,93,Law enforcement notification,205291,donation_history|email|health|name|phone|postal_address,,not_applicable,0,,yes,high,True,synthetic (Faker),
SYN-00796,Ransomware at Winter-Moss,Winter-Moss,vendor,Cloud/SaaS,CA,Ransomware,Unpatched vulnerability,AmberBastion,Ransomware crew,True,201,2023-10-03,2023-10-06,2023-10-08,3,Law enforcement notification,814963,name|passport|postal_address,380658,no,13,,no,high,True,synthetic (Faker),
SYN-00891,"Ransomware at Ward, Henderson and Coates","Ward, Henderson and Coates",private,Financial services,DE,Ransomware,Help-desk social engineering,IronMagpie,Ransomware crew,False,,2023-09-30,2023-10-07,2023-10-19,7,Security vendor / MDR,301577,credentials|credit_card|email|phone|postal_address|ssn_or_ni_number,2866635,no,6,6645613,yes,high,True,synthetic (Faker),
SYN-00018,Data breach at Williambury District Board,Williambury District Board,public,Education,US,Data breach,Credential stuffing,VelvetSiphon,Nation state,False,,2023-09-23,2023-10-09,2023-10-26,16,Law enforcement notification,29922,date_of_birth|email|employment|internal_email|name|phone|postal_address,,not_applicable,12,1993471,yes,medium,True,synthetic (Faker),
<<<<<<< HEAD
SYN-01848,Unauthorised access at Moss-Oliver,Moss-Oliver,private,Healthcare,US,Unauthorised access,MFA fatigue,Unattributed,Insider,False,,2023-06-16,2023-10-10,2023-10-17,116,Internal detection,5127142,bank_details|donation_history|email|employment|health|name|phone|ssn_or_ni_number,,not_applicable,0,,yes,high,True,synthetic (Faker),
SYN-00354,Data breach at Wellbeing Society,Wellbeing Society,nonprofit,Charity/Nonprofit,IE,Data breach,Misconfigured cloud storage,Unattributed,Unknown,False,,2023-10-04,2023-10-11,2023-10-15,7,Third-party notification,9957,donation_history|email|name|phone|postal_address|safeguarding_notes,,not_applicable,4,242797,yes,medium,True,synthetic (Faker),
SYN-00175,"Ransomware at Joseph, West and Smith","Joseph, West and Smith",vendor,Nonprofit technology,CA,Ransomware,Exposed RDP/VPN,Unattributed,Ransomware crew,False,,2023-10-10,2023-10-14,2023-10-17,4,Routine audit,69924,date_of_birth|donation_history|email|employment|phone|postal_address,789868,undisclosed,18,,yes,medium,True,synthetic (Faker),
SYN-00759,Data breach at Dawsonland NHS Trust,Dawsonland NHS Trust,public,Education,US,Data breach,Unpatched vulnerability,Unattributed,Financially motivated,False,,2023-09-09,2023-10-16,2023-11-09,37,Internal detection,21263,credit_card|internal_email|name|phone|postal_address,101797,undisclosed,0,,yes,medium,True,synthetic (Faker),
SYN-01987,Data breach at Scott-Miller,Scott-Miller,private,Logistics,US,Data breach,Unpatched vulnerability,RustVulture,Ransomware crew,False,,2023-10-14,2023-10-16,2023-10-18,2,Security vendor / MDR,16782,bank_details|name|passport|postal_address|safeguarding_notes,208656,undisclosed,0,,unknown,medium,True,synthetic (Faker),
SYN-00656,Unauthorised access at Le Group,Le Group,private,Financial services,FR,Unauthorised access,Insecure API endpoint,Unattributed,Financially motivated,False,,2023-07-23,2023-10-17,2023-10-24,86,Third-party notification,827286,email|health|name|phone,,not_applicable,6,93805659,yes,high,True,synthetic (Faker),
SYN-01487,Ransomware at Mellor LLC,Mellor LLC,vendor,Software,CA,Ransomware,Unpatched vulnerability,RustVulture,Ransomware crew,False,,2023-10-12,2023-10-17,2023-10-21,5,Public leak / dark web,28368,bank_details|email|internal_email|name|phone|postal_address|safeguarding_notes,615024,no,3,3371478,unknown,medium,True,synthetic (Faker),
SYN-00017,"Data breach at Briggs, Humphries and Lamb","Briggs, Humphries and Lamb",private,Retail,GB,Data breach,Third-party supplier access,NorthQuarry,Ransomware crew,True,202,2023-09-13,2023-10-18,2023-10-23,35,Internal detection,315383,credentials|credit_card|employment|postal_address|safeguarding_notes,,not_applicable,0,39949206,yes,high,True,synthetic (Faker),
SYN-01228,Data breach at Oliver-Vasquez,Oliver-Vasquez,private,Logistics,GB,Data breach,Compromised credentials,Unattributed,Unknown,False,,2023-10-13,2023-10-18,2023-10-19,5,Customer report,536,credentials|internal_email|name|phone,,not_applicable,0,,unknown,low,True,synthetic (Faker),
SYN-00077,Data breach at Whitehead-Mathis,Whitehead-Mathis,private,Legal/Professional,IN,Data breach,Misconfigured cloud storage,Unattributed,Financially motivated,False,,2023-09-10,2023-10-20,2023-10-20,40,Internal detection,661,email|name,,not_applicable,0,344903,yes,low,True,synthetic (Faker),
SYN-01919,"Ransomware at Vincent, James and Newton","Vincent, James and Newton",private,Healthcare,GB,Ransomware,Phishing,Unattributed,Ransomware crew,False,,2023-10-17,2023-10-20,2023-10-24,3,Internal detection,401152,credentials|email|health|internal_email|phone,28379,yes,8,20381549,yes,high,True,synthetic (Faker),
REAL-0005,British Library ransomware,British Library,public,Culture/Library,GB,Ransomware,Compromised credentials,Rhysida,Ransomware crew,False,,2023-10-25,2023-10-28,2023-10-28,3,Internal detection,600000,name|email|internal_hr|financial,750000,no,300,8000000,yes,critical,False,British Library Learning Lessons report (Mar 2024),"Public-sector body, no ransom paid, ~£6-7M rebuild. Excellent post-incident report."
SYN-00044,Unauthorised access at Ryan Ltd,Ryan Ltd,vendor,Cloud/SaaS,DE,Unauthorised access,Exposed RDP/VPN,Unattributed,Financially motivated,False,,2023-10-01,2023-10-28,2023-10-30,27,Internal detection,7924097,employment|health|name,,not_applicable,1,,unknown,high,True,synthetic (Faker),
SYN-01088,"Data breach at Colon, Zavala and Smith","Colon, Zavala and Smith",vendor,Nonprofit technology,NL,Data breach,Insecure API endpoint,Unattributed,Financially motivated,False,,2023-08-24,2023-10-28,2023-11-12,65,Internal detection,59563,donation_history|email|internal_email|name|phone,56190,no,1,3186913,yes,medium,True,synthetic (Faker),
SYN-01381,Ransomware at Meadow Society,Meadow Society,nonprofit,Charity/Nonprofit,US,Ransomware,Phishing,VelvetSiphon,Ransomware crew,False,,2023-10-22,2023-10-28,2023-10-30,6,Security vendor / MDR,15320,date_of_birth|donation_history|email|passport|postal_address,78108,no,11,812836,yes,medium,True,synthetic (Faker),
SYN-01371,Supply chain compromise at Ayalaberg Authority,Ayalaberg Authority,public,Local government,AU,Supply chain compromise,Trojanised software update,Unattributed,Financially motivated,True,6,2023-10-20,2023-11-01,2023-11-05,12,Third-party notification,5574442,credit_card|health|postal_address,,not_applicable,2,158226416,yes,high,True,synthetic (Faker),
SYN-01269,Insider incident at Simsberg District Board,Simsberg District Board,public,Education,US,Insider incident,Malicious insider,Unattributed,Insider,False,,2023-10-05,2023-11-02,2023-11-02,28,Third-party notification,3537,bank_details|credit_card|health|internal_email|name|passport|postal_address,,not_applicable,3,679527,yes,medium,True,synthetic (Faker),
SYN-00791,Data breach at Thorpe-Moore,Thorpe-Moore,vendor,Cloud/SaaS,GB,Data breach,Compromised credentials,Unattributed,Financially motivated,False,,2023-10-03,2023-11-03,2023-11-14,31,Law enforcement notification,451912,credit_card|date_of_birth|internal_email|name|phone|postal_address,,not_applicable,5,18687095,no,medium,True,synthetic (Faker),
SYN-01020,"Ransomware at Rhodes, Cruz and Combs","Rhodes, Cruz and Combs",private,Retail,FR,Ransomware,Unpatched vulnerability,DimStag,Ransomware crew,False,,2023-11-11,2023-11-12,2023-11-20,1,Public leak / dark web,34686,credentials|internal_email|name,570131,no,11,5851190,yes,medium,True,synthetic (Faker),
SYN-00062,"Unauthorised access at Jones, Bell and Hill","Jones, Bell and Hill",private,Retail,GB,Unauthorised access,Compromised credentials,Unattributed,Nation state,False,,2023-10-18,2023-11-14,2023-11-22,27,Third-party notification,368896,internal_email|name|postal_address,,not_applicable,0,23380245,yes,medium,True,synthetic (Faker),
SYN-01823,Unauthorised access at Fuller and Sons,Fuller and Sons,private,Hospitality,GB,Unauthorised access,MFA fatigue,Unattributed,Financially motivated,False,,2023-09-14,2023-11-14,2023-11-14,61,Third-party notification,458786,credentials|internal_email,,not_applicable,1,,yes,medium,True,synthetic (Faker),
SYN-00362,Unauthorised access at Walker-Bradshaw,Walker-Bradshaw,vendor,Nonprofit technology,GB,Unauthorised access,Help-desk social engineering,Unattributed,Unknown,False,,2023-10-06,2023-11-15,2023-11-17,40,Third-party notification,257557,date_of_birth|donation_history|email|name|passport|phone|postal_address,297515,no,0,23363883,yes,medium,True,synthetic (Faker),
SYN-01946,Ransomware at Wellbeing Trust,Wellbeing Trust,nonprofit,Charity/Nonprofit,US,Ransomware,Phishing,GlassMantis,Ransomware crew,False,,2023-11-06,2023-11-15,2023-11-24,9,Internal detection,582,bank_details|credentials|internal_email|name|phone|ssn_or_ni_number,102380,no,1,39904,yes,medium,True,synthetic (Faker),
=======
SYN-00354,Data breach at Wellbeing Society,Wellbeing Society,nonprofit,Charity/Nonprofit,IE,Data breach,Misconfigured cloud storage,Unattributed,Unknown,False,,2023-10-04,2023-10-11,2023-10-15,7,Third-party notification,9957,donation_history|email|name|phone|postal_address|safeguarding_notes,,not_applicable,4,242797,yes,medium,True,synthetic (Faker),
SYN-00175,"Ransomware at Joseph, West and Smith","Joseph, West and Smith",vendor,Nonprofit technology,CA,Ransomware,Exposed RDP/VPN,Unattributed,Ransomware crew,False,,2023-10-10,2023-10-14,2023-10-17,4,Routine audit,69924,date_of_birth|donation_history|email|employment|phone|postal_address,789868,undisclosed,18,,yes,medium,True,synthetic (Faker),
SYN-00759,Data breach at Dawsonland NHS Trust,Dawsonland NHS Trust,public,Education,US,Data breach,Unpatched vulnerability,Unattributed,Financially motivated,False,,2023-09-09,2023-10-16,2023-11-09,37,Internal detection,21263,credit_card|internal_email|name|phone|postal_address,101797,undisclosed,0,,yes,medium,True,synthetic (Faker),
SYN-00656,Unauthorised access at Le Group,Le Group,private,Financial services,FR,Unauthorised access,Insecure API endpoint,Unattributed,Financially motivated,False,,2023-07-23,2023-10-17,2023-10-24,86,Third-party notification,827286,email|health|name|phone,,not_applicable,6,93805659,yes,high,True,synthetic (Faker),
SYN-00017,"Data breach at Briggs, Humphries and Lamb","Briggs, Humphries and Lamb",private,Retail,GB,Data breach,Third-party supplier access,NorthQuarry,Ransomware crew,True,202,2023-09-13,2023-10-18,2023-10-23,35,Internal detection,315383,credentials|credit_card|employment|postal_address|safeguarding_notes,,not_applicable,0,39949206,yes,high,True,synthetic (Faker),
SYN-00077,Data breach at Whitehead-Mathis,Whitehead-Mathis,private,Legal/Professional,IN,Data breach,Misconfigured cloud storage,Unattributed,Financially motivated,False,,2023-09-10,2023-10-20,2023-10-20,40,Internal detection,661,email|name,,not_applicable,0,344903,yes,low,True,synthetic (Faker),
REAL-0005,British Library ransomware,British Library,public,Culture/Library,GB,Ransomware,Compromised credentials,Rhysida,Ransomware crew,False,,2023-10-25,2023-10-28,2023-10-28,3,Internal detection,600000,name|email|internal_hr|financial,750000,no,300,8000000,yes,critical,False,British Library Learning Lessons report (Mar 2024),"Public-sector body, no ransom paid, ~£6-7M rebuild. Excellent post-incident report."
SYN-00044,Unauthorised access at Ryan Ltd,Ryan Ltd,vendor,Cloud/SaaS,DE,Unauthorised access,Exposed RDP/VPN,Unattributed,Financially motivated,False,,2023-10-01,2023-10-28,2023-10-30,27,Internal detection,7924097,employment|health|name,,not_applicable,1,,unknown,high,True,synthetic (Faker),
SYN-00791,Data breach at Thorpe-Moore,Thorpe-Moore,vendor,Cloud/SaaS,GB,Data breach,Compromised credentials,Unattributed,Financially motivated,False,,2023-10-03,2023-11-03,2023-11-14,31,Law enforcement notification,451912,credit_card|date_of_birth|internal_email|name|phone|postal_address,,not_applicable,5,18687095,no,medium,True,synthetic (Faker),
SYN-00062,"Unauthorised access at Jones, Bell and Hill","Jones, Bell and Hill",private,Retail,GB,Unauthorised access,Compromised credentials,Unattributed,Nation state,False,,2023-10-18,2023-11-14,2023-11-22,27,Third-party notification,368896,internal_email|name|postal_address,,not_applicable,0,23380245,yes,medium,True,synthetic (Faker),
SYN-00362,Unauthorised access at Walker-Bradshaw,Walker-Bradshaw,vendor,Nonprofit technology,GB,Unauthorised access,Help-desk social engineering,Unattributed,Unknown,False,,2023-10-06,2023-11-15,2023-11-17,40,Third-party notification,257557,date_of_birth|donation_history|email|name|passport|phone|postal_address,297515,no,0,23363883,yes,medium,True,synthetic (Faker),
>>>>>>> 8a74902011229c25354fcb7e063b9152ef665657
SYN-00251,"Data breach at Ali, Richardson and Gardner","Ali, Richardson and Gardner",vendor,Cloud/SaaS,US,Data breach,Phishing,GlassMantis,Nation state,False,,2023-11-05,2023-11-16,2023-11-17,11,Law enforcement notification,7769,email|passport|postal_address,,not_applicable,0,1424271,no,low,True,synthetic (Faker),
SYN-00733,Ransomware at Martinez and Sons,Martinez and Sons,vendor,Cloud/SaaS,DE,Ransomware,Compromised credentials,DimStag,Ransomware crew,True,270,2023-11-19,2023-11-21,2023-11-22,2,Internal detection,17886726,credit_card|name,1483559,no,4,1735807229,yes,high,True,synthetic (Faker),
SYN-00813,"Ransomware at Williams, Evans and Wilkins","Williams, Evans and Wilkins",private,Financial services,IN,Ransomware,Third-party supplier access,DimStag,Ransomware crew,True,39,2023-11-16,2023-11-21,2023-11-24,5,Customer report,2520683,date_of_birth|name|phone,968297,no,47,194991687,yes,critical,True,synthetic (Faker),
SYN-00703,Ransomware at Watson-Jones,Watson-Jones,private,Hospitality,GB,Ransomware,Unpatched vulnerability,TinCathedral,Ransomware crew,False,,2023-11-16,2023-11-23,2023-11-26,7,Internal detection,408054,credit_card|passport|postal_address,512216,no,8,59661131,unknown,medium,True,synthetic (Faker),
SYN-00452,Data breach at Graham-Power,Graham-Power,private,Healthcare,US,Data breach,Insecure API endpoint,GlassMantis,Ransomware crew,False,,2023-08-31,2023-11-24,2023-11-25,85,Internal detection,458878,date_of_birth|health|phone|postal_address|ssn_or_ni_number,,not_applicable,0,44557801,yes,medium,True,synthetic (Faker),
SYN-00350,Ransomware at Foster Ltd,Foster Ltd,private,Financial services,US,Ransomware,Exposed RDP/VPN,CobaltFinch,Ransomware crew,False,,2023-11-19,2023-11-25,2023-11-25,6,Customer report,53523,credit_card|date_of_birth|email|postal_address,656640,no,4,,yes,medium,True,synthetic (Faker),
<<<<<<< HEAD
SYN-01720,Data breach at Torres-Anderson,Torres-Anderson,vendor,Cloud/SaaS,GB,Data breach,Phishing,Unattributed,Insider,True,1372,2023-10-29,2023-11-26,2023-12-02,28,Security vendor / MDR,7091680,credit_card|email|name|phone,,not_applicable,0,,yes,high,True,synthetic (Faker),
SYN-00710,"Ransomware at Dixon, Armstrong and Adams","Dixon, Armstrong and Adams",private,Hospitality,US,Ransomware,Compromised credentials,SlateWarden,Ransomware crew,False,,2023-11-25,2023-11-30,2023-12-01,5,Third-party notification,107945,bank_details|email|phone|postal_address|safeguarding_notes|ssn_or_ni_number,271505,yes,2,,yes,medium,True,synthetic (Faker),
SYN-00533,Data breach at Bradley-Todd,Bradley-Todd,private,Financial services,GB,Data breach,Misconfigured cloud storage,Unattributed,Financially motivated,False,,2023-11-21,2023-12-01,2023-12-01,10,Internal detection,164733,credentials|email|employment|name|safeguarding_notes|ssn_or_ni_number,,not_applicable,1,,yes,medium,True,synthetic (Faker),
SYN-00781,Business email compromise at Smith Group,Smith Group,vendor,Software,US,Business email compromise,Phishing,GlassMantis,Ransomware crew,True,226,2023-11-17,2023-12-01,2023-12-07,14,Internal detection,,not_applicable,,not_applicable,7,162694,unknown,high,True,synthetic (Faker),
SYN-01725,Business email compromise at Mobility Alliance,Mobility Alliance,nonprofit,Charity/Nonprofit,US,Business email compromise,Compromised credentials,Unattributed,Financially motivated,False,,2023-09-22,2023-12-02,2023-12-09,71,Public leak / dark web,,not_applicable,,not_applicable,0,162891,unknown,medium,True,synthetic (Faker),
SYN-01300,Data breach at Russell-Hammond,Russell-Hammond,private,Manufacturing,AU,Data breach,Third-party supplier access,SlateWarden,Ransomware crew,True,288,2023-09-19,2023-12-04,2023-12-07,76,Public leak / dark web,7753,bank_details|email|name|phone|safeguarding_notes,,not_applicable,0,,yes,medium,True,synthetic (Faker),
SYN-01924,Destructive malware at Wells PLC,Wells PLC,private,Hospitality,GB,Destructive malware,Trojanised software update,Unattributed,Unknown,True,1,2023-12-04,2023-12-05,2023-12-08,1,Third-party notification,,not_applicable,245391,no,53,1480921,unknown,high,True,synthetic (Faker),
SYN-00053,Unauthorised access at Baxter Inc,Baxter Inc,private,Logistics,GB,Unauthorised access,Exposed RDP/VPN,Unattributed,Ransomware crew,False,,2023-11-08,2023-12-06,2023-12-23,28,Routine audit,10697983,credit_card|email|internal_email|phone,,not_applicable,1,1156975719,yes,medium,True,synthetic (Faker),
SYN-01251,Ransomware at Morris-Smith,Morris-Smith,private,Healthcare,CA,Ransomware,Compromised credentials,PaleHydra,Ransomware crew,False,,2023-12-06,2023-12-06,2023-12-09,0,Routine audit,38720,bank_details|donation_history|health|internal_email|name|passport|postal_address|safeguarding_notes,1003050,no,22,7240207,yes,high,True,synthetic (Faker),
SYN-01697,Ransomware at West Ronaldview Authority,West Ronaldview Authority,public,Education,IE,Ransomware,Phishing,NineSpindle,Ransomware crew,False,,2023-12-10,2023-12-11,2023-12-12,1,Public leak / dark web,34012,credentials|ssn_or_ni_number,263960,yes,14,3306127,yes,high,True,synthetic (Faker),
SYN-01934,Phishing campaign at Harris LLC,Harris LLC,private,Retail,US,Phishing campaign,Phishing,Unattributed,Insider,False,,2023-11-23,2023-12-12,2023-12-19,19,Law enforcement notification,126543,bank_details|credit_card,,not_applicable,0,,yes,medium,True,synthetic (Faker),
SYN-00160,Ransomware at Kent-Adams,Kent-Adams,private,Manufacturing,US,Ransomware,Compromised credentials,Unattributed,Ransomware crew,False,,2023-12-05,2023-12-14,2023-12-17,9,Public leak / dark web,4144,date_of_birth|employment,6392258,no,70,,yes,medium,True,synthetic (Faker),
SYN-00585,Data breach at Shelter Society,Shelter Society,nonprofit,Charity/Nonprofit,US,Data breach,Unpatched vulnerability,AmberBastion,Ransomware crew,False,,2023-11-18,2023-12-14,2023-12-19,26,Internal detection,1825,bank_details|donation_history|employment|name|passport|phone,,not_applicable,0,125878,yes,medium,True,synthetic (Faker),
SYN-01550,Ransomware at Shelter Appeal,Shelter Appeal,nonprofit,Charity/Nonprofit,US,Ransomware,Unpatched vulnerability,ObsidianKoi,Ransomware crew,False,,2023-12-04,2023-12-14,2023-12-24,10,Third-party notification,18394,date_of_birth|donation_history|employment|name|ssn_or_ni_number,2606939,no,3,430325,yes,medium,True,synthetic (Faker),
SYN-01180,Data breach at Briannashire District Board,Briannashire District Board,public,Education,GB,Data breach,Credential stuffing,PaleHydra,Ransomware crew,False,,2023-12-10,2023-12-16,2023-12-21,6,Third-party notification,19582,bank_details|phone|postal_address,,not_applicable,4,,yes,medium,True,synthetic (Faker),
SYN-01025,Ransomware at Nicholls PLC,Nicholls PLC,vendor,Cloud/SaaS,US,Ransomware,Compromised credentials,Unattributed,Ransomware crew,False,,2023-12-20,2023-12-20,2023-12-31,0,Law enforcement notification,316939,credentials|email|internal_email|name|passport|phone,1559926,no,4,16023357,no,medium,True,synthetic (Faker),
SYN-01236,Ransomware at Davies Group,Davies Group,vendor,Software,AU,Ransomware,Compromised credentials,NorthQuarry,Ransomware crew,True,2404,2023-12-23,2023-12-24,2023-12-31,1,Public leak / dark web,1613845,bank_details|donation_history|email|employment|health|internal_email|postal_address,10114962,no,6,194383803,no,critical,True,synthetic (Faker),
SYN-01182,Data breach at Browne-Jones,Browne-Jones,private,Healthcare,US,Data breach,Credential stuffing,Unattributed,Hacktivist,False,,2023-11-03,2023-12-26,2024-01-05,53,Customer report,268564,bank_details|credentials|donation_history|health|name|postal_address|safeguarding_notes,85298,undisclosed,0,41857125,yes,medium,True,synthetic (Faker),
SYN-00242,Ransomware at South Arthurmouth District Board,South Arthurmouth District Board,public,Energy/Utilities,AU,Ransomware,Phishing,DimStag,Ransomware crew,False,,2023-12-27,2023-12-28,2024-01-04,1,Routine audit,2171,bank_details|health|name|passport|phone|postal_address,52429,no,10,1253805,yes,medium,True,synthetic (Faker),
SYN-00439,Ransomware at Edwardsview Authority,Edwardsview Authority,public,Education,GB,Ransomware,Exposed RDP/VPN,QuietFathom,Ransomware crew,False,,2023-12-27,2023-12-28,2024-01-04,1,Internal detection,773,bank_details|email|name|postal_address|ssn_or_ni_number,1058376,no,4,447317,yes,medium,True,synthetic (Faker),
SYN-01989,Data breach at Beacon Hill Aid,Beacon Hill Aid,nonprofit,Charity/Nonprofit,GB,Data breach,Compromised credentials,Unattributed,Unknown,False,,2023-12-15,2023-12-28,2024-01-01,13,Internal detection,1227,credit_card|donation_history|health|name|passport|postal_address,,not_applicable,0,188107,yes,medium,True,synthetic (Faker),
SYN-00843,"Business email compromise at Johnson, Haynes and Meza","Johnson, Haynes and Meza",private,Financial services,US,Business email compromise,Compromised credentials,Unattributed,Financially motivated,False,,2023-12-08,2023-12-31,2024-01-17,23,Security vendor / MDR,,not_applicable,,not_applicable,3,324964,no,low,True,synthetic (Faker),
SYN-01854,Data breach at Spencer-Davies,Spencer-Davies,private,Manufacturing,DE,Data breach,Unpatched vulnerability,Unattributed,Unknown,False,,2023-10-30,2024-01-04,2024-01-13,66,Internal detection,603318,bank_details|credit_card|name|phone|safeguarding_notes,,not_applicable,1,,yes,medium,True,synthetic (Faker),
SYN-00928,Data breach at Jones-Williams,Jones-Williams,vendor,Cloud/SaaS,IE,Data breach,Compromised credentials,Unattributed,Unknown,False,,2023-12-25,2024-01-07,2024-01-14,13,Law enforcement notification,16848,credentials|credit_card|email|health|phone,377842,no,3,3038658,unknown,medium,True,synthetic (Faker),
SYN-01950,Ransomware at Campbellview Authority,Campbellview Authority,public,Education,DE,Ransomware,Third-party supplier access,SlateWarden,Ransomware crew,True,413,2024-01-06,2024-01-07,2024-01-16,1,Third-party notification,3058110,passport|ssn_or_ni_number,1878270,no,9,396440034,yes,critical,True,synthetic (Faker),
SYN-00702,Data breach at McLean Group,McLean Group,private,Hospitality,AU,Data breach,Phishing,HollowLantern,Ransomware crew,False,,2023-12-08,2024-01-10,2024-01-12,33,Internal detection,509179,credit_card|email|phone,,not_applicable,2,76830395,yes,medium,True,synthetic (Faker),
SYN-00920,Data breach at Kemp PLC,Kemp PLC,private,Retail,US,Data breach,Insecure API endpoint,Unattributed,Financially motivated,False,,2023-12-28,2024-01-10,2024-02-05,13,Internal detection,249282,credentials|email,,not_applicable,0,41232425,yes,medium,True,synthetic (Faker),
SYN-01272,"Unauthorised access at Wallace, Montes and Wolfe","Wallace, Montes and Wolfe",private,Hospitality,NL,Unauthorised access,Exposed RDP/VPN,Unattributed,Insider,False,,2023-12-29,2024-01-11,2024-01-27,13,Internal detection,85816,donation_history|internal_email|name|passport|phone|postal_address|ssn_or_ni_number,,not_applicable,1,6635489,yes,medium,True,synthetic (Faker),
SYN-01494,Unauthorised access at Port Jamesland Council,Port Jamesland Council,public,Local government,GB,Unauthorised access,Compromised credentials,Unattributed,Financially motivated,False,,2024-01-03,2024-01-13,2024-01-16,10,Customer report,354,bank_details|email|passport|phone|postal_address|safeguarding_notes|ssn_or_ni_number,,not_applicable,1,425872,yes,medium,True,synthetic (Faker),
SYN-00669,"Data breach at Porter, Schultz and Allen","Porter, Schultz and Allen",private,Hospitality,IE,Data breach,Insecure API endpoint,Unattributed,Insider,False,,2024-01-06,2024-01-15,2024-01-22,9,Third-party notification,10158,internal_email|name|ssn_or_ni_number,,not_applicable,0,887742,unknown,medium,True,synthetic (Faker),
SYN-00529,Business email compromise at Kirby-Scott,Kirby-Scott,private,Retail,US,Business email compromise,MFA fatigue,Unattributed,Unknown,False,,2024-01-12,2024-01-18,2024-01-24,6,Third-party notification,,not_applicable,,not_applicable,0,217429,no,medium,True,synthetic (Faker),
SYN-01143,Ransomware at Kindling Trust,Kindling Trust,nonprofit,Charity/Nonprofit,NL,Ransomware,Unpatched vulnerability,QuietFathom,Ransomware crew,False,,2024-01-10,2024-01-18,2024-01-23,8,Internal detection,6610,bank_details|donation_history|email|health|name|passport|phone|postal_address,725636,no,3,505742,yes,medium,True,synthetic (Faker),
SYN-01730,Data breach at Wellbeing Network,Wellbeing Network,nonprofit,Charity/Nonprofit,US,Data breach,Insecure API endpoint,CobaltFinch,Nation state,False,,2024-01-02,2024-01-18,2024-01-28,16,Customer report,47466,donation_history|name|phone|postal_address|safeguarding_notes,,not_applicable,7,948456,yes,high,True,synthetic (Faker),
SYN-01894,Business email compromise at Stevens LLC,Stevens LLC,private,Financial services,GB,Business email compromise,Compromised credentials,NorthQuarry,Ransomware crew,False,,2024-01-07,2024-01-19,2024-01-25,12,Public leak / dark web,,not_applicable,65789,no,0,282295,no,medium,True,synthetic (Faker),
SYN-00168,Unauthorised access at Harvest Foundation,Harvest Foundation,nonprofit,Charity/Nonprofit,US,Unauthorised access,Insecure API endpoint,Unattributed,Hacktivist,False,,2023-12-23,2024-01-20,2024-01-23,28,Public leak / dark web,32694,employment|internal_email|name|passport,,not_applicable,2,1696329,yes,medium,True,synthetic (Faker),
SYN-00457,Insider incident at King Ltd,King Ltd,private,Legal/Professional,GB,Insider incident,Malicious insider,Unattributed,Insider,False,,2023-10-28,2024-01-20,2024-01-27,84,Customer report,25625,credit_card|email|name|passport|phone,,not_applicable,12,,yes,medium,True,synthetic (Faker),
SYN-01738,"Unauthorised access at Jones, Thomas and Davies","Jones, Thomas and Davies",private,Manufacturing,DE,Unauthorised access,Compromised credentials,GlassMantis,Ransomware crew,False,,2023-12-23,2024-01-21,2024-01-28,29,Internal detection,2593,credit_card|date_of_birth|employment|health|name|postal_address|safeguarding_notes,,not_applicable,0,474952,unknown,medium,True,synthetic (Faker),
SYN-01129,Data breach at Literacy Care,Literacy Care,nonprofit,Charity/Nonprofit,IE,Data breach,Misconfigured cloud storage,Unattributed,Financially motivated,False,,2024-01-13,2024-01-24,2024-01-28,11,Public leak / dark web,2604,credit_card|date_of_birth|donation_history|email|postal_address|safeguarding_notes,277818,no,0,202180,yes,medium,True,synthetic (Faker),
SYN-01262,Data breach at Harvey and Sons,Harvey and Sons,private,Logistics,DE,Data breach,Credential stuffing,Unattributed,Unknown,False,,2024-01-07,2024-01-25,2024-02-15,18,Internal detection,13637,bank_details|credit_card|email|postal_address|safeguarding_notes,,not_applicable,0,2035652,yes,medium,True,synthetic (Faker),
SYN-01403,Phishing campaign at Garrett Group,Garrett Group,private,Retail,GB,Phishing campaign,Phishing,Unattributed,Ransomware crew,False,,2023-11-08,2024-01-25,2024-02-12,78,Internal detection,128854,email|health|internal_email|name|phone|postal_address,,not_applicable,0,6389677,yes,medium,True,synthetic (Faker),
SYN-00045,Data breach at Port Thomas Council,Port Thomas Council,public,Local government,GB,Data breach,Unpatched vulnerability,NineSpindle,Ransomware crew,False,,2024-01-13,2024-01-27,2024-02-09,14,Law enforcement notification,92830422,credentials|donation_history|email|employment|internal_email|phone|postal_address,,not_applicable,0,,yes,medium,True,synthetic (Faker),
SYN-00036,Ransomware at Hill-Jenkins,Hill-Jenkins,vendor,Cloud/SaaS,IE,Ransomware,Unpatched vulnerability,VelvetSiphon,Ransomware crew,True,1041,2024-01-24,2024-02-01,2024-02-15,8,Law enforcement notification,1305279,email|name|phone|safeguarding_notes,1169121,no,40,,yes,critical,True,synthetic (Faker),
SYN-00655,Data breach at Pattonstad NHS Trust,Pattonstad NHS Trust,public,Local government,US,Data breach,Third-party supplier access,HollowLantern,Nation state,True,633,2024-01-12,2024-02-02,2024-02-06,21,Internal detection,420,credit_card|passport,,not_applicable,0,248716,yes,medium,True,synthetic (Faker),
SYN-01015,Data breach at Rodriguez-Jenkins,Rodriguez-Jenkins,private,Manufacturing,GB,Data breach,Insecure API endpoint,Unattributed,Ransomware crew,False,,2024-01-26,2024-02-04,2024-02-07,9,Law enforcement notification,6465,credit_card|date_of_birth|donation_history|email|employment|name|postal_address,,not_applicable,0,342661,no,low,True,synthetic (Faker),
SYN-01049,"Unauthorised access at Keith, Barnes and Lynch","Keith, Barnes and Lynch",vendor,Cloud/SaaS,GB,Unauthorised access,Compromised credentials,IronMagpie,Ransomware crew,True,2658,2024-01-10,2024-02-04,2024-02-22,25,Internal detection,1905786,credentials|credit_card|health|phone|postal_address|safeguarding_notes|ssn_or_ni_number,,not_applicable,2,61233934,no,high,True,synthetic (Faker),
SYN-01977,"Data breach at Gonzalez, Griffin and Hughes","Gonzalez, Griffin and Hughes",vendor,Software,US,Data breach,Misconfigured cloud storage,Unattributed,Unknown,False,,2023-12-29,2024-02-04,2024-02-05,37,Third-party notification,31677,email|name|postal_address,,not_applicable,0,,unknown,medium,True,synthetic (Faker),
SYN-00435,Unauthorised access at East Carlosstad NHS Trust,East Carlosstad NHS Trust,public,Local government,GB,Unauthorised access,Compromised credentials,Unattributed,Financially motivated,False,,2024-02-02,2024-02-05,2024-02-29,3,Internal detection,537,bank_details|donation_history|health|phone|postal_address|safeguarding_notes,,not_applicable,0,,yes,medium,True,synthetic (Faker),
SYN-01718,"Supply chain compromise at Berry, Ali and Ward","Berry, Ali and Ward",private,Financial services,GB,Supply chain compromise,Compromised credentials,QuietFathom,Nation state,True,1,2023-06-29,2024-02-05,2024-02-14,221,Routine audit,441682,bank_details|date_of_birth|email|name|phone|postal_address,,not_applicable,0,,yes,high,True,synthetic (Faker),
SYN-01140,Ransomware at Meadow Network,Meadow Network,nonprofit,Charity/Nonprofit,GB,Ransomware,Phishing,SlateWarden,Ransomware crew,False,,2024-02-06,2024-02-07,2024-02-08,1,Law enforcement notification,306,donation_history|passport,1447774,no,26,870338,yes,medium,True,synthetic (Faker),
SYN-01225,Unauthorised access at Youth Society,Youth Society,nonprofit,Charity/Nonprofit,GB,Unauthorised access,Compromised credentials,Unattributed,Financially motivated,False,,2024-01-23,2024-02-07,2024-02-11,15,Security vendor / MDR,59944,date_of_birth|donation_history|phone|safeguarding_notes,,not_applicable,6,2778991,yes,high,True,synthetic (Faker),
SYN-00278,Business email compromise at Lake Bryan District Board,Lake Bryan District Board,public,Local government,US,Business email compromise,MFA fatigue,Unattributed,Unknown,False,,2023-10-07,2024-02-08,2024-02-09,124,Third-party notification,160,bank_details|email|health|internal_email|name|postal_address,,not_applicable,0,,yes,medium,True,synthetic (Faker),
SYN-01205,Data breach at Willis-Holmes,Willis-Holmes,vendor,Cloud/SaaS,NL,Data breach,Misconfigured cloud storage,Unattributed,Insider,True,34,2024-01-04,2024-02-08,2024-02-14,35,Third-party notification,3495311,donation_history|email|health|phone|postal_address,,not_applicable,0,338153478,no,high,True,synthetic (Faker),
SYN-01526,Ransomware at Lantern Network,Lantern Network,nonprofit,Charity/Nonprofit,US,Ransomware,Compromised credentials,Unattributed,Ransomware crew,False,,2024-02-08,2024-02-10,2024-02-15,2,Law enforcement notification,9873,bank_details|email|name|passport|safeguarding_notes,447049,no,5,235786,yes,medium,True,synthetic (Faker),
SYN-01533,Ransomware at Refuge Aid,Refuge Aid,nonprofit,Charity/Nonprofit,GB,Ransomware,Compromised credentials,TinCathedral,Ransomware crew,False,,2024-02-05,2024-02-10,2024-02-17,5,Public leak / dark web,77555,bank_details|donation_history|health|internal_email|postal_address,25535,no,7,4308250,yes,high,True,synthetic (Faker),
SYN-00817,Supply chain compromise at Rivers Care,Rivers Care,nonprofit,Charity/Nonprofit,CA,Supply chain compromise,Third-party supplier access,HollowLantern,Ransomware crew,True,10,2023-11-16,2024-02-11,2024-02-14,87,Internal detection,28140,bank_details|credentials|donation_history,,not_applicable,2,1917413,yes,high,True,synthetic (Faker),
SYN-01886,Ransomware at Taylor Inc,Taylor Inc,private,Healthcare,NL,Ransomware,Phishing,Unattributed,Ransomware crew,False,,2024-02-09,2024-02-11,2024-02-19,2,Internal detection,1718,bank_details|donation_history|health|name|phone,3502388,no,27,1562023,yes,medium,True,synthetic (Faker),
SYN-00222,Ransomware at Parry-Murray,Parry-Murray,private,Logistics,US,Ransomware,Phishing,QuietFathom,Ransomware crew,False,,2024-02-07,2024-02-13,2024-02-25,6,Third-party notification,177240,date_of_birth|email|health,1319675,no,12,7282759,unknown,high,True,synthetic (Faker),
SYN-00386,"DDoS at Smith, Morgan and McKenzie","Smith, Morgan and McKenzie",private,Healthcare,US,DDoS,Application-layer flood,CobaltFinch,Ransomware crew,False,,2024-02-15,2024-02-15,2024-02-15,0,Internal detection,,not_applicable,,not_applicable,1,426278,unknown,medium,True,synthetic (Faker),
SYN-01574,Data breach at Lake Katie Council,Lake Katie Council,public,Energy/Utilities,GB,Data breach,Insecure API endpoint,Unattributed,Unknown,False,,2023-11-21,2024-02-16,2024-02-18,87,Internal detection,1066,bank_details|email|name|passport|postal_address,,not_applicable,2,532462,yes,medium,True,synthetic (Faker),
REAL-0004,Change Healthcare ransomware,Change Healthcare (UnitedHealth),private,Healthcare,US,Ransomware,Compromised credentials (no MFA),ALPHV/BlackCat,Ransomware crew,False,,2024-02-12,2024-02-21,2024-02-22,9,Internal detection,190000000,name|postal_address|ssn|health|insurance|financial,22000000,yes,30,2900000000,yes,critical,False,UnitedHealth Group filings; HHS OCR,Largest US healthcare breach by individuals affected. Citrix portal without MFA.
SYN-01175,Business email compromise at New Cole Council,New Cole Council,public,Local government,CA,Business email compromise,MFA fatigue,Unattributed,Insider,False,,2023-12-30,2024-02-22,2024-03-12,54,Internal detection,,not_applicable,,not_applicable,5,303232,unknown,medium,True,synthetic (Faker),
SYN-00361,Ransomware at Carpenter-Best,Carpenter-Best,vendor,Software,GB,Ransomware,Phishing,Unattributed,Ransomware crew,True,334,2024-02-22,2024-02-24,2024-03-03,2,Law enforcement notification,11210,bank_details|email|employment|name,165423,no,35,4350207,no,critical,True,synthetic (Faker),
SYN-00070,Data breach at Powell PLC,Powell PLC,vendor,Software,IN,Data breach,Phishing,PaleHydra,Ransomware crew,True,1035,2024-02-11,2024-02-25,2024-03-07,14,Third-party notification,21741,bank_details|credit_card|email|name|phone|postal_address,,not_applicable,2,2800096,yes,high,True,synthetic (Faker),
SYN-00624,"Unauthorised access at Madden, Dickson and Jacobson","Madden, Dickson and Jacobson",private,Logistics,US,Unauthorised access,Help-desk social engineering,NineSpindle,Ransomware crew,False,,2024-01-19,2024-02-26,2024-02-29,38,Third-party notification,16259,email|name|passport|phone|postal_address,,not_applicable,0,2166407,yes,medium,True,synthetic (Faker),
SYN-01146,Ransomware at Singhton Council,Singhton Council,public,Local government,GB,Ransomware,Compromised credentials,AmberBastion,Ransomware crew,False,,2024-02-26,2024-02-26,2024-03-03,0,Third-party notification,21307,bank_details|email|internal_email|name|passport|postal_address,1871124,no,77,5633095,yes,high,True,synthetic (Faker),
SYN-01012,Unauthorised access at Webb PLC,Webb PLC,private,Financial services,GB,Unauthorised access,Compromised credentials,Unattributed,Financially motivated,False,,2023-12-22,2024-02-29,2024-03-05,69,Internal detection,311972,bank_details|email|employment|internal_email|name|phone,,not_applicable,0,40458061,yes,medium,True,synthetic (Faker),
SYN-01221,Business email compromise at Pratt-Henry,Pratt-Henry,private,Retail,US,Business email compromise,Compromised credentials,Unattributed,Financially motivated,False,,2024-01-23,2024-02-29,2024-03-03,37,Third-party notification,255445,email|safeguarding_notes,,not_applicable,1,22299751,yes,medium,True,synthetic (Faker),
SYN-00030,"Ransomware at Walker, Taylor and Burns","Walker, Taylor and Burns",private,Retail,NL,Ransomware,Help-desk social engineering,NineSpindle,Ransomware crew,False,,2024-02-26,2024-03-01,2024-03-06,4,Law enforcement notification,54861,bank_details|credentials|internal_email|passport|phone|postal_address,70064,no,31,3915438,yes,high,True,synthetic (Faker),
SYN-00232,"Data breach at Adams, Smith and Barber","Adams, Smith and Barber",private,Financial services,GB,Data breach,Third-party supplier access,Unattributed,Financially motivated,True,3,2024-02-09,2024-03-02,2024-03-19,22,Internal detection,1054515,donation_history|email|name|passport|phone|postal_address,,not_applicable,1,52072906,yes,high,True,synthetic (Faker),
SYN-00455,"Ransomware at Gould, O'Brien and Stanley","Gould, O'Brien and Stanley",vendor,Cloud/SaaS,IN,Ransomware,Help-desk social engineering,CobaltFinch,Ransomware crew,True,10950,2024-02-26,2024-03-03,2024-03-13,6,Internal detection,20055,bank_details|donation_history|phone|postal_address|safeguarding_notes|ssn_or_ni_number,5579032,no,61,4759921,yes,critical,True,synthetic (Faker),
SYN-01566,Insider incident at Hunt-Harrison,Hunt-Harrison,private,Legal/Professional,GB,Insider incident,Malicious insider,Unattributed,Insider,False,,2023-09-24,2024-03-03,2024-03-07,161,Law enforcement notification,607,credentials|credit_card|email|employment|name,,not_applicable,0,,yes,low,True,synthetic (Faker),
SYN-00904,Data breach at Stone-Stark,Stone-Stark,vendor,Software,FR,Data breach,Compromised credentials,AmberBastion,Nation state,True,433,2024-02-15,2024-03-04,2024-03-06,18,Internal detection,186455,credit_card|date_of_birth|email|name|passport|phone,,not_applicable,0,15527433,yes,medium,True,synthetic (Faker),
SYN-01313,Ransomware at Wright Group,Wright Group,vendor,Software,IN,Ransomware,Compromised credentials,TinCathedral,Ransomware crew,False,,2024-03-05,2024-03-05,2024-03-08,0,Internal detection,1022877,credit_card|health|name|phone|postal_address|ssn_or_ni_number,78196,no,7,40366338,unknown,high,True,synthetic (Faker),
SYN-00935,Ransomware at Hospice Fund,Hospice Fund,nonprofit,Charity/Nonprofit,SG,Ransomware,Unpatched vulnerability,VelvetSiphon,Ransomware crew,False,,2024-02-29,2024-03-06,2024-04-11,6,Third-party notification,17361,donation_history|health|internal_email,948778,yes,6,849598,yes,high,True,synthetic (Faker),
SYN-01005,Unauthorised access at Hospice Society,Hospice Society,nonprofit,Charity/Nonprofit,GB,Unauthorised access,Compromised credentials,HollowLantern,Ransomware crew,False,,2024-01-26,2024-03-07,2024-03-10,41,Customer report,32153,credentials|donation_history|email|postal_address|ssn_or_ni_number,,not_applicable,1,,yes,medium,True,synthetic (Faker),
SYN-01082,Ransomware at Bowers LLC,Bowers LLC,private,Healthcare,GB,Ransomware,Exposed RDP/VPN,ObsidianKoi,Ransomware crew,False,,2024-02-19,2024-03-08,2024-03-11,18,Customer report,48279,email|health|name|phone,1499836,yes,2,1530887,yes,medium,True,synthetic (Faker),
SYN-00113,Unauthorised access at Refuge Appeal,Refuge Appeal,nonprofit,Charity/Nonprofit,GB,Unauthorised access,Help-desk social engineering,Unattributed,Financially motivated,False,,2024-02-14,2024-03-10,2024-03-11,25,Third-party notification,40998,donation_history|employment|name|phone|safeguarding_notes,,not_applicable,1,3335406,yes,medium,True,synthetic (Faker),
SYN-00854,Ransomware at Mann PLC,Mann PLC,private,Retail,DE,Ransomware,Third-party supplier access,PaleHydra,Ransomware crew,True,40,2024-03-08,2024-03-10,2024-03-14,2,Third-party notification,154737,donation_history|email|phone,1046685,no,2,26403104,yes,medium,True,synthetic (Faker),
SYN-00444,Ransomware at Roach Group,Roach Group,vendor,Software,DE,Ransomware,Unpatched vulnerability,ObsidianKoi,Ransomware crew,True,4,2024-03-10,2024-03-13,2024-03-20,3,Third-party notification,957081,credit_card|donation_history|email|internal_email|name|phone|postal_address,20493,no,14,30486259,no,high,True,synthetic (Faker),
SYN-01729,Data breach at Wellbeing Alliance,Wellbeing Alliance,nonprofit,Charity/Nonprofit,NL,Data breach,Insecure API endpoint,Unattributed,Unknown,False,,2024-02-22,2024-03-14,2024-03-22,21,Third-party notification,33409,donation_history|email|health|name|passport|postal_address|safeguarding_notes|ssn_or_ni_number,,not_applicable,2,,yes,medium,True,synthetic (Faker),
SYN-01428,Business email compromise at Gibbons-Thomas,Gibbons-Thomas,private,Retail,US,Business email compromise,Phishing,Unattributed,Nation state,False,,2024-01-25,2024-03-16,2024-04-11,51,Third-party notification,,not_applicable,,not_applicable,0,80743,unknown,medium,True,synthetic (Faker),
SYN-00105,Ransomware at Lantern Trust,Lantern Trust,nonprofit,Charity/Nonprofit,US,Ransomware,Compromised credentials,ObsidianKoi,Ransomware crew,False,,2024-03-16,2024-03-19,2024-03-22,3,Internal detection,56918,email|employment|name|passport|phone|postal_address,1967174,no,6,3469669,yes,medium,True,synthetic (Faker),
SYN-00856,Supply chain compromise at Gross-Phillips,Gross-Phillips,private,Financial services,GB,Supply chain compromise,Third-party supplier access,HollowLantern,Ransomware crew,True,216,2024-01-25,2024-03-22,2024-03-26,57,Routine audit,1641677,email|health|name|postal_address,,not_applicable,0,208122549,yes,high,True,synthetic (Faker),
SYN-01797,Ransomware at Davies Inc,Davies Inc,private,Healthcare,US,Ransomware,Phishing,DimStag,Ransomware crew,False,,2024-03-16,2024-03-22,2024-04-04,6,Security vendor / MDR,367415,email|health|name|safeguarding_notes,121745,no,8,57168648,yes,high,True,synthetic (Faker),
SYN-00753,Business email compromise at Wright Ltd,Wright Ltd,vendor,Nonprofit technology,GB,Business email compromise,Phishing,PaleHydra,Ransomware crew,True,87,2024-01-27,2024-03-25,2024-03-28,58,Third-party notification,,not_applicable,,not_applicable,2,199219,no,medium,True,synthetic (Faker),
SYN-01516,"Ransomware at Kelly, Cook and Gonzalez","Kelly, Cook and Gonzalez",private,Legal/Professional,US,Ransomware,Compromised credentials,SlateWarden,Ransomware crew,False,,2024-03-23,2024-03-26,2024-04-03,3,Internal detection,2871,email|phone,39584,yes,2,,yes,low,True,synthetic (Faker),
SYN-01761,Ransomware at Dyer LLC,Dyer LLC,vendor,Nonprofit technology,US,Ransomware,Compromised credentials,RustVulture,Ransomware crew,True,544,2024-03-27,2024-03-28,2024-04-02,1,Third-party notification,1025790,credentials|donation_history|passport|phone|postal_address,1351538,no,151,117549988,yes,critical,True,synthetic (Faker),
SYN-00333,Unauthorised access at West Angelachester Council,West Angelachester Council,public,Local government,GB,Unauthorised access,Exposed RDP/VPN,Unattributed,Nation state,False,,2024-03-13,2024-03-29,2024-04-08,16,Security vendor / MDR,167685,donation_history|internal_email|name,182591,no,1,4542856,yes,medium,True,synthetic (Faker),
SYN-01549,"Ransomware at Cooper, Bennett and Gray","Cooper, Bennett and Gray",vendor,Nonprofit technology,US,Ransomware,Exposed RDP/VPN,HollowLantern,Ransomware crew,True,602,2024-03-26,2024-03-29,2024-05-01,3,Security vendor / MDR,52239541,credentials|donation_history|health|name|phone|safeguarding_notes,620014,no,5,1991182597,yes,high,True,synthetic (Faker),
SYN-00688,Ransomware at Yatesburgh Council,Yatesburgh Council,public,Local government,US,Ransomware,Help-desk social engineering,AmberBastion,Ransomware crew,False,,2024-03-25,2024-03-31,2024-04-18,6,Routine audit,216687,date_of_birth|employment|internal_email|name|phone|postal_address|safeguarding_notes,94488,no,18,31459828,yes,high,True,synthetic (Faker),
SYN-01149,Ransomware at Refuge Aid,Refuge Aid,nonprofit,Charity/Nonprofit,GB,Ransomware,Compromised credentials,IronMagpie,Ransomware crew,False,,2024-03-27,2024-04-05,2024-04-14,9,Security vendor / MDR,9037,date_of_birth|donation_history|email|employment|name|phone|postal_address|ssn_or_ni_number,539295,no,41,576394,yes,high,True,synthetic (Faker),
SYN-00409,Ransomware at Beck Inc,Beck Inc,private,Healthcare,GB,Ransomware,Exposed RDP/VPN,PaleHydra,Ransomware crew,False,,2024-04-04,2024-04-06,2024-04-07,2,Security vendor / MDR,767,donation_history|health,107934,no,14,,yes,medium,True,synthetic (Faker),
SYN-00493,Unauthorised access at Stone-Hernandez,Stone-Hernandez,private,Hospitality,AU,Unauthorised access,MFA fatigue,DimStag,Ransomware crew,False,,2023-01-21,2024-04-07,2024-04-13,442,Third-party notification,45931,credentials|employment|health|internal_email|passport|safeguarding_notes,762132,undisclosed,0,5035268,yes,medium,True,synthetic (Faker),
SYN-01414,"Ransomware at Begum, Bell and Stephens","Begum, Bell and Stephens",private,Healthcare,GB,Ransomware,Compromised credentials,DimStag,Ransomware crew,False,,2024-04-06,2024-04-11,2024-04-25,5,Customer report,113731,credentials|credit_card|donation_history|email|employment|health|name|phone,2424779,no,5,,yes,medium,True,synthetic (Faker),
SYN-00898,Unauthorised access at East Alex Council,East Alex Council,public,Education,GB,Unauthorised access,MFA fatigue,TinCathedral,Nation state,False,,2024-02-04,2024-04-13,2024-04-26,69,Customer report,2489,bank_details|date_of_birth|email|employment|health|postal_address,,not_applicable,17,1545484,yes,medium,True,synthetic (Faker),
SYN-01167,Ransomware at Patterson Group,Patterson Group,private,Financial services,GB,Ransomware,Compromised credentials,NineSpindle,Ransomware crew,False,,2024-04-11,2024-04-14,2024-04-17,3,Public leak / dark web,7509,bank_details|internal_email|phone|postal_address|safeguarding_notes,312161,no,1,,yes,medium,True,synthetic (Faker),
SYN-01876,DDoS at Literacy Alliance,Literacy Alliance,nonprofit,Charity/Nonprofit,IN,DDoS,Volumetric flood,Unattributed,Financially motivated,False,,2024-04-14,2024-04-14,2024-05-13,0,Third-party notification,499,bank_details|credit_card|donation_history|passport|postal_address,,not_applicable,2,177976,yes,medium,True,synthetic (Faker),
SYN-00563,Unauthorised access at Wellbeing Trust,Wellbeing Trust,nonprofit,Charity/Nonprofit,AU,Unauthorised access,MFA fatigue,NineSpindle,Ransomware crew,False,,2024-03-07,2024-04-17,2024-04-18,41,Security vendor / MDR,4965,email|phone,422273,no,0,401143,yes,low,True,synthetic (Faker),
SYN-01814,Business email compromise at Wilkins Group,Wilkins Group,vendor,Cloud/SaaS,GB,Business email compromise,Phishing,Unattributed,Unknown,False,,2024-04-14,2024-04-18,2024-04-23,4,Internal detection,,not_applicable,,not_applicable,0,,no,medium,True,synthetic (Faker),
SYN-00467,Data breach at Sanderson-Hall,Sanderson-Hall,private,Manufacturing,GB,Data breach,Phishing,Unattributed,Insider,False,,2024-03-13,2024-04-22,2024-04-25,40,Internal detection,5,donation_history|email|health|name|phone|postal_address|ssn_or_ni_number,287875,no,0,76684,yes,medium,True,synthetic (Faker),
SYN-01960,"Insider incident at Turner, Burgess and Perkins","Turner, Burgess and Perkins",private,Healthcare,US,Insider incident,Negligent insider,Unattributed,Insider,False,,2024-01-01,2024-04-22,2024-05-05,112,Security vendor / MDR,127150,credit_card|email|health|internal_email|name|phone|postal_address|ssn_or_ni_number,,not_applicable,0,16673880,yes,medium,True,synthetic (Faker),
SYN-01130,Ransomware at Refuge Support,Refuge Support,nonprofit,Charity/Nonprofit,GB,Ransomware,Compromised credentials,RustVulture,Ransomware crew,False,,2024-04-14,2024-04-25,2024-05-13,11,Security vendor / MDR,2954998,donation_history|email|name,1652891,undisclosed,29,208753811,yes,high,True,synthetic (Faker),
SYN-01688,Ransomware at Hughes-Barlow,Hughes-Barlow,vendor,Cloud/SaaS,FR,Ransomware,Exposed RDP/VPN,VelvetSiphon,Ransomware crew,False,,2024-04-23,2024-04-25,2024-04-30,2,Third-party notification,1956166,email|phone|postal_address|safeguarding_notes,1446863,no,23,251512147,no,high,True,synthetic (Faker),
SYN-00049,Data breach at Rodneymouth Authority,Rodneymouth Authority,public,Education,US,Data breach,Misconfigured cloud storage,Unattributed,Unknown,False,,2024-04-23,2024-04-27,2024-04-29,4,Third-party notification,9033,passport|phone,,not_applicable,0,1826706,yes,low,True,synthetic (Faker),
SYN-00252,Unauthorised access at John Group,John Group,private,Financial services,DE,Unauthorised access,MFA fatigue,PaleHydra,Ransomware crew,False,,2024-03-08,2024-04-27,2024-05-01,50,Customer report,2966037,name|phone|safeguarding_notes,,not_applicable,2,,yes,high,True,synthetic (Faker),
SYN-01657,Unauthorised access at New Neilstad District Board,New Neilstad District Board,public,Education,GB,Unauthorised access,Compromised credentials,IronMagpie,Ransomware crew,False,,2024-04-23,2024-04-27,2024-05-02,4,Routine audit,64502,email|health,,not_applicable,0,3348674,yes,medium,True,synthetic (Faker),
SYN-01659,Phishing campaign at Lee and Sons,Lee and Sons,private,Logistics,GB,Phishing campaign,Phishing,Unattributed,Insider,False,,2024-04-15,2024-04-27,2024-04-29,12,Third-party notification,590,credit_card|email|employment|health|name|phone|postal_address,,not_applicable,1,436646,no,medium,True,synthetic (Faker),
SYN-01817,Data breach at Hall Group,Hall Group,private,Retail,GB,Data breach,Compromised credentials,Unattributed,Unknown,False,,2024-04-18,2024-04-27,2024-05-04,9,Customer report,326488,date_of_birth|email|name|passport|phone|postal_address|ssn_or_ni_number,,not_applicable,0,33453803,yes,medium,True,synthetic (Faker),
SYN-00649,Ransomware at Johnson LLC,Johnson LLC,private,Hospitality,IE,Ransomware,Compromised credentials,DimStag,Ransomware crew,False,,2024-04-09,2024-04-28,2024-05-23,19,Security vendor / MDR,46747,email|name|passport|phone|postal_address,32598978,no,34,5190084,yes,high,True,synthetic (Faker),
SYN-01426,Ransomware at North Edward Authority,North Edward Authority,public,Education,GB,Ransomware,Phishing,SlateWarden,Ransomware crew,False,,2024-04-26,2024-04-28,2024-05-02,2,Third-party notification,15268,email|internal_email|name|passport|phone|postal_address|ssn_or_ni_number,6124628,no,8,2537057,yes,high,True,synthetic (Faker),
SYN-00285,Supply chain compromise at Richards-Singh,Richards-Singh,private,Healthcare,GB,Supply chain compromise,Third-party supplier access,Unattributed,Financially motivated,True,21,2023-11-29,2024-04-29,2024-05-11,152,Internal detection,441639,health|internal_email|name|postal_address,,not_applicable,0,60095196,yes,high,True,synthetic (Faker),
SYN-00051,Data breach at Bates PLC,Bates PLC,vendor,Software,SG,Data breach,Credential stuffing,Unattributed,Financially motivated,False,,2024-01-17,2024-04-30,2024-05-15,104,Security vendor / MDR,14395,credit_card|email|health|internal_email|name|postal_address|safeguarding_notes,,not_applicable,1,769818,unknown,medium,True,synthetic (Faker),
SYN-00208,"Ransomware at Curry, Carroll and Roberts","Curry, Carroll and Roberts",private,Logistics,US,Ransomware,Phishing,Unattributed,Ransomware crew,False,,2024-04-30,2024-05-02,2024-05-08,2,Law enforcement notification,3301,date_of_birth|email|health|phone|postal_address,45969,yes,53,5079150,no,high,True,synthetic (Faker),
SYN-01211,"Insider incident at Li, Andrews and Benson","Li, Andrews and Benson",private,Financial services,IE,Insider incident,Malicious insider,Unattributed,Insider,False,,2024-04-04,2024-05-04,2024-06-08,30,Internal detection,47717,credentials|employment|phone|postal_address|ssn_or_ni_number,,not_applicable,0,,yes,medium,True,synthetic (Faker),
SYN-01152,Data breach at Literacy Trust,Literacy Trust,nonprofit,Charity/Nonprofit,GB,Data breach,Compromised credentials,VelvetSiphon,Nation state,False,,2024-04-08,2024-05-05,2024-05-10,27,Internal detection,34887,credit_card|email|name|passport|postal_address|ssn_or_ni_number,,not_applicable,1,1123951,yes,medium,True,synthetic (Faker),
SYN-00403,Data breach at Turner Inc,Turner Inc,private,Hospitality,IN,Data breach,Third-party supplier access,QuietFathom,Ransomware crew,True,21,2024-04-27,2024-05-06,2024-05-08,9,Third-party notification,151830,email|phone|ssn_or_ni_number,25650,undisclosed,2,17985995,yes,high,True,synthetic (Faker),
SYN-00771,Supply chain compromise at Brown and Sons,Brown and Sons,private,Healthcare,GB,Supply chain compromise,Third-party supplier access,Unattributed,Ransomware crew,True,5,2024-04-16,2024-05-06,2024-05-24,20,Customer report,526340,donation_history|health|internal_email|postal_address,,not_applicable,2,21732786,yes,high,True,synthetic (Faker),
SYN-01083,Supply chain compromise at Reynolds PLC,Reynolds PLC,private,Legal/Professional,GB,Supply chain compromise,Third-party supplier access,Unattributed,Financially motivated,True,157,2023-11-12,2024-05-06,2024-05-16,176,Internal detection,634071,donation_history|employment|name|passport|postal_address,923269,undisclosed,0,,yes,medium,True,synthetic (Faker),
SYN-00028,"Ransomware at Peterson, Carter and Moore","Peterson, Carter and Moore",private,Legal/Professional,GB,Ransomware,Phishing,ObsidianKoi,Ransomware crew,False,,2024-04-21,2024-05-07,2024-05-10,16,Law enforcement notification,3923,credentials|credit_card|name|passport|phone|postal_address|ssn_or_ni_number,9612,no,31,3356691,yes,high,True,synthetic (Faker),
SYN-01208,Ransomware at Murrayshire Authority,Murrayshire Authority,public,Energy/Utilities,GB,Ransomware,Unpatched vulnerability,SlateWarden,Ransomware crew,False,,2024-05-06,2024-05-08,2024-05-15,2,Internal detection,1362,employment|phone|postal_address,3915020,no,15,1146722,yes,medium,True,synthetic (Faker),
SYN-00178,Business email compromise at Michaelmouth Authority,Michaelmouth Authority,public,Education,CA,Business email compromise,Compromised credentials,TinCathedral,Ransomware crew,False,,2024-05-04,2024-05-10,2024-05-23,6,Security vendor / MDR,,not_applicable,,not_applicable,1,270025,unknown,low,True,synthetic (Faker),
SYN-01743,Unauthorised access at Short Group,Short Group,private,Healthcare,US,Unauthorised access,Compromised credentials,Unattributed,Ransomware crew,False,,2024-04-29,2024-05-10,2024-05-11,11,Security vendor / MDR,513319,bank_details|credentials|date_of_birth|email|health|name|phone|postal_address,,not_applicable,0,26166326,yes,medium,True,synthetic (Faker),
=======
SYN-00710,"Ransomware at Dixon, Armstrong and Adams","Dixon, Armstrong and Adams",private,Hospitality,US,Ransomware,Compromised credentials,SlateWarden,Ransomware crew,False,,2023-11-25,2023-11-30,2023-12-01,5,Third-party notification,107945,bank_details|email|phone|postal_address|safeguarding_notes|ssn_or_ni_number,271505,yes,2,,yes,medium,True,synthetic (Faker),
SYN-00533,Data breach at Bradley-Todd,Bradley-Todd,private,Financial services,GB,Data breach,Misconfigured cloud storage,Unattributed,Financially motivated,False,,2023-11-21,2023-12-01,2023-12-01,10,Internal detection,164733,credentials|email|employment|name|safeguarding_notes|ssn_or_ni_number,,not_applicable,1,,yes,medium,True,synthetic (Faker),
SYN-00781,Business email compromise at Smith Group,Smith Group,vendor,Software,US,Business email compromise,Phishing,GlassMantis,Ransomware crew,True,226,2023-11-17,2023-12-01,2023-12-07,14,Internal detection,,not_applicable,,not_applicable,7,162694,unknown,high,True,synthetic (Faker),
SYN-00053,Unauthorised access at Baxter Inc,Baxter Inc,private,Logistics,GB,Unauthorised access,Exposed RDP/VPN,Unattributed,Ransomware crew,False,,2023-11-08,2023-12-06,2023-12-23,28,Routine audit,10697983,credit_card|email|internal_email|phone,,not_applicable,1,1156975719,yes,medium,True,synthetic (Faker),
SYN-00160,Ransomware at Kent-Adams,Kent-Adams,private,Manufacturing,US,Ransomware,Compromised credentials,Unattributed,Ransomware crew,False,,2023-12-05,2023-12-14,2023-12-17,9,Public leak / dark web,4144,date_of_birth|employment,6392258,no,70,,yes,medium,True,synthetic (Faker),
SYN-00585,Data breach at Shelter Society,Shelter Society,nonprofit,Charity/Nonprofit,US,Data breach,Unpatched vulnerability,AmberBastion,Ransomware crew,False,,2023-11-18,2023-12-14,2023-12-19,26,Internal detection,1825,bank_details|donation_history|employment|name|passport|phone,,not_applicable,0,125878,yes,medium,True,synthetic (Faker),
SYN-00242,Ransomware at South Arthurmouth District Board,South Arthurmouth District Board,public,Energy/Utilities,AU,Ransomware,Phishing,DimStag,Ransomware crew,False,,2023-12-27,2023-12-28,2024-01-04,1,Routine audit,2171,bank_details|health|name|passport|phone|postal_address,52429,no,10,1253805,yes,medium,True,synthetic (Faker),
SYN-00439,Ransomware at Edwardsview Authority,Edwardsview Authority,public,Education,GB,Ransomware,Exposed RDP/VPN,QuietFathom,Ransomware crew,False,,2023-12-27,2023-12-28,2024-01-04,1,Internal detection,773,bank_details|email|name|postal_address|ssn_or_ni_number,1058376,no,4,447317,yes,medium,True,synthetic (Faker),
SYN-00843,"Business email compromise at Johnson, Haynes and Meza","Johnson, Haynes and Meza",private,Financial services,US,Business email compromise,Compromised credentials,Unattributed,Financially motivated,False,,2023-12-08,2023-12-31,2024-01-17,23,Security vendor / MDR,,not_applicable,,not_applicable,3,324964,no,low,True,synthetic (Faker),
SYN-00928,Data breach at Jones-Williams,Jones-Williams,vendor,Cloud/SaaS,IE,Data breach,Compromised credentials,Unattributed,Unknown,False,,2023-12-25,2024-01-07,2024-01-14,13,Law enforcement notification,16848,credentials|credit_card|email|health|phone,377842,no,3,3038658,unknown,medium,True,synthetic (Faker),
SYN-00702,Data breach at McLean Group,McLean Group,private,Hospitality,AU,Data breach,Phishing,HollowLantern,Ransomware crew,False,,2023-12-08,2024-01-10,2024-01-12,33,Internal detection,509179,credit_card|email|phone,,not_applicable,2,76830395,yes,medium,True,synthetic (Faker),
SYN-00920,Data breach at Kemp PLC,Kemp PLC,private,Retail,US,Data breach,Insecure API endpoint,Unattributed,Financially motivated,False,,2023-12-28,2024-01-10,2024-02-05,13,Internal detection,249282,credentials|email,,not_applicable,0,41232425,yes,medium,True,synthetic (Faker),
SYN-00669,"Data breach at Porter, Schultz and Allen","Porter, Schultz and Allen",private,Hospitality,IE,Data breach,Insecure API endpoint,Unattributed,Insider,False,,2024-01-06,2024-01-15,2024-01-22,9,Third-party notification,10158,internal_email|name|ssn_or_ni_number,,not_applicable,0,887742,unknown,medium,True,synthetic (Faker),
SYN-00529,Business email compromise at Kirby-Scott,Kirby-Scott,private,Retail,US,Business email compromise,MFA fatigue,Unattributed,Unknown,False,,2024-01-12,2024-01-18,2024-01-24,6,Third-party notification,,not_applicable,,not_applicable,0,217429,no,medium,True,synthetic (Faker),
SYN-00168,Unauthorised access at Harvest Foundation,Harvest Foundation,nonprofit,Charity/Nonprofit,US,Unauthorised access,Insecure API endpoint,Unattributed,Hacktivist,False,,2023-12-23,2024-01-20,2024-01-23,28,Public leak / dark web,32694,employment|internal_email|name|passport,,not_applicable,2,1696329,yes,medium,True,synthetic (Faker),
SYN-00457,Insider incident at King Ltd,King Ltd,private,Legal/Professional,GB,Insider incident,Malicious insider,Unattributed,Insider,False,,2023-10-28,2024-01-20,2024-01-27,84,Customer report,25625,credit_card|email|name|passport|phone,,not_applicable,12,,yes,medium,True,synthetic (Faker),
SYN-00045,Data breach at Port Thomas Council,Port Thomas Council,public,Local government,GB,Data breach,Unpatched vulnerability,NineSpindle,Ransomware crew,False,,2024-01-13,2024-01-27,2024-02-09,14,Law enforcement notification,92830422,credentials|donation_history|email|employment|internal_email|phone|postal_address,,not_applicable,0,,yes,medium,True,synthetic (Faker),
SYN-00036,Ransomware at Hill-Jenkins,Hill-Jenkins,vendor,Cloud/SaaS,IE,Ransomware,Unpatched vulnerability,VelvetSiphon,Ransomware crew,True,1041,2024-01-24,2024-02-01,2024-02-15,8,Law enforcement notification,1305279,email|name|phone|safeguarding_notes,1169121,no,40,,yes,critical,True,synthetic (Faker),
SYN-00655,Data breach at Pattonstad NHS Trust,Pattonstad NHS Trust,public,Local government,US,Data breach,Third-party supplier access,HollowLantern,Nation state,True,633,2024-01-12,2024-02-02,2024-02-06,21,Internal detection,420,credit_card|passport,,not_applicable,0,248716,yes,medium,True,synthetic (Faker),
SYN-00435,Unauthorised access at East Carlosstad NHS Trust,East Carlosstad NHS Trust,public,Local government,GB,Unauthorised access,Compromised credentials,Unattributed,Financially motivated,False,,2024-02-02,2024-02-05,2024-02-29,3,Internal detection,537,bank_details|donation_history|health|phone|postal_address|safeguarding_notes,,not_applicable,0,,yes,medium,True,synthetic (Faker),
SYN-00278,Business email compromise at Lake Bryan District Board,Lake Bryan District Board,public,Local government,US,Business email compromise,MFA fatigue,Unattributed,Unknown,False,,2023-10-07,2024-02-08,2024-02-09,124,Third-party notification,160,bank_details|email|health|internal_email|name|postal_address,,not_applicable,0,,yes,medium,True,synthetic (Faker),
SYN-00817,Supply chain compromise at Rivers Care,Rivers Care,nonprofit,Charity/Nonprofit,CA,Supply chain compromise,Third-party supplier access,HollowLantern,Ransomware crew,True,10,2023-11-16,2024-02-11,2024-02-14,87,Internal detection,28140,bank_details|credentials|donation_history,,not_applicable,2,1917413,yes,high,True,synthetic (Faker),
SYN-00222,Ransomware at Parry-Murray,Parry-Murray,private,Logistics,US,Ransomware,Phishing,QuietFathom,Ransomware crew,False,,2024-02-07,2024-02-13,2024-02-25,6,Third-party notification,177240,date_of_birth|email|health,1319675,no,12,7282759,unknown,high,True,synthetic (Faker),
SYN-00386,"DDoS at Smith, Morgan and McKenzie","Smith, Morgan and McKenzie",private,Healthcare,US,DDoS,Application-layer flood,CobaltFinch,Ransomware crew,False,,2024-02-15,2024-02-15,2024-02-15,0,Internal detection,,not_applicable,,not_applicable,1,426278,unknown,medium,True,synthetic (Faker),
REAL-0004,Change Healthcare ransomware,Change Healthcare (UnitedHealth),private,Healthcare,US,Ransomware,Compromised credentials (no MFA),ALPHV/BlackCat,Ransomware crew,False,,2024-02-12,2024-02-21,2024-02-22,9,Internal detection,190000000,name|postal_address|ssn|health|insurance|financial,22000000,yes,30,2900000000,yes,critical,False,UnitedHealth Group filings; HHS OCR,Largest US healthcare breach by individuals affected. Citrix portal without MFA.
SYN-00361,Ransomware at Carpenter-Best,Carpenter-Best,vendor,Software,GB,Ransomware,Phishing,Unattributed,Ransomware crew,True,334,2024-02-22,2024-02-24,2024-03-03,2,Law enforcement notification,11210,bank_details|email|employment|name,165423,no,35,4350207,no,critical,True,synthetic (Faker),
SYN-00070,Data breach at Powell PLC,Powell PLC,vendor,Software,IN,Data breach,Phishing,PaleHydra,Ransomware crew,True,1035,2024-02-11,2024-02-25,2024-03-07,14,Third-party notification,21741,bank_details|credit_card|email|name|phone|postal_address,,not_applicable,2,2800096,yes,high,True,synthetic (Faker),
SYN-00624,"Unauthorised access at Madden, Dickson and Jacobson","Madden, Dickson and Jacobson",private,Logistics,US,Unauthorised access,Help-desk social engineering,NineSpindle,Ransomware crew,False,,2024-01-19,2024-02-26,2024-02-29,38,Third-party notification,16259,email|name|passport|phone|postal_address,,not_applicable,0,2166407,yes,medium,True,synthetic (Faker),
SYN-00030,"Ransomware at Walker, Taylor and Burns","Walker, Taylor and Burns",private,Retail,NL,Ransomware,Help-desk social engineering,NineSpindle,Ransomware crew,False,,2024-02-26,2024-03-01,2024-03-06,4,Law enforcement notification,54861,bank_details|credentials|internal_email|passport|phone|postal_address,70064,no,31,3915438,yes,high,True,synthetic (Faker),
SYN-00232,"Data breach at Adams, Smith and Barber","Adams, Smith and Barber",private,Financial services,GB,Data breach,Third-party supplier access,Unattributed,Financially motivated,True,3,2024-02-09,2024-03-02,2024-03-19,22,Internal detection,1054515,donation_history|email|name|passport|phone|postal_address,,not_applicable,1,52072906,yes,high,True,synthetic (Faker),
SYN-00455,"Ransomware at Gould, O'Brien and Stanley","Gould, O'Brien and Stanley",vendor,Cloud/SaaS,IN,Ransomware,Help-desk social engineering,CobaltFinch,Ransomware crew,True,10950,2024-02-26,2024-03-03,2024-03-13,6,Internal detection,20055,bank_details|donation_history|phone|postal_address|safeguarding_notes|ssn_or_ni_number,5579032,no,61,4759921,yes,critical,True,synthetic (Faker),
SYN-00904,Data breach at Stone-Stark,Stone-Stark,vendor,Software,FR,Data breach,Compromised credentials,AmberBastion,Nation state,True,433,2024-02-15,2024-03-04,2024-03-06,18,Internal detection,186455,credit_card|date_of_birth|email|name|passport|phone,,not_applicable,0,15527433,yes,medium,True,synthetic (Faker),
SYN-00935,Ransomware at Hospice Fund,Hospice Fund,nonprofit,Charity/Nonprofit,SG,Ransomware,Unpatched vulnerability,VelvetSiphon,Ransomware crew,False,,2024-02-29,2024-03-06,2024-04-11,6,Third-party notification,17361,donation_history|health|internal_email,948778,yes,6,849598,yes,high,True,synthetic (Faker),
SYN-00113,Unauthorised access at Refuge Appeal,Refuge Appeal,nonprofit,Charity/Nonprofit,GB,Unauthorised access,Help-desk social engineering,Unattributed,Financially motivated,False,,2024-02-14,2024-03-10,2024-03-11,25,Third-party notification,40998,donation_history|employment|name|phone|safeguarding_notes,,not_applicable,1,3335406,yes,medium,True,synthetic (Faker),
SYN-00854,Ransomware at Mann PLC,Mann PLC,private,Retail,DE,Ransomware,Third-party supplier access,PaleHydra,Ransomware crew,True,40,2024-03-08,2024-03-10,2024-03-14,2,Third-party notification,154737,donation_history|email|phone,1046685,no,2,26403104,yes,medium,True,synthetic (Faker),
SYN-00444,Ransomware at Roach Group,Roach Group,vendor,Software,DE,Ransomware,Unpatched vulnerability,ObsidianKoi,Ransomware crew,True,4,2024-03-10,2024-03-13,2024-03-20,3,Third-party notification,957081,credit_card|donation_history|email|internal_email|name|phone|postal_address,20493,no,14,30486259,no,high,True,synthetic (Faker),
SYN-00105,Ransomware at Lantern Trust,Lantern Trust,nonprofit,Charity/Nonprofit,US,Ransomware,Compromised credentials,ObsidianKoi,Ransomware crew,False,,2024-03-16,2024-03-19,2024-03-22,3,Internal detection,56918,email|employment|name|passport|phone|postal_address,1967174,no,6,3469669,yes,medium,True,synthetic (Faker),
SYN-00856,Supply chain compromise at Gross-Phillips,Gross-Phillips,private,Financial services,GB,Supply chain compromise,Third-party supplier access,HollowLantern,Ransomware crew,True,216,2024-01-25,2024-03-22,2024-03-26,57,Routine audit,1641677,email|health|name|postal_address,,not_applicable,0,208122549,yes,high,True,synthetic (Faker),
SYN-00753,Business email compromise at Wright Ltd,Wright Ltd,vendor,Nonprofit technology,GB,Business email compromise,Phishing,PaleHydra,Ransomware crew,True,87,2024-01-27,2024-03-25,2024-03-28,58,Third-party notification,,not_applicable,,not_applicable,2,199219,no,medium,True,synthetic (Faker),
SYN-00333,Unauthorised access at West Angelachester Council,West Angelachester Council,public,Local government,GB,Unauthorised access,Exposed RDP/VPN,Unattributed,Nation state,False,,2024-03-13,2024-03-29,2024-04-08,16,Security vendor / MDR,167685,donation_history|internal_email|name,182591,no,1,4542856,yes,medium,True,synthetic (Faker),
SYN-00688,Ransomware at Yatesburgh Council,Yatesburgh Council,public,Local government,US,Ransomware,Help-desk social engineering,AmberBastion,Ransomware crew,False,,2024-03-25,2024-03-31,2024-04-18,6,Routine audit,216687,date_of_birth|employment|internal_email|name|phone|postal_address|safeguarding_notes,94488,no,18,31459828,yes,high,True,synthetic (Faker),
SYN-00409,Ransomware at Beck Inc,Beck Inc,private,Healthcare,GB,Ransomware,Exposed RDP/VPN,PaleHydra,Ransomware crew,False,,2024-04-04,2024-04-06,2024-04-07,2,Security vendor / MDR,767,donation_history|health,107934,no,14,,yes,medium,True,synthetic (Faker),
SYN-00493,Unauthorised access at Stone-Hernandez,Stone-Hernandez,private,Hospitality,AU,Unauthorised access,MFA fatigue,DimStag,Ransomware crew,False,,2023-01-21,2024-04-07,2024-04-13,442,Third-party notification,45931,credentials|employment|health|internal_email|passport|safeguarding_notes,762132,undisclosed,0,5035268,yes,medium,True,synthetic (Faker),
SYN-00898,Unauthorised access at East Alex Council,East Alex Council,public,Education,GB,Unauthorised access,MFA fatigue,TinCathedral,Nation state,False,,2024-02-04,2024-04-13,2024-04-26,69,Customer report,2489,bank_details|date_of_birth|email|employment|health|postal_address,,not_applicable,17,1545484,yes,medium,True,synthetic (Faker),
SYN-00563,Unauthorised access at Wellbeing Trust,Wellbeing Trust,nonprofit,Charity/Nonprofit,AU,Unauthorised access,MFA fatigue,NineSpindle,Ransomware crew,False,,2024-03-07,2024-04-17,2024-04-18,41,Security vendor / MDR,4965,email|phone,422273,no,0,401143,yes,low,True,synthetic (Faker),
SYN-00467,Data breach at Sanderson-Hall,Sanderson-Hall,private,Manufacturing,GB,Data breach,Phishing,Unattributed,Insider,False,,2024-03-13,2024-04-22,2024-04-25,40,Internal detection,5,donation_history|email|health|name|phone|postal_address|ssn_or_ni_number,287875,no,0,76684,yes,medium,True,synthetic (Faker),
SYN-00049,Data breach at Rodneymouth Authority,Rodneymouth Authority,public,Education,US,Data breach,Misconfigured cloud storage,Unattributed,Unknown,False,,2024-04-23,2024-04-27,2024-04-29,4,Third-party notification,9033,passport|phone,,not_applicable,0,1826706,yes,low,True,synthetic (Faker),
SYN-00252,Unauthorised access at John Group,John Group,private,Financial services,DE,Unauthorised access,MFA fatigue,PaleHydra,Ransomware crew,False,,2024-03-08,2024-04-27,2024-05-01,50,Customer report,2966037,name|phone|safeguarding_notes,,not_applicable,2,,yes,high,True,synthetic (Faker),
SYN-00649,Ransomware at Johnson LLC,Johnson LLC,private,Hospitality,IE,Ransomware,Compromised credentials,DimStag,Ransomware crew,False,,2024-04-09,2024-04-28,2024-05-23,19,Security vendor / MDR,46747,email|name|passport|phone|postal_address,32598978,no,34,5190084,yes,high,True,synthetic (Faker),
SYN-00285,Supply chain compromise at Richards-Singh,Richards-Singh,private,Healthcare,GB,Supply chain compromise,Third-party supplier access,Unattributed,Financially motivated,True,21,2023-11-29,2024-04-29,2024-05-11,152,Internal detection,441639,health|internal_email|name|postal_address,,not_applicable,0,60095196,yes,high,True,synthetic (Faker),
SYN-00051,Data breach at Bates PLC,Bates PLC,vendor,Software,SG,Data breach,Credential stuffing,Unattributed,Financially motivated,False,,2024-01-17,2024-04-30,2024-05-15,104,Security vendor / MDR,14395,credit_card|email|health|internal_email|name|postal_address|safeguarding_notes,,not_applicable,1,769818,unknown,medium,True,synthetic (Faker),
SYN-00208,"Ransomware at Curry, Carroll and Roberts","Curry, Carroll and Roberts",private,Logistics,US,Ransomware,Phishing,Unattributed,Ransomware crew,False,,2024-04-30,2024-05-02,2024-05-08,2,Law enforcement notification,3301,date_of_birth|email|health|phone|postal_address,45969,yes,53,5079150,no,high,True,synthetic (Faker),
SYN-00403,Data breach at Turner Inc,Turner Inc,private,Hospitality,IN,Data breach,Third-party supplier access,QuietFathom,Ransomware crew,True,21,2024-04-27,2024-05-06,2024-05-08,9,Third-party notification,151830,email|phone|ssn_or_ni_number,25650,undisclosed,2,17985995,yes,high,True,synthetic (Faker),
SYN-00771,Supply chain compromise at Brown and Sons,Brown and Sons,private,Healthcare,GB,Supply chain compromise,Third-party supplier access,Unattributed,Ransomware crew,True,5,2024-04-16,2024-05-06,2024-05-24,20,Customer report,526340,donation_history|health|internal_email|postal_address,,not_applicable,2,21732786,yes,high,True,synthetic (Faker),
SYN-00028,"Ransomware at Peterson, Carter and Moore","Peterson, Carter and Moore",private,Legal/Professional,GB,Ransomware,Phishing,ObsidianKoi,Ransomware crew,False,,2024-04-21,2024-05-07,2024-05-10,16,Law enforcement notification,3923,credentials|credit_card|name|passport|phone|postal_address|ssn_or_ni_number,9612,no,31,3356691,yes,high,True,synthetic (Faker),
SYN-00178,Business email compromise at Michaelmouth Authority,Michaelmouth Authority,public,Education,CA,Business email compromise,Compromised credentials,TinCathedral,Ransomware crew,False,,2024-05-04,2024-05-10,2024-05-23,6,Security vendor / MDR,,not_applicable,,not_applicable,1,270025,unknown,low,True,synthetic (Faker),
>>>>>>> 8a74902011229c25354fcb7e063b9152ef665657
SYN-00583,Data breach at Hernandez-Bennett,Hernandez-Bennett,private,Retail,US,Data breach,Compromised credentials,Unattributed,Hacktivist,False,,2024-04-27,2024-05-11,2024-05-16,14,Third-party notification,1372962,credentials|donation_history,,not_applicable,0,113198664,yes,medium,True,synthetic (Faker),
SYN-00673,Data breach at Wayfarer Aid,Wayfarer Aid,nonprofit,Charity/Nonprofit,CA,Data breach,Credential stuffing,Unattributed,Financially motivated,False,,2023-12-13,2024-05-12,2024-05-18,151,Third-party notification,3116,donation_history|email|health|name|passport|phone|postal_address,,not_applicable,0,,yes,medium,True,synthetic (Faker),
SYN-00598,Phishing campaign at Rocha-Wood,Rocha-Wood,vendor,Nonprofit technology,GB,Phishing campaign,Phishing,SlateWarden,Ransomware crew,False,,2024-04-26,2024-05-13,2024-06-08,17,Internal detection,442842,donation_history|name|phone|postal_address|ssn_or_ni_number,,not_applicable,0,14294466,yes,medium,True,synthetic (Faker),
SYN-00955,"Ransomware at Davis, Kelly and Garner","Davis, Kelly and Garner",private,Retail,US,Ransomware,Exposed RDP/VPN,Unattributed,Ransomware crew,False,,2024-05-03,2024-05-20,2024-05-24,17,Internal detection,6845,credentials|health|name|phone|postal_address,50051357,yes,10,1382999,yes,medium,True,synthetic (Faker),
<<<<<<< HEAD
SYN-01867,"Data breach at Hines, White and Smith","Hines, White and Smith",vendor,Cloud/SaaS,US,Data breach,Compromised credentials,RustVulture,Ransomware crew,False,,2024-05-07,2024-05-20,2024-05-21,13,Internal detection,73168,credentials|email|ssn_or_ni_number,557334,no,7,,yes,high,True,synthetic (Faker),
=======
>>>>>>> 8a74902011229c25354fcb7e063b9152ef665657
SYN-00327,"Unauthorised access at Farmer, Dorsey and Bell","Farmer, Dorsey and Bell",private,Hospitality,US,Unauthorised access,MFA fatigue,VelvetSiphon,Ransomware crew,False,,2024-04-24,2024-05-21,2024-06-03,27,Customer report,3804,date_of_birth|donation_history|email|internal_email|name|phone,,not_applicable,0,855922,yes,low,True,synthetic (Faker),
REAL-0018,Snowflake customer-tenant data theft,Snowflake customers (Ticketmaster et al.),vendor,Cloud/SaaS,US,Data breach,"Credential stuffing (infostealer creds, no MFA)",ShinyHunters / UNC5537,Financially motivated,True,165,2024-04-14,2024-05-23,2024-05-31,39,Third-party notification,560000000,name|email|phone|postal_address|partial_payment_card,500000,no,0,,yes,critical,False,Mandiant UNC5537 report (Jun 2024),Not a platform breach — customer tenants without MFA. Directly analogous to CRM tenant risk.
SYN-00186,Business email compromise at Mccann PLC,Mccann PLC,vendor,Software,GB,Business email compromise,Phishing,Unattributed,Ransomware crew,False,,2024-04-27,2024-05-23,2024-05-27,26,Security vendor / MDR,,not_applicable,,not_applicable,0,295526,no,medium,True,synthetic (Faker),
SYN-00910,Ransomware at Rivers Fund,Rivers Fund,nonprofit,Charity/Nonprofit,CA,Ransomware,Compromised credentials,AmberBastion,Ransomware crew,False,,2024-05-16,2024-05-23,2024-05-30,7,Internal detection,3431,bank_details|donation_history|email|employment|name|phone|safeguarding_notes,1340125,no,6,572265,yes,medium,True,synthetic (Faker),
SYN-00967,"Data breach at Miller, Jones and Miller","Miller, Jones and Miller",private,Healthcare,AU,Data breach,Insecure API endpoint,Unattributed,Financially motivated,False,,2024-01-19,2024-05-25,2024-05-31,127,Third-party notification,21749,credentials|credit_card|email|health|name,,not_applicable,0,2786820,yes,medium,True,synthetic (Faker),
SYN-00264,"Unauthorised access at Roberts, Lloyd and Bates","Roberts, Lloyd and Bates",private,Healthcare,US,Unauthorised access,Insecure API endpoint,AmberBastion,Ransomware crew,False,,2024-04-30,2024-05-29,2024-06-14,29,Internal detection,190840,credentials|date_of_birth|donation_history|health|internal_email|name|passport|phone,,not_applicable,1,8476333,yes,medium,True,synthetic (Faker),
SYN-00234,Business email compromise at Arnold-Daniels,Arnold-Daniels,private,Healthcare,US,Business email compromise,Compromised credentials,RustVulture,Ransomware crew,False,,2024-05-03,2024-05-30,2024-06-09,27,Customer report,1205,credit_card|donation_history|email|health|passport,,not_applicable,3,300885,yes,medium,True,synthetic (Faker),
SYN-00999,Business email compromise at Berry-Murphy,Berry-Murphy,private,Legal/Professional,US,Business email compromise,Compromised credentials,Unattributed,Ransomware crew,False,,2024-05-25,2024-05-30,2024-05-31,5,Third-party notification,52,credentials|email|name|phone|postal_address,,not_applicable,0,,yes,low,True,synthetic (Faker),
SYN-00825,Unauthorised access at Reyes Group,Reyes Group,vendor,Software,US,Unauthorised access,Insecure API endpoint,Unattributed,Ransomware crew,False,,2024-05-16,2024-06-01,2024-06-02,16,Security vendor / MDR,102958,credentials|email|health|safeguarding_notes,,not_applicable,0,5741875,unknown,medium,True,synthetic (Faker),
REAL-0007,Synnovis pathology ransomware,Synnovis,vendor,Healthcare,GB,Ransomware,Compromised credentials,Qilin,Ransomware crew,True,2,2024-06-03,2024-06-03,2024-06-04,0,Internal detection,900000,name|health|test_results|nhs_number,50000000,no,90,,yes,critical,False,"NHS England statements; BBC, Jun 2024",Downstream: Guy's & St Thomas' and King's College NHS trusts; thousands of procedures cancelled.
SYN-00095,Ransomware at Lin-Rasmussen,Lin-Rasmussen,private,Retail,GB,Ransomware,Phishing,IronMagpie,Ransomware crew,False,,2024-06-08,2024-06-09,2024-06-13,1,Customer report,3394817,donation_history|safeguarding_notes,164201,undisclosed,15,612231897,yes,high,True,synthetic (Faker),
SYN-00576,"DDoS at Turner, Henry and Bell","Turner, Henry and Bell",private,Financial services,GB,DDoS,Volumetric flood,Unattributed,Hacktivist,False,,2024-06-04,2024-06-09,2024-06-11,5,Third-party notification,,not_applicable,,not_applicable,1,,no,medium,True,synthetic (Faker),
SYN-00775,Business email compromise at Port Rachelmouth NHS Trust,Port Rachelmouth NHS Trust,public,Energy/Utilities,GB,Business email compromise,Phishing,Unattributed,Financially motivated,False,,2024-04-17,2024-06-12,2024-07-02,56,Public leak / dark web,,not_applicable,,not_applicable,13,,no,medium,True,synthetic (Faker),
<<<<<<< HEAD
SYN-01334,Ransomware at North Alexandrafurt Authority,North Alexandrafurt Authority,public,Education,GB,Ransomware,Phishing,CobaltFinch,Ransomware crew,False,,2024-06-10,2024-06-12,2024-06-22,2,Internal detection,215,email|name|postal_address,5476639,no,4,502405,yes,low,True,synthetic (Faker),
SYN-01365,Data breach at Torres Inc,Torres Inc,private,Legal/Professional,US,Data breach,Phishing,Unattributed,Financially motivated,False,,2024-05-15,2024-06-12,2024-06-15,28,Internal detection,1217,credit_card|name|phone,,not_applicable,10,551613,yes,medium,True,synthetic (Faker),
SYN-01453,"Supply chain compromise at Young, Smith and Fox","Young, Smith and Fox",private,Retail,US,Supply chain compromise,Compromised credentials,Unattributed,Unknown,True,101,2024-04-14,2024-06-12,2024-06-13,59,Customer report,1552048,donation_history|passport|phone,,not_applicable,3,231029783,yes,high,True,synthetic (Faker),
SYN-01678,Data breach at Barnesmouth NHS Trust,Barnesmouth NHS Trust,public,Local government,GB,Data breach,Phishing,Unattributed,Unknown,False,,2024-05-19,2024-06-13,2024-06-24,25,Public leak / dark web,494797,email|passport|postal_address,,not_applicable,3,25850717,yes,medium,True,synthetic (Faker),
SYN-01755,"Ransomware at Hatfield, Jones and Choi","Hatfield, Jones and Choi",vendor,Nonprofit technology,FR,Ransomware,Help-desk social engineering,NineSpindle,Ransomware crew,True,120,2024-06-10,2024-06-13,2024-06-19,3,Third-party notification,1090624,credit_card|donation_history|internal_email|postal_address,2495050,undisclosed,43,71812976,yes,critical,True,synthetic (Faker),
SYN-00263,"Ransomware at Morris, Lee and Cooke","Morris, Lee and Cooke",private,Financial services,US,Ransomware,Unpatched vulnerability,Unattributed,Ransomware crew,False,,2024-06-13,2024-06-15,2024-06-20,2,Public leak / dark web,1394463,credentials|employment|internal_email|ssn_or_ni_number,1319064,no,3,,yes,high,True,synthetic (Faker),
SYN-01078,Data breach at Hall-Cross,Hall-Cross,private,Retail,US,Data breach,Credential stuffing,Unattributed,Unknown,False,,2024-06-07,2024-06-16,2024-06-24,9,Routine audit,4794,name|phone,,not_applicable,1,613685,yes,low,True,synthetic (Faker),
SYN-00172,Data breach at New Stacyland District Board,New Stacyland District Board,public,Education,GB,Data breach,Unpatched vulnerability,GlassMantis,Ransomware crew,False,,2024-05-29,2024-06-17,2024-07-06,19,Internal detection,493,bank_details|credit_card|email|phone|postal_address,,not_applicable,1,239880,yes,medium,True,synthetic (Faker),
SYN-00460,Unauthorised access at Wayfarer Support,Wayfarer Support,nonprofit,Charity/Nonprofit,CA,Unauthorised access,Compromised credentials,RustVulture,Ransomware crew,False,,2024-05-26,2024-06-18,2024-06-25,23,Law enforcement notification,34576,donation_history|employment|name|phone|ssn_or_ni_number,,not_applicable,0,2874198,yes,medium,True,synthetic (Faker),
SYN-00689,Ransomware at Johnson-Mendez,Johnson-Mendez,private,Manufacturing,US,Ransomware,Compromised credentials,DimStag,Ransomware crew,False,,2024-06-07,2024-06-18,2024-07-16,11,Third-party notification,1907,credentials|employment|internal_email|passport|postal_address|ssn_or_ni_number,352092,no,6,559072,yes,medium,True,synthetic (Faker),
SYN-01508,Ransomware at Smith PLC,Smith PLC,private,Retail,US,Ransomware,Third-party supplier access,CobaltFinch,Ransomware crew,True,32,2024-06-16,2024-06-23,2024-06-25,7,Customer report,643883,credentials|name|passport|phone,296658,no,20,15803677,yes,high,True,synthetic (Faker),
SYN-01620,"Ransomware at Wilkinson, Chambers and Shepherd","Wilkinson, Chambers and Shepherd",private,Manufacturing,CA,Ransomware,Exposed RDP/VPN,GlassMantis,Ransomware crew,False,,2024-06-22,2024-06-26,2024-07-27,4,Third-party notification,14943,donation_history|employment|name,196095,no,13,2775971,yes,medium,True,synthetic (Faker),
SYN-01763,Phishing campaign at Vasquez Ltd,Vasquez Ltd,vendor,Software,FR,Phishing campaign,Phishing,DimStag,Ransomware crew,True,50,2024-06-21,2024-06-26,2024-07-17,5,Customer report,18684867,email|name|phone|postal_address|ssn_or_ni_number,74301,no,1,1813269249,unknown,high,True,synthetic (Faker),
SYN-01392,Phishing campaign at South William NHS Trust,South William NHS Trust,public,Education,US,Phishing campaign,Phishing,PaleHydra,Ransomware crew,False,,2024-06-08,2024-06-29,2024-07-04,21,Internal detection,38944,email|phone,,not_applicable,1,,yes,medium,True,synthetic (Faker),
SYN-00833,Business email compromise at South Sarahfort Council,South Sarahfort Council,public,Energy/Utilities,CA,Business email compromise,Compromised credentials,PaleHydra,Ransomware crew,False,,2023-09-03,2024-07-02,2024-07-03,303,Security vendor / MDR,355,donation_history|passport,,not_applicable,0,151882,yes,low,True,synthetic (Faker),
SYN-01653,Ransomware at East Douglas NHS Trust,East Douglas NHS Trust,public,Education,US,Ransomware,Phishing,Unattributed,Ransomware crew,False,,2024-06-24,2024-07-02,2024-07-07,8,Routine audit,64748,email|health,185043,no,28,9907564,yes,high,True,synthetic (Faker),
SYN-01555,Destructive malware at Refuge Fund,Refuge Fund,nonprofit,Charity/Nonprofit,AU,Destructive malware,Phishing,CobaltFinch,Ransomware crew,False,,2024-07-02,2024-07-03,2024-07-10,1,Internal detection,1242,donation_history|phone|postal_address,240563,undisclosed,11,301570,yes,medium,True,synthetic (Faker),
SYN-01816,Data breach at Thorpe-Watts,Thorpe-Watts,private,Logistics,US,Data breach,Misconfigured cloud storage,Unattributed,Financially motivated,False,,2024-05-28,2024-07-06,2024-07-20,39,Law enforcement notification,8705,donation_history|phone,,not_applicable,13,945871,yes,medium,True,synthetic (Faker),
SYN-00081,"Ransomware at Fowler, Connolly and Fisher","Fowler, Connolly and Fisher",private,Financial services,US,Ransomware,Phishing,TinCathedral,Ransomware crew,False,,2024-07-07,2024-07-08,2024-07-13,1,Routine audit,267622,donation_history|email,132987,yes,19,27711944,yes,medium,True,synthetic (Faker),
SYN-00511,"Data breach at Peck, Pope and Hill","Peck, Pope and Hill",private,Logistics,GB,Data breach,Credential stuffing,Unattributed,Financially motivated,False,,2024-07-02,2024-07-08,2024-08-06,6,Customer report,4650,credit_card|donation_history|email|internal_email|name|phone|postal_address,,not_applicable,0,,yes,low,True,synthetic (Faker),
SYN-01340,Ransomware at North Daleside Council,North Daleside Council,public,Education,GB,Ransomware,Exposed RDP/VPN,CobaltFinch,Ransomware crew,False,,2024-07-08,2024-07-08,2024-07-10,0,Internal detection,2213,name|phone|safeguarding_notes|ssn_or_ni_number,783242,undisclosed,28,2718404,yes,medium,True,synthetic (Faker),
SYN-01587,Data breach at Wayfarer Alliance,Wayfarer Alliance,nonprofit,Charity/Nonprofit,SG,Data breach,Credential stuffing,Unattributed,Hacktivist,False,,2024-05-26,2024-07-13,2024-07-17,48,Law enforcement notification,69524,donation_history|name|phone,,not_applicable,0,,yes,medium,True,synthetic (Faker),
SYN-01714,"Ransomware at Kennedy, Hayes and Martin","Kennedy, Hayes and Martin",vendor,Nonprofit technology,GB,Ransomware,Unpatched vulnerability,Unattributed,Ransomware crew,False,,2024-07-15,2024-07-17,2024-07-20,2,Security vendor / MDR,1099945,donation_history|employment|name|passport|phone|safeguarding_notes|ssn_or_ni_number,37089,no,12,91560964,yes,high,True,synthetic (Faker),
SYN-01059,Data breach at Mills Inc,Mills Inc,private,Hospitality,US,Data breach,Insecure API endpoint,Unattributed,Nation state,False,,2024-07-04,2024-07-19,2024-07-21,15,Security vendor / MDR,35652,credentials|date_of_birth|name,,not_applicable,0,4469345,yes,medium,True,synthetic (Faker),
SYN-01515,Business email compromise at White-Carlson,White-Carlson,private,Financial services,US,Business email compromise,Phishing,DimStag,Ransomware crew,False,,2024-07-03,2024-07-19,2024-07-20,16,Internal detection,,not_applicable,,not_applicable,0,191102,no,low,True,synthetic (Faker),
SYN-00218,"Data breach at Johnson, Miller and King","Johnson, Miller and King",vendor,Nonprofit technology,IN,Data breach,Compromised credentials,SlateWarden,Nation state,True,156,2024-07-12,2024-07-21,2024-07-24,9,Customer report,233175,credentials|email|health|name|phone|postal_address|safeguarding_notes,,not_applicable,0,30254714,yes,high,True,synthetic (Faker),
SYN-00525,"Supply chain compromise at Allen, Wilkinson and Wood","Allen, Wilkinson and Wood",vendor,Nonprofit technology,GB,Supply chain compromise,Malicious dependency,Unattributed,Hacktivist,True,572,2023-11-27,2024-07-21,2024-07-23,237,Security vendor / MDR,2566523,credentials|date_of_birth|donation_history|email|name|phone,351015,no,0,293071753,yes,high,True,synthetic (Faker),
SYN-00503,Ransomware at Salaston Authority,Salaston Authority,public,Local government,US,Ransomware,Unpatched vulnerability,SlateWarden,Ransomware crew,False,,2024-07-20,2024-07-24,2024-08-02,4,Law enforcement notification,3074,credit_card|email|employment|phone|postal_address,443753,yes,35,805001,yes,medium,True,synthetic (Faker),
SYN-01435,"Phishing campaign at Lewis, Sanders and Burke","Lewis, Sanders and Burke",private,Hospitality,GB,Phishing campaign,Phishing,Unattributed,Unknown,False,,2024-07-15,2024-07-24,2024-08-01,9,Internal detection,47236,donation_history|email|name|phone|safeguarding_notes|ssn_or_ni_number,,not_applicable,3,,yes,medium,True,synthetic (Faker),
SYN-00671,"Unauthorised access at Morales, Hunter and Knapp","Morales, Hunter and Knapp",private,Logistics,GB,Unauthorised access,MFA fatigue,SlateWarden,Ransomware crew,False,,2024-06-13,2024-07-25,2024-07-29,42,Public leak / dark web,9387,credentials|email|employment|health|name|passport|phone,,not_applicable,1,941888,unknown,medium,True,synthetic (Faker),
SYN-01192,Business email compromise at Gill-Wells,Gill-Wells,private,Financial services,SG,Business email compromise,Phishing,Unattributed,Unknown,False,,2024-06-26,2024-07-27,2024-07-28,31,Internal detection,,not_applicable,,not_applicable,13,506543,no,medium,True,synthetic (Faker),
SYN-01668,Data breach at Wayfarer Appeal,Wayfarer Appeal,nonprofit,Charity/Nonprofit,AU,Data breach,Credential stuffing,Unattributed,Financially motivated,False,,2024-07-04,2024-07-28,2024-08-02,24,Internal detection,46910,date_of_birth|donation_history|email|health|postal_address|ssn_or_ni_number,,not_applicable,0,,yes,medium,True,synthetic (Faker),
SYN-00131,"Supply chain compromise at Washington, Allen and Gonzales","Washington, Allen and Gonzales",private,Healthcare,DE,Supply chain compromise,Third-party supplier access,Unattributed,Financially motivated,True,12,2024-05-15,2024-07-29,2024-08-06,75,Routine audit,825261,date_of_birth|health|name|postal_address,458521,undisclosed,2,144957974,yes,high,True,synthetic (Faker),
SYN-01467,Business email compromise at Jones-Blake,Jones-Blake,vendor,Software,CA,Business email compromise,Phishing,AmberBastion,Ransomware crew,True,1030,2024-07-02,2024-07-30,2024-08-01,28,Security vendor / MDR,,not_applicable,,not_applicable,5,469111,no,medium,True,synthetic (Faker),
SYN-00442,Data breach at Lewisport NHS Trust,Lewisport NHS Trust,public,Local government,NL,Data breach,Phishing,Unattributed,Ransomware crew,False,,2024-05-17,2024-08-01,2024-09-02,76,Customer report,212032,date_of_birth|email|health|name|phone|safeguarding_notes|ssn_or_ni_number,,not_applicable,0,20368015,yes,medium,True,synthetic (Faker),
SYN-01402,Supply chain compromise at Ferrell PLC,Ferrell PLC,private,Hospitality,GB,Supply chain compromise,Third-party supplier access,Unattributed,Financially motivated,True,81,2024-05-16,2024-08-01,2024-08-03,77,Customer report,2129426,bank_details|date_of_birth|email|name|passport|phone,,not_applicable,4,322357101,yes,high,True,synthetic (Faker),
SYN-00291,Data breach at Fitzgerald and Sons,Fitzgerald and Sons,vendor,Nonprofit technology,US,Data breach,Compromised credentials,Unattributed,Unknown,True,253,2024-07-17,2024-08-02,2024-08-05,16,Internal detection,291932,donation_history|email|phone|postal_address,,not_applicable,0,,yes,medium,True,synthetic (Faker),
SYN-01193,Supply chain compromise at New Joanne NHS Trust,New Joanne NHS Trust,public,Local government,CA,Supply chain compromise,Third-party supplier access,Unattributed,Unknown,True,29,2024-04-26,2024-08-03,2024-08-14,99,Internal detection,3374,credit_card|email|health|name|phone|postal_address,,not_applicable,1,,yes,medium,True,synthetic (Faker),
SYN-01834,Unauthorised access at Crawfordport District Board,Crawfordport District Board,public,Local government,SG,Unauthorised access,Insecure API endpoint,Unattributed,Financially motivated,False,,2024-05-26,2024-08-04,2024-08-14,70,Internal detection,140486,donation_history|email|name|postal_address,,not_applicable,6,24956139,yes,medium,True,synthetic (Faker),
SYN-01930,"Phishing campaign at Snyder, Walker and Harris","Snyder, Walker and Harris",private,Logistics,GB,Phishing campaign,Phishing,Unattributed,Ransomware crew,False,,2024-06-13,2024-08-04,2024-08-11,52,Internal detection,651,credentials|email|employment|name|postal_address,780480,undisclosed,0,273985,yes,low,True,synthetic (Faker),
SYN-01119,Data breach at Howard-Lambert,Howard-Lambert,vendor,Software,US,Data breach,Unpatched vulnerability,Unattributed,Financially motivated,False,,2024-07-23,2024-08-05,2024-08-17,13,Public leak / dark web,15008,name|phone,38578,no,1,2723574,yes,medium,True,synthetic (Faker),
SYN-01241,"Phishing campaign at Goodwin, Diaz and Morales","Goodwin, Diaz and Morales",private,Healthcare,IN,Phishing campaign,Phishing,IronMagpie,Ransomware crew,False,,2024-07-21,2024-08-05,2024-08-07,15,Security vendor / MDR,50389,donation_history|health|phone|postal_address|ssn_or_ni_number,,not_applicable,0,8515642,yes,medium,True,synthetic (Faker),
SYN-01998,Data breach at Montgomery-Dickson,Montgomery-Dickson,private,Retail,US,Data breach,Compromised credentials,IronMagpie,Ransomware crew,False,,2024-07-06,2024-08-05,2024-08-22,30,Third-party notification,85177,health|passport|phone|postal_address,,not_applicable,0,13057542,yes,medium,True,synthetic (Faker),
SYN-00634,Insider incident at Campos-Taylor,Campos-Taylor,vendor,Software,IN,Insider incident,Negligent insider,Unattributed,Insider,True,904,2024-04-27,2024-08-09,2024-08-13,104,Third-party notification,22432,name|postal_address|safeguarding_notes,,not_applicable,1,922280,yes,high,True,synthetic (Faker),
SYN-01186,"Data breach at Roberts, Hanson and Dean","Roberts, Hanson and Dean",private,Manufacturing,US,Data breach,Phishing,ObsidianKoi,Ransomware crew,False,,2024-07-04,2024-08-10,2024-08-12,37,Internal detection,3441,employment|internal_email|phone|postal_address,,not_applicable,0,163910,unknown,low,True,synthetic (Faker),
SYN-01484,Ransomware at Burton PLC,Burton PLC,vendor,Cloud/SaaS,US,Ransomware,Unpatched vulnerability,SlateWarden,Ransomware crew,False,,2024-08-05,2024-08-10,2024-08-13,5,Customer report,22893,date_of_birth|email|employment|health|passport|phone,463971,no,20,,no,high,True,synthetic (Faker),
=======
SYN-00263,"Ransomware at Morris, Lee and Cooke","Morris, Lee and Cooke",private,Financial services,US,Ransomware,Unpatched vulnerability,Unattributed,Ransomware crew,False,,2024-06-13,2024-06-15,2024-06-20,2,Public leak / dark web,1394463,credentials|employment|internal_email|ssn_or_ni_number,1319064,no,3,,yes,high,True,synthetic (Faker),
SYN-00172,Data breach at New Stacyland District Board,New Stacyland District Board,public,Education,GB,Data breach,Unpatched vulnerability,GlassMantis,Ransomware crew,False,,2024-05-29,2024-06-17,2024-07-06,19,Internal detection,493,bank_details|credit_card|email|phone|postal_address,,not_applicable,1,239880,yes,medium,True,synthetic (Faker),
SYN-00460,Unauthorised access at Wayfarer Support,Wayfarer Support,nonprofit,Charity/Nonprofit,CA,Unauthorised access,Compromised credentials,RustVulture,Ransomware crew,False,,2024-05-26,2024-06-18,2024-06-25,23,Law enforcement notification,34576,donation_history|employment|name|phone|ssn_or_ni_number,,not_applicable,0,2874198,yes,medium,True,synthetic (Faker),
SYN-00689,Ransomware at Johnson-Mendez,Johnson-Mendez,private,Manufacturing,US,Ransomware,Compromised credentials,DimStag,Ransomware crew,False,,2024-06-07,2024-06-18,2024-07-16,11,Third-party notification,1907,credentials|employment|internal_email|passport|postal_address|ssn_or_ni_number,352092,no,6,559072,yes,medium,True,synthetic (Faker),
SYN-00833,Business email compromise at South Sarahfort Council,South Sarahfort Council,public,Energy/Utilities,CA,Business email compromise,Compromised credentials,PaleHydra,Ransomware crew,False,,2023-09-03,2024-07-02,2024-07-03,303,Security vendor / MDR,355,donation_history|passport,,not_applicable,0,151882,yes,low,True,synthetic (Faker),
SYN-00081,"Ransomware at Fowler, Connolly and Fisher","Fowler, Connolly and Fisher",private,Financial services,US,Ransomware,Phishing,TinCathedral,Ransomware crew,False,,2024-07-07,2024-07-08,2024-07-13,1,Routine audit,267622,donation_history|email,132987,yes,19,27711944,yes,medium,True,synthetic (Faker),
SYN-00511,"Data breach at Peck, Pope and Hill","Peck, Pope and Hill",private,Logistics,GB,Data breach,Credential stuffing,Unattributed,Financially motivated,False,,2024-07-02,2024-07-08,2024-08-06,6,Customer report,4650,credit_card|donation_history|email|internal_email|name|phone|postal_address,,not_applicable,0,,yes,low,True,synthetic (Faker),
SYN-00218,"Data breach at Johnson, Miller and King","Johnson, Miller and King",vendor,Nonprofit technology,IN,Data breach,Compromised credentials,SlateWarden,Nation state,True,156,2024-07-12,2024-07-21,2024-07-24,9,Customer report,233175,credentials|email|health|name|phone|postal_address|safeguarding_notes,,not_applicable,0,30254714,yes,high,True,synthetic (Faker),
SYN-00525,"Supply chain compromise at Allen, Wilkinson and Wood","Allen, Wilkinson and Wood",vendor,Nonprofit technology,GB,Supply chain compromise,Malicious dependency,Unattributed,Hacktivist,True,572,2023-11-27,2024-07-21,2024-07-23,237,Security vendor / MDR,2566523,credentials|date_of_birth|donation_history|email|name|phone,351015,no,0,293071753,yes,high,True,synthetic (Faker),
SYN-00503,Ransomware at Salaston Authority,Salaston Authority,public,Local government,US,Ransomware,Unpatched vulnerability,SlateWarden,Ransomware crew,False,,2024-07-20,2024-07-24,2024-08-02,4,Law enforcement notification,3074,credit_card|email|employment|phone|postal_address,443753,yes,35,805001,yes,medium,True,synthetic (Faker),
SYN-00671,"Unauthorised access at Morales, Hunter and Knapp","Morales, Hunter and Knapp",private,Logistics,GB,Unauthorised access,MFA fatigue,SlateWarden,Ransomware crew,False,,2024-06-13,2024-07-25,2024-07-29,42,Public leak / dark web,9387,credentials|email|employment|health|name|passport|phone,,not_applicable,1,941888,unknown,medium,True,synthetic (Faker),
SYN-00131,"Supply chain compromise at Washington, Allen and Gonzales","Washington, Allen and Gonzales",private,Healthcare,DE,Supply chain compromise,Third-party supplier access,Unattributed,Financially motivated,True,12,2024-05-15,2024-07-29,2024-08-06,75,Routine audit,825261,date_of_birth|health|name|postal_address,458521,undisclosed,2,144957974,yes,high,True,synthetic (Faker),
SYN-00442,Data breach at Lewisport NHS Trust,Lewisport NHS Trust,public,Local government,NL,Data breach,Phishing,Unattributed,Ransomware crew,False,,2024-05-17,2024-08-01,2024-09-02,76,Customer report,212032,date_of_birth|email|health|name|phone|safeguarding_notes|ssn_or_ni_number,,not_applicable,0,20368015,yes,medium,True,synthetic (Faker),
SYN-00291,Data breach at Fitzgerald and Sons,Fitzgerald and Sons,vendor,Nonprofit technology,US,Data breach,Compromised credentials,Unattributed,Unknown,True,253,2024-07-17,2024-08-02,2024-08-05,16,Internal detection,291932,donation_history|email|phone|postal_address,,not_applicable,0,,yes,medium,True,synthetic (Faker),
SYN-00634,Insider incident at Campos-Taylor,Campos-Taylor,vendor,Software,IN,Insider incident,Negligent insider,Unattributed,Insider,True,904,2024-04-27,2024-08-09,2024-08-13,104,Third-party notification,22432,name|postal_address|safeguarding_notes,,not_applicable,1,922280,yes,high,True,synthetic (Faker),
>>>>>>> 8a74902011229c25354fcb7e063b9152ef665657
SYN-00094,Insider incident at Kindling Fund,Kindling Fund,nonprofit,Charity/Nonprofit,GB,Insider incident,Malicious insider,Unattributed,Insider,False,,2024-07-25,2024-08-11,2024-08-14,17,Routine audit,1052,date_of_birth|donation_history|email|name,,not_applicable,0,,yes,low,True,synthetic (Faker),
SYN-00215,Insider incident at Harrison Group,Harrison Group,private,Healthcare,GB,Insider incident,Negligent insider,Unattributed,Insider,False,,2024-07-17,2024-08-11,2024-08-14,25,Third-party notification,81011,credit_card|donation_history|email|health|name,,not_applicable,0,7709260,yes,medium,True,synthetic (Faker),
SYN-00315,Data breach at Edwardsview Authority,Edwardsview Authority,public,Education,CA,Data breach,Unpatched vulnerability,Unattributed,Financially motivated,False,,2024-07-14,2024-08-11,2024-08-13,28,Public leak / dark web,71657,email|name,240587,no,0,11728968,yes,medium,True,synthetic (Faker),
SYN-00343,Business email compromise at Sullivan LLC,Sullivan LLC,private,Hospitality,GB,Business email compromise,Phishing,Unattributed,Ransomware crew,False,,2024-07-27,2024-08-12,2024-08-18,16,Routine audit,,not_applicable,,not_applicable,15,1121926,no,medium,True,synthetic (Faker),
<<<<<<< HEAD
SYN-01194,"Data breach at Mendez, Cohen and Williams","Mendez, Cohen and Williams",private,Hospitality,GB,Data breach,Unpatched vulnerability,RustVulture,Ransomware crew,False,,2024-07-17,2024-08-12,2024-08-17,26,Law enforcement notification,148329,bank_details|email|employment|internal_email|passport|phone,,not_applicable,3,22441723,no,medium,True,synthetic (Faker),
SYN-01582,Unauthorised access at Hospice Society,Hospice Society,nonprofit,Charity/Nonprofit,IE,Unauthorised access,Compromised credentials,SlateWarden,Ransomware crew,False,,2024-08-02,2024-08-12,2024-08-18,10,Security vendor / MDR,2810,bank_details|email|internal_email|name|phone|postal_address,,not_applicable,0,311345,yes,medium,True,synthetic (Faker),
SYN-00782,Business email compromise at Moraburgh NHS Trust,Moraburgh NHS Trust,public,Education,FR,Business email compromise,Phishing,DimStag,Ransomware crew,False,,2024-07-24,2024-08-14,2024-08-16,21,Third-party notification,,not_applicable,,not_applicable,1,,unknown,medium,True,synthetic (Faker),
SYN-00485,Ransomware at West Jessica Council,West Jessica Council,public,Energy/Utilities,AU,Ransomware,Compromised credentials,QuietFathom,Ransomware crew,False,,2024-08-13,2024-08-16,2024-08-17,3,Third-party notification,37634,bank_details|email|health|name|passport|phone|safeguarding_notes,10091822,no,4,,yes,medium,True,synthetic (Faker),
SYN-01008,Phishing campaign at Mobility Support,Mobility Support,nonprofit,Charity/Nonprofit,US,Phishing campaign,Phishing,Unattributed,Insider,False,,2024-06-27,2024-08-16,2024-08-29,50,Third-party notification,15125,credentials|email|employment|health|passport|phone|postal_address,,not_applicable,0,576145,yes,medium,True,synthetic (Faker),
SYN-01818,Data breach at Hubbard-Miranda,Hubbard-Miranda,vendor,Cloud/SaaS,IN,Data breach,Insecure API endpoint,Unattributed,Ransomware crew,False,,2024-08-08,2024-08-16,2024-08-22,8,Internal detection,57072,credentials|internal_email|postal_address|ssn_or_ni_number,1204909,undisclosed,4,9806190,yes,medium,True,synthetic (Faker),
SYN-00259,Ransomware at Meadow Support,Meadow Support,nonprofit,Charity/Nonprofit,AU,Ransomware,Phishing,PaleHydra,Ransomware crew,False,,2024-08-12,2024-08-17,2024-08-21,5,Security vendor / MDR,787,donation_history|name|phone|postal_address|safeguarding_notes|ssn_or_ni_number,3342829,no,10,453577,yes,medium,True,synthetic (Faker),
SYN-01770,Phishing campaign at Johnsberg Authority,Johnsberg Authority,public,Energy/Utilities,AU,Phishing campaign,Phishing,Unattributed,Nation state,False,,2024-07-04,2024-08-17,2024-08-29,44,Security vendor / MDR,33829,name|phone,,not_applicable,0,,yes,medium,True,synthetic (Faker),
SYN-01670,Insider incident at Port Daniel Council,Port Daniel Council,public,Energy/Utilities,GB,Insider incident,Negligent insider,Unattributed,Insider,False,,2024-06-19,2024-08-20,2024-08-23,62,Third-party notification,26889,bank_details|donation_history|email|health|name|passport|postal_address,,not_applicable,2,2994569,yes,medium,True,synthetic (Faker),
=======
SYN-00782,Business email compromise at Moraburgh NHS Trust,Moraburgh NHS Trust,public,Education,FR,Business email compromise,Phishing,DimStag,Ransomware crew,False,,2024-07-24,2024-08-14,2024-08-16,21,Third-party notification,,not_applicable,,not_applicable,1,,unknown,medium,True,synthetic (Faker),
SYN-00485,Ransomware at West Jessica Council,West Jessica Council,public,Energy/Utilities,AU,Ransomware,Compromised credentials,QuietFathom,Ransomware crew,False,,2024-08-13,2024-08-16,2024-08-17,3,Third-party notification,37634,bank_details|email|health|name|passport|phone|safeguarding_notes,10091822,no,4,,yes,medium,True,synthetic (Faker),
SYN-00259,Ransomware at Meadow Support,Meadow Support,nonprofit,Charity/Nonprofit,AU,Ransomware,Phishing,PaleHydra,Ransomware crew,False,,2024-08-12,2024-08-17,2024-08-21,5,Security vendor / MDR,787,donation_history|name|phone|postal_address|safeguarding_notes|ssn_or_ni_number,3342829,no,10,453577,yes,medium,True,synthetic (Faker),
>>>>>>> 8a74902011229c25354fcb7e063b9152ef665657
SYN-00552,Ransomware at Frazier Ltd,Frazier Ltd,private,Financial services,IN,Ransomware,Compromised credentials,GlassMantis,Ransomware crew,False,,2024-08-22,2024-08-22,2024-08-24,0,Security vendor / MDR,165960,postal_address|ssn_or_ni_number,3920961,no,5,,yes,medium,True,synthetic (Faker),
SYN-00914,Ransomware at Morgan LLC,Morgan LLC,private,Financial services,GB,Ransomware,Unpatched vulnerability,QuietFathom,Ransomware crew,False,,2024-08-14,2024-08-22,2024-08-29,8,Security vendor / MDR,857414,credit_card|email,1772258,undisclosed,9,80617304,yes,medium,True,synthetic (Faker),
SYN-00099,Phishing campaign at Chandler-Edwards,Chandler-Edwards,private,Hospitality,US,Phishing campaign,Phishing,CobaltFinch,Ransomware crew,False,,2024-05-17,2024-08-23,2024-09-02,98,Security vendor / MDR,2226,email|phone,,not_applicable,0,404599,no,low,True,synthetic (Faker),
SYN-00165,"Business email compromise at Vargas, Morris and Sanchez","Vargas, Morris and Sanchez",private,Retail,US,Business email compromise,MFA fatigue,Unattributed,Financially motivated,False,,2024-07-26,2024-08-24,2024-08-29,29,Internal detection,,not_applicable,74016,no,0,321323,no,low,True,synthetic (Faker),
<<<<<<< HEAD
SYN-01614,Data breach at Bruce Ltd,Bruce Ltd,private,Retail,GB,Data breach,Phishing,Unattributed,Insider,False,,2024-08-22,2024-08-25,2024-08-27,3,Third-party notification,136671,donation_history|internal_email|passport|phone|postal_address,,not_applicable,0,6603524,yes,medium,True,synthetic (Faker),
SYN-01578,Data breach at Mitchell-Ali,Mitchell-Ali,private,Hospitality,US,Data breach,Compromised credentials,Unattributed,Financially motivated,False,,2024-07-05,2024-08-27,2024-09-01,53,Security vendor / MDR,108042,name|phone,,not_applicable,4,4537300,unknown,medium,True,synthetic (Faker),
SYN-00462,Ransomware at Francis Ltd,Francis Ltd,private,Hospitality,IE,Ransomware,Compromised credentials,Unattributed,Ransomware crew,False,,2024-08-30,2024-08-31,2024-09-06,1,Internal detection,201239,credit_card|date_of_birth|donation_history|health|name|phone|postal_address,1896785,no,74,14009197,yes,high,True,synthetic (Faker),
SYN-00831,Business email compromise at Beacon Hill Appeal,Beacon Hill Appeal,nonprofit,Charity/Nonprofit,GB,Business email compromise,Phishing,DimStag,Nation state,False,,2024-07-13,2024-08-31,2024-09-02,49,Third-party notification,,not_applicable,,not_applicable,1,77809,no,medium,True,synthetic (Faker),
SYN-01874,Ransomware at Joycebury NHS Trust,Joycebury NHS Trust,public,Local government,GB,Ransomware,Compromised credentials,TinCathedral,Ransomware crew,False,,2024-08-19,2024-09-01,2024-09-02,13,Public leak / dark web,363240,email|employment|name|phone|postal_address|ssn_or_ni_number,3182954,undisclosed,14,44549352,yes,high,True,synthetic (Faker),
SYN-00329,Insider incident at Cox Inc,Cox Inc,vendor,Software,US,Insider incident,Negligent insider,Unattributed,Insider,True,221,2024-07-27,2024-09-02,2024-09-07,37,Internal detection,424836,donation_history|health|name,,not_applicable,7,46423466,yes,high,True,synthetic (Faker),
SYN-00481,Ransomware at Heritage Care,Heritage Care,nonprofit,Charity/Nonprofit,US,Ransomware,Phishing,NorthQuarry,Ransomware crew,False,,2024-08-26,2024-09-02,2024-09-06,7,Internal detection,27690,date_of_birth|donation_history|email|employment|health|name|postal_address,28021,no,6,1123069,yes,high,True,synthetic (Faker),
SYN-01522,Insider incident at Bell Group,Bell Group,private,Financial services,GB,Insider incident,Negligent insider,Unattributed,Insider,False,,2024-02-16,2024-09-02,2024-09-06,199,Public leak / dark web,23563,employment|name|phone,,not_applicable,0,,yes,medium,True,synthetic (Faker),
SYN-01997,"Supply chain compromise at Sullivan, Sandoval and Garner","Sullivan, Sandoval and Garner",vendor,Software,AU,Supply chain compromise,Third-party supplier access,HollowLantern,Ransomware crew,True,128,2024-08-19,2024-09-09,2024-09-10,21,Public leak / dark web,1684821,credit_card|email|internal_email|name|phone|postal_address,,not_applicable,0,175501406,yes,high,True,synthetic (Faker),
SYN-00946,Ransomware at Nelson PLC,Nelson PLC,private,Logistics,FR,Ransomware,Unpatched vulnerability,NorthQuarry,Ransomware crew,False,,2024-09-04,2024-09-11,2024-09-14,7,Third-party notification,12873,email|internal_email|name|phone,26951,no,14,2229862,no,medium,True,synthetic (Faker),
SYN-01148,Data breach at Williams and Sons,Williams and Sons,private,Manufacturing,US,Data breach,Third-party supplier access,Unattributed,Unknown,True,166,2024-08-20,2024-09-12,2024-09-25,23,Internal detection,82801,credentials|donation_history|phone,,not_applicable,0,,yes,medium,True,synthetic (Faker),
SYN-01299,Ransomware at Bridges and Sons,Bridges and Sons,private,Manufacturing,IE,Ransomware,Unpatched vulnerability,DimStag,Ransomware crew,False,,2024-09-05,2024-09-15,2024-09-28,10,Internal detection,72172,credentials|email|health|name|phone,354715,no,9,9995470,no,high,True,synthetic (Faker),
SYN-00128,Ransomware at Salazar-Ball,Salazar-Ball,private,Financial services,US,Ransomware,Help-desk social engineering,PaleHydra,Ransomware crew,False,,2024-09-08,2024-09-16,2024-09-26,8,Security vendor / MDR,66269,credentials|postal_address|safeguarding_notes,841434,no,70,7704761,yes,high,True,synthetic (Faker),
SYN-01301,Supply chain compromise at Lee LLC,Lee LLC,private,Healthcare,FR,Supply chain compromise,Malicious dependency,Unattributed,Financially motivated,True,379,2024-08-03,2024-09-16,2024-10-06,44,Third-party notification,61533,bank_details|credit_card|email|health|passport,,not_applicable,0,,yes,high,True,synthetic (Faker),
SYN-00708,Ransomware at Ryanview Council,Ryanview Council,public,Local government,GB,Ransomware,Exposed RDP/VPN,IronMagpie,Ransomware crew,False,,2024-09-13,2024-09-17,2024-09-20,4,Public leak / dark web,11666,email|postal_address,80458,no,26,2753792,yes,medium,True,synthetic (Faker),
SYN-01532,Supply chain compromise at Vargas Group,Vargas Group,private,Legal/Professional,GB,Supply chain compromise,Trojanised software update,Unattributed,Unknown,True,25,2024-08-21,2024-09-17,2024-09-18,27,Law enforcement notification,1968524,credentials|email|passport,,not_applicable,0,83634876,yes,high,True,synthetic (Faker),
SYN-01266,Ransomware at Port Patriciahaven District Board,Port Patriciahaven District Board,public,Local government,AU,Ransomware,Phishing,DimStag,Ransomware crew,False,,2024-09-18,2024-09-19,2024-10-02,1,Security vendor / MDR,19346,email|internal_email|postal_address,2512870,no,25,,yes,medium,True,synthetic (Faker),
SYN-00968,Ransomware at Flynn Ltd,Flynn Ltd,private,Healthcare,AU,Ransomware,Unpatched vulnerability,DimStag,Ransomware crew,False,,2024-09-19,2024-09-20,2024-11-07,1,Third-party notification,26528,health|phone|safeguarding_notes|ssn_or_ni_number,99334,yes,6,2511846,yes,high,True,synthetic (Faker),
SYN-01719,Unauthorised access at Watkins-Terry,Watkins-Terry,private,Retail,GB,Unauthorised access,Help-desk social engineering,TinCathedral,Ransomware crew,False,,2024-07-01,2024-09-21,2024-09-23,82,Routine audit,150754,email|employment|internal_email|phone|postal_address,,not_applicable,0,12181076,yes,medium,True,synthetic (Faker),
SYN-00013,"Data breach at Wilson, Harris and Francis","Wilson, Harris and Francis",private,Manufacturing,DE,Data breach,Credential stuffing,NineSpindle,Nation state,False,,2024-09-08,2024-09-22,2024-09-26,14,Security vendor / MDR,124477,email|phone|ssn_or_ni_number,,not_applicable,0,14161669,yes,medium,True,synthetic (Faker),
SYN-00509,Phishing campaign at David LLC,David LLC,private,Healthcare,GB,Phishing campaign,Phishing,Unattributed,Unknown,False,,2024-09-20,2024-09-28,2024-10-08,8,Law enforcement notification,258856,credit_card|donation_history|health|passport|phone,,not_applicable,0,,yes,medium,True,synthetic (Faker),
SYN-01177,Ransomware at Jones and Sons,Jones and Sons,private,Manufacturing,US,Ransomware,Exposed RDP/VPN,RustVulture,Ransomware crew,False,,2024-09-27,2024-09-30,2024-10-17,3,Public leak / dark web,104,employment|name|phone,2103736,no,7,642622,no,medium,True,synthetic (Faker),
SYN-01552,Destructive malware at North Eileentown District Board,North Eileentown District Board,public,Local government,DE,Destructive malware,Trojanised software update,RustVulture,Ransomware crew,True,3,2024-09-04,2024-09-30,2024-10-01,26,Internal detection,,not_applicable,9126303,no,11,,no,high,True,synthetic (Faker),
SYN-00197,Data breach at Ashleyton NHS Trust,Ashleyton NHS Trust,public,Local government,US,Data breach,Insecure API endpoint,NineSpindle,Ransomware crew,False,,2024-07-12,2024-10-01,2024-10-14,81,Public leak / dark web,4262,bank_details|credit_card|email|employment|name|phone|postal_address,,not_applicable,0,,yes,medium,True,synthetic (Faker),
SYN-01717,Unauthorised access at Barrett-Brown,Barrett-Brown,private,Financial services,CA,Unauthorised access,MFA fatigue,Unattributed,Ransomware crew,False,,2024-09-11,2024-10-01,2024-10-04,20,Customer report,127552,email|health|passport,,not_applicable,1,12784032,yes,medium,True,synthetic (Faker),
SYN-01571,DDoS at Jones-Clarke,Jones-Clarke,vendor,Software,US,DDoS,Volumetric flood,Unattributed,Unknown,False,,2024-09-28,2024-10-03,2024-10-04,5,Internal detection,,not_applicable,,not_applicable,1,421337,unknown,medium,True,synthetic (Faker),
SYN-01536,Unauthorised access at Snyder-Keller,Snyder-Keller,private,Retail,CA,Unauthorised access,Exposed RDP/VPN,HollowLantern,Ransomware crew,False,,2024-09-27,2024-10-06,2024-10-26,9,Customer report,76281,credit_card|date_of_birth|health|phone|postal_address,,not_applicable,0,5337781,yes,medium,True,synthetic (Faker),
SYN-01901,Business email compromise at Lake Tammyton NHS Trust,Lake Tammyton NHS Trust,public,Energy/Utilities,US,Business email compromise,Compromised credentials,QuietFathom,Ransomware crew,False,,2023-12-29,2024-10-06,2024-10-08,282,Third-party notification,,not_applicable,,not_applicable,0,124784,unknown,low,True,synthetic (Faker),
SYN-01883,Ransomware at Pearson-White,Pearson-White,vendor,Software,GB,Ransomware,Compromised credentials,RustVulture,Ransomware crew,False,,2024-10-06,2024-10-07,2024-10-08,1,Internal detection,260242,email|health|postal_address|ssn_or_ni_number,3249273,no,2,21479239,yes,medium,True,synthetic (Faker),
SYN-01357,Ransomware at West Clifford Council,West Clifford Council,public,Education,NL,Ransomware,Compromised credentials,Unattributed,Ransomware crew,False,,2024-10-02,2024-10-08,2024-10-11,6,Law enforcement notification,4932,credentials|date_of_birth|email|name|phone|safeguarding_notes,2217273,no,11,1622440,yes,medium,True,synthetic (Faker),
SYN-00139,Phishing campaign at Medina-Navarro,Medina-Navarro,private,Legal/Professional,US,Phishing campaign,Phishing,Unattributed,Financially motivated,False,,2024-09-24,2024-10-09,2024-10-15,15,Security vendor / MDR,153962,bank_details|credentials|email|phone|postal_address,,not_applicable,0,20161229,yes,medium,True,synthetic (Faker),
SYN-01853,Data breach at Wellbeing Appeal,Wellbeing Appeal,nonprofit,Charity/Nonprofit,DE,Data breach,Phishing,Unattributed,Financially motivated,False,,2024-10-03,2024-10-11,2024-10-16,8,Third-party notification,23407,credentials|donation_history|email|name|safeguarding_notes,,not_applicable,0,1211887,yes,medium,True,synthetic (Faker),
SYN-00483,Ransomware at Herrera-Boone,Herrera-Boone,private,Logistics,GB,Ransomware,Help-desk social engineering,Unattributed,Ransomware crew,False,,2024-10-13,2024-10-13,2024-10-14,0,Customer report,15300,bank_details|date_of_birth|email|name|postal_address,1389058,no,5,2536505,yes,medium,True,synthetic (Faker),
SYN-00161,"Ransomware at Miah, Brown and Burton","Miah, Brown and Burton",private,Logistics,AU,Ransomware,Unpatched vulnerability,TinCathedral,Ransomware crew,False,,2024-10-15,2024-10-16,2024-10-20,1,Public leak / dark web,2371,bank_details|credit_card|donation_history|employment|internal_email|name|postal_address,2095397,no,10,1024952,yes,medium,True,synthetic (Faker),
SYN-01963,Business email compromise at Hospice Fund,Hospice Fund,nonprofit,Charity/Nonprofit,US,Business email compromise,Phishing,Unattributed,Financially motivated,False,,2024-03-03,2024-10-18,2024-10-21,229,Internal detection,,not_applicable,,not_applicable,0,19753,unknown,low,True,synthetic (Faker),
SYN-01168,Ransomware at Robinson Group,Robinson Group,private,Financial services,US,Ransomware,Compromised credentials,TinCathedral,Ransomware crew,False,,2024-10-17,2024-10-21,2024-10-22,4,Internal detection,248933,credit_card|date_of_birth|email|name|phone|postal_address,3525924,no,5,,yes,medium,True,synthetic (Faker),
SYN-01196,Data breach at North Josestad District Board,North Josestad District Board,public,Local government,US,Data breach,Unpatched vulnerability,Unattributed,Financially motivated,False,,2024-10-15,2024-10-22,2024-10-31,7,Internal detection,2030249,bank_details|donation_history|email|internal_email|phone|postal_address|safeguarding_notes,,not_applicable,6,,yes,high,True,synthetic (Faker),
SYN-01062,"Ransomware at King, Franco and Vaughn","King, Franco and Vaughn",private,Manufacturing,IN,Ransomware,Help-desk social engineering,NorthQuarry,Ransomware crew,False,,2024-10-15,2024-10-23,2024-10-27,8,Routine audit,2160,credit_card|donation_history|email|internal_email|passport|postal_address,15795522,yes,54,1863212,yes,medium,True,synthetic (Faker),
SYN-00191,Unauthorised access at Hughes-Mellor,Hughes-Mellor,private,Retail,IN,Unauthorised access,Compromised credentials,AmberBastion,Ransomware crew,False,,2024-05-13,2024-10-25,2024-12-05,165,Internal detection,27444054,bank_details|employment|health|name|phone|postal_address|safeguarding_notes,,not_applicable,5,,yes,high,True,synthetic (Faker),
SYN-01935,"Data breach at Price, Smith and Jackson","Price, Smith and Jackson",private,Hospitality,GB,Data breach,Misconfigured cloud storage,Unattributed,Financially motivated,False,,2024-10-03,2024-10-26,2024-11-02,23,Public leak / dark web,255122,credit_card|donation_history|internal_email|name|passport|phone|postal_address,,not_applicable,0,10634651,yes,medium,True,synthetic (Faker),
SYN-00363,Ransomware at Butler-Knight,Butler-Knight,vendor,Cloud/SaaS,AU,Ransomware,Third-party supplier access,AmberBastion,Ransomware crew,True,1650,2024-10-20,2024-10-27,2024-10-30,7,Internal detection,434689,date_of_birth|donation_history|email|health|phone|postal_address|ssn_or_ni_number,1091043,no,6,34892095,yes,high,True,synthetic (Faker),
SYN-00423,"Ransomware at Gonzales, Huber and Morgan","Gonzales, Huber and Morgan",private,Hospitality,NL,Ransomware,Phishing,RustVulture,Ransomware crew,False,,2024-10-25,2024-10-27,2024-10-31,2,Third-party notification,8306,bank_details|date_of_birth|name|phone|postal_address,290267,no,3,1031996,unknown,medium,True,synthetic (Faker),
SYN-01282,"Supply chain compromise at Hall, Smith and Brooks","Hall, Smith and Brooks",private,Hospitality,GB,Supply chain compromise,Compromised credentials,Unattributed,Nation state,True,91,2024-08-01,2024-10-27,2024-11-04,87,Third-party notification,149944,donation_history|employment|health,,not_applicable,0,3247836,unknown,high,True,synthetic (Faker),
SYN-00162,Unauthorised access at Hamilton LLC,Hamilton LLC,vendor,Cloud/SaaS,GB,Unauthorised access,Compromised credentials,ObsidianKoi,Ransomware crew,True,126,2024-09-26,2024-10-30,2024-11-05,34,Security vendor / MDR,56081,email|passport|postal_address|ssn_or_ni_number,,not_applicable,2,,yes,high,True,synthetic (Faker),
SYN-01400,Unauthorised access at Tracyburgh District Board,Tracyburgh District Board,public,Local government,US,Unauthorised access,Insecure API endpoint,Unattributed,Insider,False,,2024-07-13,2024-10-30,2024-11-07,109,Law enforcement notification,25821,email|health|name|phone|ssn_or_ni_number,,not_applicable,0,2223523,yes,medium,True,synthetic (Faker),
SYN-01023,Ransomware at Allen-Cordova,Allen-Cordova,vendor,Cloud/SaaS,GB,Ransomware,Third-party supplier access,IronMagpie,Ransomware crew,True,29,2024-10-28,2024-11-02,2024-11-22,5,Internal detection,4446649,bank_details|credentials|email|name|postal_address|safeguarding_notes|ssn_or_ni_number,56860,no,11,718018148,yes,critical,True,synthetic (Faker),
SYN-01163,Data breach at Sanchez and Sons,Sanchez and Sons,vendor,Cloud/SaaS,US,Data breach,Phishing,Unattributed,Financially motivated,True,95,2024-10-13,2024-11-02,2024-11-09,20,Customer report,2259496,email|health|internal_email|name|phone|postal_address|ssn_or_ni_number,,not_applicable,0,209869546,yes,high,True,synthetic (Faker),
SYN-00718,Data breach at Nelson PLC,Nelson PLC,vendor,Software,US,Data breach,Unpatched vulnerability,VelvetSiphon,Ransomware crew,False,,2024-10-15,2024-11-03,2024-11-07,19,Internal detection,8939,donation_history|email|employment|name|passport|postal_address|safeguarding_notes,,not_applicable,0,1109847,no,medium,True,synthetic (Faker),
SYN-00118,Insider incident at Meadow Fund,Meadow Fund,nonprofit,Charity/Nonprofit,FR,Insider incident,Negligent insider,Unattributed,Insider,False,,2024-09-13,2024-11-06,2024-11-16,54,Law enforcement notification,4007,credentials|date_of_birth|donation_history|health|passport|phone|postal_address|safeguarding_notes,,not_applicable,2,350469,yes,medium,True,synthetic (Faker),
SYN-00834,Ransomware at Durham-Shaw,Durham-Shaw,private,Healthcare,GB,Ransomware,Phishing,VelvetSiphon,Ransomware crew,False,,2024-11-04,2024-11-06,2024-11-06,2,Law enforcement notification,82747,credit_card|donation_history|email|health|internal_email|phone|postal_address,1772206,undisclosed,45,5136649,yes,high,True,synthetic (Faker),
SYN-01727,Ransomware at Mcpherson Ltd,Mcpherson Ltd,private,Healthcare,IE,Ransomware,Phishing,Unattributed,Ransomware crew,False,,2024-10-14,2024-11-06,2024-11-09,23,Customer report,61939,date_of_birth|email|health|passport|phone,263684,undisclosed,24,,yes,high,True,synthetic (Faker),
SYN-01734,Phishing campaign at South Sarah Authority,South Sarah Authority,public,Education,US,Phishing campaign,Phishing,Unattributed,Unknown,False,,2024-08-26,2024-11-06,2024-11-07,72,Routine audit,47162,credit_card|email|internal_email,,not_applicable,0,6244040,yes,medium,True,synthetic (Faker),
SYN-01075,Ransomware at Literacy Network,Literacy Network,nonprofit,Charity/Nonprofit,US,Ransomware,Unpatched vulnerability,Unattributed,Ransomware crew,False,,2024-11-07,2024-11-07,2024-11-16,0,Customer report,4714,credentials|donation_history|email|phone|postal_address,51078,no,2,,yes,low,True,synthetic (Faker),
SYN-01468,Insider incident at Alisonhaven Council,Alisonhaven Council,public,Local government,IN,Insider incident,Malicious insider,Unattributed,Insider,False,,2024-10-23,2024-11-08,2024-11-11,16,Third-party notification,65691,bank_details|passport,,not_applicable,2,6198386,yes,medium,True,synthetic (Faker),
SYN-00546,Ransomware at Lantern Appeal,Lantern Appeal,nonprofit,Charity/Nonprofit,GB,Ransomware,Compromised credentials,CobaltFinch,Ransomware crew,False,,2024-11-08,2024-11-10,2024-11-16,2,Internal detection,3058,donation_history|email|internal_email|name|phone|postal_address|safeguarding_notes,390188,no,12,488947,yes,medium,True,synthetic (Faker),
SYN-01399,Business email compromise at Smith PLC,Smith PLC,private,Retail,NL,Business email compromise,Phishing,IronMagpie,Ransomware crew,False,,2024-09-11,2024-11-10,2024-11-12,60,Third-party notification,,not_applicable,,not_applicable,0,,no,low,True,synthetic (Faker),
SYN-01954,Unauthorised access at Fowler LLC,Fowler LLC,private,Manufacturing,AU,Unauthorised access,Compromised credentials,QuietFathom,Ransomware crew,False,,2024-11-09,2024-11-10,2024-11-17,1,Public leak / dark web,270,email|name|phone|postal_address,,not_applicable,1,270275,no,low,True,synthetic (Faker),
SYN-00512,Data breach at Shelter Network,Shelter Network,nonprofit,Charity/Nonprofit,GB,Data breach,Compromised credentials,CobaltFinch,Ransomware crew,False,,2024-10-29,2024-11-12,2024-11-12,14,Internal detection,70212,credit_card|donation_history|health|phone|postal_address|ssn_or_ni_number,,not_applicable,0,3154365,yes,medium,True,synthetic (Faker),
SYN-01948,Ransomware at Green LLC,Green LLC,private,Healthcare,GB,Ransomware,Help-desk social engineering,IronMagpie,Ransomware crew,False,,2024-10-31,2024-11-12,2024-11-15,12,Internal detection,54444,credentials|email|health|phone,45473,yes,3,8852933,yes,medium,True,synthetic (Faker),
SYN-01687,Business email compromise at Hill-Jones,Hill-Jones,private,Manufacturing,NL,Business email compromise,Phishing,GlassMantis,Ransomware crew,False,,2024-06-29,2024-11-16,2024-11-18,140,Internal detection,,not_applicable,,not_applicable,0,254634,unknown,medium,True,synthetic (Faker),
SYN-00057,Data breach at Martin Inc,Martin Inc,private,Financial services,CA,Data breach,Compromised credentials,SlateWarden,Ransomware crew,False,,2024-10-28,2024-11-19,2024-11-25,22,Security vendor / MDR,65501,bank_details|credentials|credit_card|employment|phone|postal_address,,not_applicable,8,2335456,yes,high,True,synthetic (Faker),
SYN-00337,Ransomware at Martin and Sons,Martin and Sons,private,Financial services,US,Ransomware,Exposed RDP/VPN,AmberBastion,Ransomware crew,False,,2024-11-18,2024-11-21,2024-11-22,3,Third-party notification,152000,credentials|donation_history|phone,76726,yes,1,,yes,medium,True,synthetic (Faker),
SYN-01307,DDoS at Jones-Burns,Jones-Burns,vendor,Software,GB,DDoS,Volumetric flood,IronMagpie,Ransomware crew,False,,2024-11-21,2024-11-21,2024-11-29,0,Public leak / dark web,31018,bank_details|date_of_birth|phone|postal_address|ssn_or_ni_number,,not_applicable,3,1812704,yes,medium,True,synthetic (Faker),
SYN-01398,Ransomware at Wayfarer Society,Wayfarer Society,nonprofit,Charity/Nonprofit,GB,Ransomware,Exposed RDP/VPN,ObsidianKoi,Ransomware crew,False,,2024-11-18,2024-11-21,2024-11-29,3,Third-party notification,2035,email|name|phone|postal_address|safeguarding_notes|ssn_or_ni_number,47040,no,4,276888,yes,medium,True,synthetic (Faker),
SYN-01537,Data breach at Warren PLC,Warren PLC,private,Healthcare,AU,Data breach,Insecure API endpoint,DimStag,Ransomware crew,False,,2024-07-19,2024-11-22,2024-12-15,126,Customer report,1223808,credentials|email|health|name|passport|phone|postal_address|safeguarding_notes,,not_applicable,6,46505143,yes,high,True,synthetic (Faker),
SYN-01893,"Data breach at Manning, Walls and Robinson","Manning, Walls and Robinson",vendor,Software,IN,Data breach,Insecure API endpoint,Unattributed,Unknown,True,1229,2024-09-06,2024-11-22,2024-11-23,77,Routine audit,2109516,bank_details|internal_email|name|postal_address|safeguarding_notes,,not_applicable,0,285615296,yes,high,True,synthetic (Faker),
SYN-00317,Ransomware at Lee Inc,Lee Inc,private,Financial services,GB,Ransomware,Compromised credentials,RustVulture,Ransomware crew,False,,2024-11-21,2024-11-24,2024-12-03,3,Internal detection,80195,email|employment|name|passport|phone|postal_address|ssn_or_ni_number,1086845,no,21,4866544,yes,high,True,synthetic (Faker),
SYN-00929,"Supply chain compromise at Arnold, Cooper and Monroe","Arnold, Cooper and Monroe",private,Retail,DE,Supply chain compromise,Trojanised software update,CobaltFinch,Ransomware crew,True,26,2024-08-10,2024-11-24,2024-12-08,106,Public leak / dark web,4701823,credentials|email|health|name|passport|phone,,not_applicable,1,713303753,yes,high,True,synthetic (Faker),
SYN-00997,Data breach at Port Deniseland Authority,Port Deniseland Authority,public,Education,GB,Data breach,Misconfigured cloud storage,Unattributed,Financially motivated,False,,2024-10-29,2024-11-24,2024-12-01,26,Security vendor / MDR,117711,date_of_birth|email|health|name|phone|postal_address,,not_applicable,22,16333297,yes,high,True,synthetic (Faker),
SYN-01983,Supply chain compromise at Hernandez-Anderson,Hernandez-Anderson,private,Healthcare,US,Supply chain compromise,Trojanised software update,Unattributed,Unknown,True,32,2024-02-08,2024-11-29,2024-12-23,295,Law enforcement notification,323926,donation_history|health|internal_email|name|phone|postal_address,,not_applicable,0,43273274,yes,high,True,synthetic (Faker),
SYN-00824,Ransomware at Fullerfurt NHS Trust,Fullerfurt NHS Trust,public,Local government,SG,Ransomware,Phishing,PaleHydra,Ransomware crew,False,,2024-11-27,2024-11-30,2024-12-18,3,Third-party notification,2187,credit_card|email|employment|name|passport|phone|postal_address,8607607,no,44,1609505,yes,medium,True,synthetic (Faker),
SYN-01396,Ransomware at Wellbeing Care,Wellbeing Care,nonprofit,Charity/Nonprofit,IN,Ransomware,Unpatched vulnerability,Unattributed,Ransomware crew,False,,2024-11-23,2024-11-30,2024-12-05,7,Third-party notification,473985,credentials|credit_card|donation_history|email|employment|name|postal_address|safeguarding_notes,3965828,no,40,31021738,yes,high,True,synthetic (Faker),
SYN-01166,Data breach at Lake Jessicaport Council,Lake Jessicaport Council,public,Education,US,Data breach,Compromised credentials,Unattributed,Insider,False,,2024-11-11,2024-12-02,2024-12-03,21,Public leak / dark web,3194,donation_history|employment|name|phone|postal_address|ssn_or_ni_number,,not_applicable,0,561346,yes,medium,True,synthetic (Faker),
SYN-01958,Insider incident at Green-Taylor,Green-Taylor,private,Manufacturing,DE,Insider incident,Malicious insider,Unattributed,Insider,False,,2024-09-08,2024-12-10,2024-12-13,93,Customer report,11230,bank_details|date_of_birth|email|employment|internal_email|name|phone,,not_applicable,0,627892,unknown,medium,True,synthetic (Faker),
SYN-00495,"Supply chain compromise at Stevenson, Evans and Rogers","Stevenson, Evans and Rogers",private,Logistics,US,Supply chain compromise,Trojanised software update,Unattributed,Unknown,True,435,2024-10-05,2024-12-12,2024-12-25,68,Third-party notification,22241,date_of_birth|email|employment|internal_email|name|phone|ssn_or_ni_number,184694,undisclosed,0,,yes,high,True,synthetic (Faker),
SYN-00636,Ransomware at Roberson LLC,Roberson LLC,private,Retail,US,Ransomware,Phishing,QuietFathom,Ransomware crew,False,,2024-12-07,2024-12-12,2024-12-14,5,Public leak / dark web,130954,email|internal_email|name|passport|phone|postal_address,420826,undisclosed,1,17416971,yes,medium,True,synthetic (Faker),
SYN-01156,Ransomware at Wayfarer Alliance,Wayfarer Alliance,nonprofit,Charity/Nonprofit,NL,Ransomware,Exposed RDP/VPN,VelvetSiphon,Ransomware crew,False,,2024-12-12,2024-12-14,2025-01-02,2,Customer report,1250,bank_details|credit_card|donation_history|email|health|internal_email|phone|safeguarding_notes,9211462,undisclosed,9,,yes,medium,True,synthetic (Faker),
SYN-01240,"Business email compromise at Cooper, White and Coleman","Cooper, White and Coleman",private,Logistics,AU,Business email compromise,MFA fatigue,Unattributed,Ransomware crew,False,,2024-12-03,2024-12-14,2025-01-09,11,Security vendor / MDR,532,donation_history|phone,,not_applicable,0,407761,yes,low,True,synthetic (Faker),
=======
SYN-00462,Ransomware at Francis Ltd,Francis Ltd,private,Hospitality,IE,Ransomware,Compromised credentials,Unattributed,Ransomware crew,False,,2024-08-30,2024-08-31,2024-09-06,1,Internal detection,201239,credit_card|date_of_birth|donation_history|health|name|phone|postal_address,1896785,no,74,14009197,yes,high,True,synthetic (Faker),
SYN-00831,Business email compromise at Beacon Hill Appeal,Beacon Hill Appeal,nonprofit,Charity/Nonprofit,GB,Business email compromise,Phishing,DimStag,Nation state,False,,2024-07-13,2024-08-31,2024-09-02,49,Third-party notification,,not_applicable,,not_applicable,1,77809,no,medium,True,synthetic (Faker),
SYN-00329,Insider incident at Cox Inc,Cox Inc,vendor,Software,US,Insider incident,Negligent insider,Unattributed,Insider,True,221,2024-07-27,2024-09-02,2024-09-07,37,Internal detection,424836,donation_history|health|name,,not_applicable,7,46423466,yes,high,True,synthetic (Faker),
SYN-00481,Ransomware at Heritage Care,Heritage Care,nonprofit,Charity/Nonprofit,US,Ransomware,Phishing,NorthQuarry,Ransomware crew,False,,2024-08-26,2024-09-02,2024-09-06,7,Internal detection,27690,date_of_birth|donation_history|email|employment|health|name|postal_address,28021,no,6,1123069,yes,high,True,synthetic (Faker),
SYN-00946,Ransomware at Nelson PLC,Nelson PLC,private,Logistics,FR,Ransomware,Unpatched vulnerability,NorthQuarry,Ransomware crew,False,,2024-09-04,2024-09-11,2024-09-14,7,Third-party notification,12873,email|internal_email|name|phone,26951,no,14,2229862,no,medium,True,synthetic (Faker),
SYN-00128,Ransomware at Salazar-Ball,Salazar-Ball,private,Financial services,US,Ransomware,Help-desk social engineering,PaleHydra,Ransomware crew,False,,2024-09-08,2024-09-16,2024-09-26,8,Security vendor / MDR,66269,credentials|postal_address|safeguarding_notes,841434,no,70,7704761,yes,high,True,synthetic (Faker),
SYN-00708,Ransomware at Ryanview Council,Ryanview Council,public,Local government,GB,Ransomware,Exposed RDP/VPN,IronMagpie,Ransomware crew,False,,2024-09-13,2024-09-17,2024-09-20,4,Public leak / dark web,11666,email|postal_address,80458,no,26,2753792,yes,medium,True,synthetic (Faker),
SYN-00968,Ransomware at Flynn Ltd,Flynn Ltd,private,Healthcare,AU,Ransomware,Unpatched vulnerability,DimStag,Ransomware crew,False,,2024-09-19,2024-09-20,2024-11-07,1,Third-party notification,26528,health|phone|safeguarding_notes|ssn_or_ni_number,99334,yes,6,2511846,yes,high,True,synthetic (Faker),
SYN-00013,"Data breach at Wilson, Harris and Francis","Wilson, Harris and Francis",private,Manufacturing,DE,Data breach,Credential stuffing,NineSpindle,Nation state,False,,2024-09-08,2024-09-22,2024-09-26,14,Security vendor / MDR,124477,email|phone|ssn_or_ni_number,,not_applicable,0,14161669,yes,medium,True,synthetic (Faker),
SYN-00509,Phishing campaign at David LLC,David LLC,private,Healthcare,GB,Phishing campaign,Phishing,Unattributed,Unknown,False,,2024-09-20,2024-09-28,2024-10-08,8,Law enforcement notification,258856,credit_card|donation_history|health|passport|phone,,not_applicable,0,,yes,medium,True,synthetic (Faker),
SYN-00197,Data breach at Ashleyton NHS Trust,Ashleyton NHS Trust,public,Local government,US,Data breach,Insecure API endpoint,NineSpindle,Ransomware crew,False,,2024-07-12,2024-10-01,2024-10-14,81,Public leak / dark web,4262,bank_details|credit_card|email|employment|name|phone|postal_address,,not_applicable,0,,yes,medium,True,synthetic (Faker),
SYN-00139,Phishing campaign at Medina-Navarro,Medina-Navarro,private,Legal/Professional,US,Phishing campaign,Phishing,Unattributed,Financially motivated,False,,2024-09-24,2024-10-09,2024-10-15,15,Security vendor / MDR,153962,bank_details|credentials|email|phone|postal_address,,not_applicable,0,20161229,yes,medium,True,synthetic (Faker),
SYN-00483,Ransomware at Herrera-Boone,Herrera-Boone,private,Logistics,GB,Ransomware,Help-desk social engineering,Unattributed,Ransomware crew,False,,2024-10-13,2024-10-13,2024-10-14,0,Customer report,15300,bank_details|date_of_birth|email|name|postal_address,1389058,no,5,2536505,yes,medium,True,synthetic (Faker),
SYN-00161,"Ransomware at Miah, Brown and Burton","Miah, Brown and Burton",private,Logistics,AU,Ransomware,Unpatched vulnerability,TinCathedral,Ransomware crew,False,,2024-10-15,2024-10-16,2024-10-20,1,Public leak / dark web,2371,bank_details|credit_card|donation_history|employment|internal_email|name|postal_address,2095397,no,10,1024952,yes,medium,True,synthetic (Faker),
SYN-00191,Unauthorised access at Hughes-Mellor,Hughes-Mellor,private,Retail,IN,Unauthorised access,Compromised credentials,AmberBastion,Ransomware crew,False,,2024-05-13,2024-10-25,2024-12-05,165,Internal detection,27444054,bank_details|employment|health|name|phone|postal_address|safeguarding_notes,,not_applicable,5,,yes,high,True,synthetic (Faker),
SYN-00363,Ransomware at Butler-Knight,Butler-Knight,vendor,Cloud/SaaS,AU,Ransomware,Third-party supplier access,AmberBastion,Ransomware crew,True,1650,2024-10-20,2024-10-27,2024-10-30,7,Internal detection,434689,date_of_birth|donation_history|email|health|phone|postal_address|ssn_or_ni_number,1091043,no,6,34892095,yes,high,True,synthetic (Faker),
SYN-00423,"Ransomware at Gonzales, Huber and Morgan","Gonzales, Huber and Morgan",private,Hospitality,NL,Ransomware,Phishing,RustVulture,Ransomware crew,False,,2024-10-25,2024-10-27,2024-10-31,2,Third-party notification,8306,bank_details|date_of_birth|name|phone|postal_address,290267,no,3,1031996,unknown,medium,True,synthetic (Faker),
SYN-00162,Unauthorised access at Hamilton LLC,Hamilton LLC,vendor,Cloud/SaaS,GB,Unauthorised access,Compromised credentials,ObsidianKoi,Ransomware crew,True,126,2024-09-26,2024-10-30,2024-11-05,34,Security vendor / MDR,56081,email|passport|postal_address|ssn_or_ni_number,,not_applicable,2,,yes,high,True,synthetic (Faker),
SYN-00718,Data breach at Nelson PLC,Nelson PLC,vendor,Software,US,Data breach,Unpatched vulnerability,VelvetSiphon,Ransomware crew,False,,2024-10-15,2024-11-03,2024-11-07,19,Internal detection,8939,donation_history|email|employment|name|passport|postal_address|safeguarding_notes,,not_applicable,0,1109847,no,medium,True,synthetic (Faker),
SYN-00118,Insider incident at Meadow Fund,Meadow Fund,nonprofit,Charity/Nonprofit,FR,Insider incident,Negligent insider,Unattributed,Insider,False,,2024-09-13,2024-11-06,2024-11-16,54,Law enforcement notification,4007,credentials|date_of_birth|donation_history|health|passport|phone|postal_address|safeguarding_notes,,not_applicable,2,350469,yes,medium,True,synthetic (Faker),
SYN-00834,Ransomware at Durham-Shaw,Durham-Shaw,private,Healthcare,GB,Ransomware,Phishing,VelvetSiphon,Ransomware crew,False,,2024-11-04,2024-11-06,2024-11-06,2,Law enforcement notification,82747,credit_card|donation_history|email|health|internal_email|phone|postal_address,1772206,undisclosed,45,5136649,yes,high,True,synthetic (Faker),
SYN-00546,Ransomware at Lantern Appeal,Lantern Appeal,nonprofit,Charity/Nonprofit,GB,Ransomware,Compromised credentials,CobaltFinch,Ransomware crew,False,,2024-11-08,2024-11-10,2024-11-16,2,Internal detection,3058,donation_history|email|internal_email|name|phone|postal_address|safeguarding_notes,390188,no,12,488947,yes,medium,True,synthetic (Faker),
SYN-00512,Data breach at Shelter Network,Shelter Network,nonprofit,Charity/Nonprofit,GB,Data breach,Compromised credentials,CobaltFinch,Ransomware crew,False,,2024-10-29,2024-11-12,2024-11-12,14,Internal detection,70212,credit_card|donation_history|health|phone|postal_address|ssn_or_ni_number,,not_applicable,0,3154365,yes,medium,True,synthetic (Faker),
SYN-00057,Data breach at Martin Inc,Martin Inc,private,Financial services,CA,Data breach,Compromised credentials,SlateWarden,Ransomware crew,False,,2024-10-28,2024-11-19,2024-11-25,22,Security vendor / MDR,65501,bank_details|credentials|credit_card|employment|phone|postal_address,,not_applicable,8,2335456,yes,high,True,synthetic (Faker),
SYN-00337,Ransomware at Martin and Sons,Martin and Sons,private,Financial services,US,Ransomware,Exposed RDP/VPN,AmberBastion,Ransomware crew,False,,2024-11-18,2024-11-21,2024-11-22,3,Third-party notification,152000,credentials|donation_history|phone,76726,yes,1,,yes,medium,True,synthetic (Faker),
SYN-00317,Ransomware at Lee Inc,Lee Inc,private,Financial services,GB,Ransomware,Compromised credentials,RustVulture,Ransomware crew,False,,2024-11-21,2024-11-24,2024-12-03,3,Internal detection,80195,email|employment|name|passport|phone|postal_address|ssn_or_ni_number,1086845,no,21,4866544,yes,high,True,synthetic (Faker),
SYN-00929,"Supply chain compromise at Arnold, Cooper and Monroe","Arnold, Cooper and Monroe",private,Retail,DE,Supply chain compromise,Trojanised software update,CobaltFinch,Ransomware crew,True,26,2024-08-10,2024-11-24,2024-12-08,106,Public leak / dark web,4701823,credentials|email|health|name|passport|phone,,not_applicable,1,713303753,yes,high,True,synthetic (Faker),
SYN-00997,Data breach at Port Deniseland Authority,Port Deniseland Authority,public,Education,GB,Data breach,Misconfigured cloud storage,Unattributed,Financially motivated,False,,2024-10-29,2024-11-24,2024-12-01,26,Security vendor / MDR,117711,date_of_birth|email|health|name|phone|postal_address,,not_applicable,22,16333297,yes,high,True,synthetic (Faker),
SYN-00824,Ransomware at Fullerfurt NHS Trust,Fullerfurt NHS Trust,public,Local government,SG,Ransomware,Phishing,PaleHydra,Ransomware crew,False,,2024-11-27,2024-11-30,2024-12-18,3,Third-party notification,2187,credit_card|email|employment|name|passport|phone|postal_address,8607607,no,44,1609505,yes,medium,True,synthetic (Faker),
SYN-00495,"Supply chain compromise at Stevenson, Evans and Rogers","Stevenson, Evans and Rogers",private,Logistics,US,Supply chain compromise,Trojanised software update,Unattributed,Unknown,True,435,2024-10-05,2024-12-12,2024-12-25,68,Third-party notification,22241,date_of_birth|email|employment|internal_email|name|phone|ssn_or_ni_number,184694,undisclosed,0,,yes,high,True,synthetic (Faker),
SYN-00636,Ransomware at Roberson LLC,Roberson LLC,private,Retail,US,Ransomware,Phishing,QuietFathom,Ransomware crew,False,,2024-12-07,2024-12-12,2024-12-14,5,Public leak / dark web,130954,email|internal_email|name|passport|phone|postal_address,420826,undisclosed,1,17416971,yes,medium,True,synthetic (Faker),
>>>>>>> 8a74902011229c25354fcb7e063b9152ef665657
SYN-00318,Data breach at Garner LLC,Garner LLC,private,Retail,GB,Data breach,Third-party supplier access,Unattributed,Insider,True,6357,2024-11-28,2024-12-15,2025-02-25,17,Customer report,1588850,bank_details|credentials|date_of_birth|donation_history|email|phone|postal_address,,not_applicable,0,277794474,yes,high,True,synthetic (Faker),
SYN-00783,Data breach at Literacy Trust,Literacy Trust,nonprofit,Charity/Nonprofit,GB,Data breach,Compromised credentials,Unattributed,Ransomware crew,False,,2024-11-22,2024-12-15,2025-01-01,23,Law enforcement notification,143117,credit_card|email|internal_email|postal_address,,not_applicable,0,,yes,medium,True,synthetic (Faker),
SYN-00060,Ransomware at Lee and Sons,Lee and Sons,private,Manufacturing,US,Ransomware,Unpatched vulnerability,AmberBastion,Ransomware crew,False,,2024-12-15,2024-12-16,2024-12-18,1,Third-party notification,215,internal_email|name|postal_address,729233,undisclosed,42,3806256,no,medium,True,synthetic (Faker),
SYN-00311,Ransomware at Wagnerchester Council,Wagnerchester Council,public,Energy/Utilities,IN,Ransomware,Exposed RDP/VPN,Unattributed,Ransomware crew,False,,2024-11-30,2024-12-16,2024-12-17,16,Public leak / dark web,835,credentials|name|phone|postal_address,1826555,yes,115,1673965,yes,medium,True,synthetic (Faker),
<<<<<<< HEAD
SYN-01418,Ransomware at Dean and Sons,Dean and Sons,private,Financial services,FR,Ransomware,Phishing,GlassMantis,Ransomware crew,False,,2024-12-11,2024-12-16,2024-12-24,5,Law enforcement notification,1783,credit_card|date_of_birth|email,112089,no,47,2041862,yes,medium,True,synthetic (Faker),
SYN-01376,DDoS at Jamesstad District Board,Jamesstad District Board,public,Education,GB,DDoS,Volumetric flood,SlateWarden,Ransomware crew,False,,2024-12-13,2024-12-17,2024-12-28,4,Internal detection,,not_applicable,,not_applicable,1,95144,no,medium,True,synthetic (Faker),
SYN-00499,"Phishing campaign at Bentley, Jones and Barry","Bentley, Jones and Barry",private,Financial services,CA,Phishing campaign,Phishing,NorthQuarry,Nation state,False,,2024-07-06,2024-12-18,2024-12-28,165,Public leak / dark web,136846,email|internal_email|phone,,not_applicable,0,21187080,yes,medium,True,synthetic (Faker),
SYN-00698,Supply chain compromise at Annetteberg Authority,Annetteberg Authority,public,Local government,US,Supply chain compromise,Malicious dependency,Unattributed,Ransomware crew,True,4,2024-10-18,2024-12-21,2025-01-03,64,Security vendor / MDR,844236,name|phone,,not_applicable,4,,yes,medium,True,synthetic (Faker),
SYN-01003,Business email compromise at Davis Ltd,Davis Ltd,private,Financial services,GB,Business email compromise,Phishing,Unattributed,Unknown,False,,2024-11-17,2024-12-23,2024-12-24,36,Law enforcement notification,,not_applicable,,not_applicable,0,,no,low,True,synthetic (Faker),
SYN-01329,Unauthorised access at Warren Group,Warren Group,private,Financial services,US,Unauthorised access,Help-desk social engineering,Unattributed,Unknown,False,,2024-11-21,2024-12-24,2024-12-29,33,Law enforcement notification,6165,donation_history|email|employment|health|name|phone|postal_address,,not_applicable,5,,yes,medium,True,synthetic (Faker),
SYN-01006,Ransomware at Refuge Trust,Refuge Trust,nonprofit,Charity/Nonprofit,IN,Ransomware,Compromised credentials,IronMagpie,Ransomware crew,False,,2024-12-24,2024-12-25,2025-01-12,1,Public leak / dark web,4160,credentials|donation_history|name|passport,159378,undisclosed,9,,yes,medium,True,synthetic (Faker),
SYN-01753,"Data breach at Mosley, Taylor and Matthews","Mosley, Taylor and Matthews",private,Retail,GB,Data breach,Phishing,SlateWarden,Ransomware crew,False,,2024-12-07,2024-12-28,2025-01-03,21,Internal detection,5856059,credentials|email|phone|safeguarding_notes|ssn_or_ni_number,118807,no,4,193544181,yes,high,True,synthetic (Faker),
=======
SYN-00499,"Phishing campaign at Bentley, Jones and Barry","Bentley, Jones and Barry",private,Financial services,CA,Phishing campaign,Phishing,NorthQuarry,Nation state,False,,2024-07-06,2024-12-18,2024-12-28,165,Public leak / dark web,136846,email|internal_email|phone,,not_applicable,0,21187080,yes,medium,True,synthetic (Faker),
SYN-00698,Supply chain compromise at Annetteberg Authority,Annetteberg Authority,public,Local government,US,Supply chain compromise,Malicious dependency,Unattributed,Ransomware crew,True,4,2024-10-18,2024-12-21,2025-01-03,64,Security vendor / MDR,844236,name|phone,,not_applicable,4,,yes,medium,True,synthetic (Faker),
>>>>>>> 8a74902011229c25354fcb7e063b9152ef665657
SYN-00183,Ransomware at Rivers Foundation,Rivers Foundation,nonprofit,Charity/Nonprofit,US,Ransomware,Third-party supplier access,IronMagpie,Ransomware crew,True,10,2024-12-27,2024-12-29,2025-01-08,2,Customer report,26964,bank_details|donation_history|email|name|passport|postal_address|safeguarding_notes|ssn_or_ni_number,24988624,no,2,1256116,yes,high,True,synthetic (Faker),
SYN-00310,"Supply chain compromise at Schultz, Kelley and Nguyen","Schultz, Kelley and Nguyen",private,Financial services,FR,Supply chain compromise,Compromised credentials,Unattributed,Financially motivated,True,7,2024-11-29,2024-12-29,2025-01-23,30,Routine audit,7052093,credentials|donation_history|email|health|name|phone|postal_address,,not_applicable,0,573165240,yes,high,True,synthetic (Faker),
SYN-00826,Business email compromise at Allanburgh Council,Allanburgh Council,public,Education,US,Business email compromise,Compromised credentials,Unattributed,Unknown,False,,2024-11-10,2024-12-29,2025-01-16,49,Law enforcement notification,13125,date_of_birth|phone,,not_applicable,0,2197153,yes,medium,True,synthetic (Faker),
SYN-00294,Data breach at Taylor-Daly,Taylor-Daly,private,Manufacturing,GB,Data breach,Compromised credentials,Unattributed,Insider,False,,2024-11-06,2025-01-03,2025-01-04,58,Security vendor / MDR,41813,donation_history|email|employment|phone|postal_address|ssn_or_ni_number,,not_applicable,0,1812666,yes,medium,True,synthetic (Faker),
<<<<<<< HEAD
SYN-01056,"Ransomware at Freeman, Todd and Ellis","Freeman, Todd and Ellis",vendor,Cloud/SaaS,GB,Ransomware,Phishing,CobaltFinch,Ransomware crew,False,,2024-12-31,2025-01-03,2025-01-03,3,Internal detection,259102,bank_details|donation_history|email|internal_email|name|passport,97726,no,13,,yes,high,True,synthetic (Faker),
SYN-01478,Phishing campaign at Lake Reeceport Authority,Lake Reeceport Authority,public,Local government,GB,Phishing campaign,Phishing,Unattributed,Unknown,False,,2024-12-10,2025-01-03,2025-01-09,24,Third-party notification,81805,email|name,,not_applicable,0,13967268,yes,medium,True,synthetic (Faker),
SYN-00749,DDoS at Richards-Williams,Richards-Williams,private,Healthcare,GB,DDoS,Application-layer flood,Unattributed,Financially motivated,False,,2025-01-05,2025-01-06,2025-01-08,1,Internal detection,,not_applicable,,not_applicable,1,420535,no,medium,True,synthetic (Faker),
SYN-00977,Ransomware at Bryant-Meyer,Bryant-Meyer,private,Financial services,CA,Ransomware,Phishing,PaleHydra,Ransomware crew,False,,2025-01-05,2025-01-06,2025-01-09,1,Internal detection,999387,bank_details|credentials|employment|internal_email|name|safeguarding_notes,15483056,no,3,46365397,yes,medium,True,synthetic (Faker),
SYN-01373,"Ransomware at Richards, Newman and Smith","Richards, Newman and Smith",private,Healthcare,US,Ransomware,Exposed RDP/VPN,NorthQuarry,Ransomware crew,False,,2025-01-03,2025-01-08,2025-01-09,5,Third-party notification,44691,date_of_birth|health|internal_email|name|phone,824492,yes,9,,yes,high,True,synthetic (Faker),
SYN-01407,Data breach at Sandoval-Miller,Sandoval-Miller,private,Financial services,FR,Data breach,Credential stuffing,Unattributed,Unknown,False,,2024-11-14,2025-01-08,2025-01-12,55,Internal detection,17742,bank_details|credit_card|employment|name|phone|postal_address|ssn_or_ni_number,5692921,undisclosed,4,3512162,yes,medium,True,synthetic (Faker),
SYN-00182,"Ransomware at Lawrence, Wolf and Carlson","Lawrence, Wolf and Carlson",private,Retail,US,Ransomware,Third-party supplier access,DimStag,Ransomware crew,True,37,2025-01-01,2025-01-09,2025-01-18,8,Internal detection,26072,email|employment|health|passport|phone|postal_address,643649,yes,6,1553706,yes,high,True,synthetic (Faker),
SYN-01368,"Supply chain compromise at Johnston, Davis and Reynolds","Johnston, Davis and Reynolds",vendor,Software,GB,Supply chain compromise,Third-party supplier access,RustVulture,Ransomware crew,True,294,2024-12-27,2025-01-09,2025-01-13,13,Public leak / dark web,145866,donation_history|email|internal_email|name|phone|postal_address,,not_applicable,0,,yes,medium,True,synthetic (Faker),
SYN-00345,Data breach at Watts-Smith,Watts-Smith,vendor,Software,SG,Data breach,Phishing,DimStag,Ransomware crew,False,,2025-01-04,2025-01-10,2025-01-13,6,Customer report,723632,internal_email|name,,not_applicable,1,,yes,medium,True,synthetic (Faker),
SYN-01639,Ransomware at Clark PLC,Clark PLC,vendor,Nonprofit technology,GB,Ransomware,Exposed RDP/VPN,IronMagpie,Ransomware crew,False,,2025-01-07,2025-01-10,2025-01-14,3,Public leak / dark web,41422,donation_history|name|passport,599217,no,26,9360123,yes,medium,True,synthetic (Faker),
SYN-01033,Phishing campaign at Castro-Harvey,Castro-Harvey,private,Healthcare,GB,Phishing campaign,Phishing,Unattributed,Financially motivated,False,,2024-10-27,2025-01-12,2025-01-20,77,Third-party notification,596,credentials|credit_card|donation_history|email|health,,not_applicable,0,456764,yes,medium,True,synthetic (Faker),
SYN-00021,Data breach at Rios Group,Rios Group,vendor,Software,IN,Data breach,Compromised credentials,RustVulture,Ransomware crew,True,51,2024-12-14,2025-01-14,2025-01-19,31,Third-party notification,145250,bank_details|credentials|credit_card|email|health|name|postal_address,,not_applicable,2,,yes,high,True,synthetic (Faker),
SYN-00561,Data breach at Literacy Trust,Literacy Trust,nonprofit,Charity/Nonprofit,IE,Data breach,Third-party supplier access,TinCathedral,Ransomware crew,True,54,2025-01-09,2025-01-17,2025-01-27,8,Routine audit,180089,donation_history|email|name|phone,,not_applicable,0,,yes,medium,True,synthetic (Faker),
SYN-00985,Unauthorised access at Lake Raymondtown District Board,Lake Raymondtown District Board,public,Education,GB,Unauthorised access,Insecure API endpoint,VelvetSiphon,Ransomware crew,False,,2024-11-10,2025-01-17,2025-01-22,68,Security vendor / MDR,55491,email|phone,,not_applicable,6,8115346,yes,medium,True,synthetic (Faker),
SYN-01581,Ransomware at Heritage Appeal,Heritage Appeal,nonprofit,Charity/Nonprofit,SG,Ransomware,Phishing,Unattributed,Ransomware crew,False,,2025-01-13,2025-01-17,2025-01-24,4,Internal detection,462391,credentials|name,1909424,yes,29,,yes,medium,True,synthetic (Faker),
SYN-00937,Supply chain compromise at Woodard-York,Woodard-York,private,Manufacturing,FR,Supply chain compromise,Trojanised software update,Unattributed,Ransomware crew,True,575,2024-01-10,2025-01-19,2025-01-21,375,Third-party notification,19311,bank_details|credentials|donation_history|email|name|safeguarding_notes|ssn_or_ni_number,,not_applicable,0,3345052,no,high,True,synthetic (Faker),
SYN-00878,Unauthorised access at Brown Inc,Brown Inc,private,Financial services,DE,Unauthorised access,Exposed RDP/VPN,NineSpindle,Ransomware crew,False,,2023-09-07,2025-01-21,2025-02-04,502,Third-party notification,4365047,credentials|email|employment|phone|postal_address,974759,no,0,,yes,medium,True,synthetic (Faker),
SYN-00930,"Ransomware at Rivas, Davis and Johnson","Rivas, Davis and Johnson",vendor,Software,IN,Ransomware,Compromised credentials,AmberBastion,Ransomware crew,True,855,2025-01-20,2025-01-21,2025-01-23,1,Internal detection,13452884,date_of_birth|donation_history|email|name|phone|postal_address|safeguarding_notes,1767611,undisclosed,56,1356253429,yes,critical,True,synthetic (Faker),
SYN-01828,Data breach at Lake Mariafort District Board,Lake Mariafort District Board,public,Energy/Utilities,GB,Data breach,Credential stuffing,Unattributed,Financially motivated,False,,2024-10-07,2025-01-22,2025-01-31,107,Internal detection,122,email|health|name|postal_address|safeguarding_notes,,not_applicable,2,352403,yes,medium,True,synthetic (Faker),
SYN-01970,Ransomware at Taylor Ltd,Taylor Ltd,private,Healthcare,AU,Ransomware,Exposed RDP/VPN,SlateWarden,Ransomware crew,False,,2025-01-11,2025-01-22,2025-01-23,11,Internal detection,1250677,bank_details|health|name|phone|postal_address,1027722,yes,8,,yes,high,True,synthetic (Faker),
SYN-01159,Data breach at Lewis LLC,Lewis LLC,private,Healthcare,US,Data breach,Compromised credentials,Unattributed,Unknown,False,,2025-01-13,2025-01-23,2025-01-27,10,Customer report,6210,email|health|internal_email|name|phone|postal_address|safeguarding_notes|ssn_or_ni_number,,not_applicable,0,1239795,yes,medium,True,synthetic (Faker),
SYN-00618,Business email compromise at Beacon Hill Society,Beacon Hill Society,nonprofit,Charity/Nonprofit,AU,Business email compromise,Compromised credentials,PaleHydra,Ransomware crew,False,,2024-12-20,2025-01-24,2025-02-02,35,Security vendor / MDR,,not_applicable,,not_applicable,0,169517,no,low,True,synthetic (Faker),
SYN-00470,"Supply chain compromise at Travis, Reed and Ross","Travis, Reed and Ross",vendor,Software,GB,Supply chain compromise,Third-party supplier access,DimStag,Ransomware crew,True,148,2024-12-01,2025-01-26,2025-02-15,56,Security vendor / MDR,256717,email|name|passport|phone,,not_applicable,0,45394538,yes,medium,True,synthetic (Faker),
SYN-01449,"Insider incident at Bentley, Brookes and Elliott","Bentley, Brookes and Elliott",private,Healthcare,IE,Insider incident,Negligent insider,Unattributed,Insider,False,,2024-11-30,2025-01-27,2025-01-29,58,Security vendor / MDR,148074,employment|health|postal_address|safeguarding_notes,,not_applicable,0,21406044,yes,medium,True,synthetic (Faker),
SYN-00880,Data breach at Rivers Fund,Rivers Fund,nonprofit,Charity/Nonprofit,US,Data breach,Compromised credentials,NorthQuarry,Ransomware crew,False,,2024-11-01,2025-01-28,2025-02-17,88,Third-party notification,3205,date_of_birth|donation_history|email|name|postal_address,,not_applicable,0,262468,yes,low,True,synthetic (Faker),
SYN-01109,Data breach at Wayfarer Trust,Wayfarer Trust,nonprofit,Charity/Nonprofit,GB,Data breach,Third-party supplier access,Unattributed,Unknown,True,85,2025-01-08,2025-01-30,2025-02-06,22,Security vendor / MDR,169463,donation_history|email|health|name|phone,,not_applicable,0,,yes,high,True,synthetic (Faker),
SYN-00149,Ransomware at Wells and Sons,Wells and Sons,private,Logistics,AU,Ransomware,Unpatched vulnerability,Unattributed,Ransomware crew,False,,2025-01-27,2025-01-31,2025-02-01,4,Internal detection,2107,bank_details|email|health|name|phone,461612,no,18,,yes,medium,True,synthetic (Faker),
SYN-01051,Data breach at Simmons-Ward,Simmons-Ward,private,Healthcare,DE,Data breach,Compromised credentials,Unattributed,Financially motivated,False,,2024-09-25,2025-02-02,2025-02-16,130,Law enforcement notification,351234,credit_card|health|name|passport|phone|postal_address,678537,undisclosed,2,11744741,yes,medium,True,synthetic (Faker),
SYN-01621,DDoS at Brown-Shea,Brown-Shea,private,Hospitality,NL,DDoS,Application-layer flood,Unattributed,Unknown,False,,2025-02-09,2025-02-09,2025-03-04,0,Third-party notification,,not_applicable,,not_applicable,2,516299,no,medium,True,synthetic (Faker),
SYN-01527,"Unauthorised access at Banks, Sparks and Patel","Banks, Sparks and Patel",private,Retail,US,Unauthorised access,Compromised credentials,CobaltFinch,Ransomware crew,False,,2024-11-30,2025-02-10,2025-02-21,72,Public leak / dark web,115606,credit_card|postal_address,,not_applicable,0,15757807,yes,medium,True,synthetic (Faker),
SYN-00001,Ransomware at Cox and Sons,Cox and Sons,private,Manufacturing,GB,Ransomware,Compromised credentials,AmberBastion,Ransomware crew,False,,2025-02-11,2025-02-11,2025-02-17,0,Security vendor / MDR,9751,email|health|name|passport|phone|postal_address,2350472,no,8,682703,yes,medium,True,synthetic (Faker),
SYN-00254,"Data breach at King, Scott and Smith","King, Scott and Smith",vendor,Nonprofit technology,SG,Data breach,Compromised credentials,RustVulture,Ransomware crew,False,,2025-01-27,2025-02-15,2025-02-18,19,Internal detection,555542,email|name|phone|postal_address,,not_applicable,0,17233770,yes,medium,True,synthetic (Faker),
SYN-01162,"DDoS at Mendoza, Clark and Martin","Mendoza, Clark and Martin",private,Healthcare,GB,DDoS,Volumetric flood,Unattributed,Financially motivated,False,,2025-02-13,2025-02-16,2025-02-19,3,Internal detection,6489,health|name|phone|safeguarding_notes,,not_applicable,1,,yes,medium,True,synthetic (Faker),
SYN-01715,Insider incident at Fletcher-Richardson,Fletcher-Richardson,private,Healthcare,CA,Insider incident,Malicious insider,Unattributed,Insider,False,,2024-12-19,2025-02-18,2025-02-28,61,Third-party notification,14043,health|name|phone,,not_applicable,2,1165484,yes,medium,True,synthetic (Faker),
=======
SYN-00749,DDoS at Richards-Williams,Richards-Williams,private,Healthcare,GB,DDoS,Application-layer flood,Unattributed,Financially motivated,False,,2025-01-05,2025-01-06,2025-01-08,1,Internal detection,,not_applicable,,not_applicable,1,420535,no,medium,True,synthetic (Faker),
SYN-00977,Ransomware at Bryant-Meyer,Bryant-Meyer,private,Financial services,CA,Ransomware,Phishing,PaleHydra,Ransomware crew,False,,2025-01-05,2025-01-06,2025-01-09,1,Internal detection,999387,bank_details|credentials|employment|internal_email|name|safeguarding_notes,15483056,no,3,46365397,yes,medium,True,synthetic (Faker),
SYN-00182,"Ransomware at Lawrence, Wolf and Carlson","Lawrence, Wolf and Carlson",private,Retail,US,Ransomware,Third-party supplier access,DimStag,Ransomware crew,True,37,2025-01-01,2025-01-09,2025-01-18,8,Internal detection,26072,email|employment|health|passport|phone|postal_address,643649,yes,6,1553706,yes,high,True,synthetic (Faker),
SYN-00345,Data breach at Watts-Smith,Watts-Smith,vendor,Software,SG,Data breach,Phishing,DimStag,Ransomware crew,False,,2025-01-04,2025-01-10,2025-01-13,6,Customer report,723632,internal_email|name,,not_applicable,1,,yes,medium,True,synthetic (Faker),
SYN-00021,Data breach at Rios Group,Rios Group,vendor,Software,IN,Data breach,Compromised credentials,RustVulture,Ransomware crew,True,51,2024-12-14,2025-01-14,2025-01-19,31,Third-party notification,145250,bank_details|credentials|credit_card|email|health|name|postal_address,,not_applicable,2,,yes,high,True,synthetic (Faker),
SYN-00561,Data breach at Literacy Trust,Literacy Trust,nonprofit,Charity/Nonprofit,IE,Data breach,Third-party supplier access,TinCathedral,Ransomware crew,True,54,2025-01-09,2025-01-17,2025-01-27,8,Routine audit,180089,donation_history|email|name|phone,,not_applicable,0,,yes,medium,True,synthetic (Faker),
SYN-00985,Unauthorised access at Lake Raymondtown District Board,Lake Raymondtown District Board,public,Education,GB,Unauthorised access,Insecure API endpoint,VelvetSiphon,Ransomware crew,False,,2024-11-10,2025-01-17,2025-01-22,68,Security vendor / MDR,55491,email|phone,,not_applicable,6,8115346,yes,medium,True,synthetic (Faker),
SYN-00937,Supply chain compromise at Woodard-York,Woodard-York,private,Manufacturing,FR,Supply chain compromise,Trojanised software update,Unattributed,Ransomware crew,True,575,2024-01-10,2025-01-19,2025-01-21,375,Third-party notification,19311,bank_details|credentials|donation_history|email|name|safeguarding_notes|ssn_or_ni_number,,not_applicable,0,3345052,no,high,True,synthetic (Faker),
SYN-00878,Unauthorised access at Brown Inc,Brown Inc,private,Financial services,DE,Unauthorised access,Exposed RDP/VPN,NineSpindle,Ransomware crew,False,,2023-09-07,2025-01-21,2025-02-04,502,Third-party notification,4365047,credentials|email|employment|phone|postal_address,974759,no,0,,yes,medium,True,synthetic (Faker),
SYN-00930,"Ransomware at Rivas, Davis and Johnson","Rivas, Davis and Johnson",vendor,Software,IN,Ransomware,Compromised credentials,AmberBastion,Ransomware crew,True,855,2025-01-20,2025-01-21,2025-01-23,1,Internal detection,13452884,date_of_birth|donation_history|email|name|phone|postal_address|safeguarding_notes,1767611,undisclosed,56,1356253429,yes,critical,True,synthetic (Faker),
SYN-00618,Business email compromise at Beacon Hill Society,Beacon Hill Society,nonprofit,Charity/Nonprofit,AU,Business email compromise,Compromised credentials,PaleHydra,Ransomware crew,False,,2024-12-20,2025-01-24,2025-02-02,35,Security vendor / MDR,,not_applicable,,not_applicable,0,169517,no,low,True,synthetic (Faker),
SYN-00470,"Supply chain compromise at Travis, Reed and Ross","Travis, Reed and Ross",vendor,Software,GB,Supply chain compromise,Third-party supplier access,DimStag,Ransomware crew,True,148,2024-12-01,2025-01-26,2025-02-15,56,Security vendor / MDR,256717,email|name|passport|phone,,not_applicable,0,45394538,yes,medium,True,synthetic (Faker),
SYN-00880,Data breach at Rivers Fund,Rivers Fund,nonprofit,Charity/Nonprofit,US,Data breach,Compromised credentials,NorthQuarry,Ransomware crew,False,,2024-11-01,2025-01-28,2025-02-17,88,Third-party notification,3205,date_of_birth|donation_history|email|name|postal_address,,not_applicable,0,262468,yes,low,True,synthetic (Faker),
SYN-00149,Ransomware at Wells and Sons,Wells and Sons,private,Logistics,AU,Ransomware,Unpatched vulnerability,Unattributed,Ransomware crew,False,,2025-01-27,2025-01-31,2025-02-01,4,Internal detection,2107,bank_details|email|health|name|phone,461612,no,18,,yes,medium,True,synthetic (Faker),
SYN-00001,Ransomware at Cox and Sons,Cox and Sons,private,Manufacturing,GB,Ransomware,Compromised credentials,AmberBastion,Ransomware crew,False,,2025-02-11,2025-02-11,2025-02-17,0,Security vendor / MDR,9751,email|health|name|passport|phone|postal_address,2350472,no,8,682703,yes,medium,True,synthetic (Faker),
SYN-00254,"Data breach at King, Scott and Smith","King, Scott and Smith",vendor,Nonprofit technology,SG,Data breach,Compromised credentials,RustVulture,Ransomware crew,False,,2025-01-27,2025-02-15,2025-02-18,19,Internal detection,555542,email|name|phone|postal_address,,not_applicable,0,17233770,yes,medium,True,synthetic (Faker),
>>>>>>> 8a74902011229c25354fcb7e063b9152ef665657
SYN-00198,Unauthorised access at Johnson LLC,Johnson LLC,private,Financial services,GB,Unauthorised access,Compromised credentials,Unattributed,Ransomware crew,False,,2025-02-05,2025-02-21,2025-02-22,16,Public leak / dark web,31907,employment|name|phone|postal_address,,not_applicable,0,5370780,yes,medium,True,synthetic (Faker),
SYN-00148,Business email compromise at Wilson-Rees,Wilson-Rees,private,Legal/Professional,FR,Business email compromise,Phishing,Unattributed,Financially motivated,False,,2025-01-05,2025-02-24,2025-04-02,50,Security vendor / MDR,838,credit_card|email|name|phone|postal_address,,not_applicable,0,239123,yes,low,True,synthetic (Faker),
SYN-00560,Business email compromise at Mitchell and Sons,Mitchell and Sons,private,Retail,GB,Business email compromise,Phishing,Unattributed,Financially motivated,False,,2025-02-20,2025-02-24,2025-03-07,4,Third-party notification,,not_applicable,,not_applicable,1,411695,no,medium,True,synthetic (Faker),
SYN-00391,Destructive malware at Lake Meghanville Authority,Lake Meghanville Authority,public,Education,US,Destructive malware,Trojanised software update,Unattributed,Ransomware crew,True,262,2025-02-26,2025-02-28,2025-03-01,2,Routine audit,,not_applicable,149536,no,1,,unknown,medium,True,synthetic (Faker),
<<<<<<< HEAD
SYN-01107,"Phishing campaign at Johnson, Moore and Robinson","Johnson, Moore and Robinson",private,Logistics,GB,Phishing campaign,Phishing,NineSpindle,Ransomware crew,False,,2024-12-09,2025-02-28,2025-03-09,81,Internal detection,1427,credit_card|phone,,not_applicable,2,,yes,low,True,synthetic (Faker),
SYN-01429,"Business email compromise at Edwards, Carr and Newton","Edwards, Carr and Newton",private,Manufacturing,US,Business email compromise,MFA fatigue,Unattributed,Nation state,False,,2025-02-25,2025-03-01,2025-03-03,4,Internal detection,,not_applicable,,not_applicable,3,337317,unknown,medium,True,synthetic (Faker),
=======
>>>>>>> 8a74902011229c25354fcb7e063b9152ef665657
SYN-00072,Data breach at Kirby-Williams,Kirby-Williams,private,Logistics,CA,Data breach,Compromised credentials,Unattributed,Ransomware crew,False,,2025-02-02,2025-03-04,2025-03-19,30,Internal detection,775,credit_card|health|postal_address,,not_applicable,0,373637,no,medium,True,synthetic (Faker),
SYN-00917,Data breach at Adams-Butler,Adams-Butler,vendor,Cloud/SaaS,IE,Data breach,Credential stuffing,QuietFathom,Ransomware crew,True,1665,2025-01-16,2025-03-06,2025-03-19,49,Customer report,2944133,credentials|date_of_birth|email|phone|postal_address,,not_applicable,0,303956186,yes,high,True,synthetic (Faker),
SYN-00564,Unauthorised access at Kanefurt Authority,Kanefurt Authority,public,Local government,US,Unauthorised access,MFA fatigue,HollowLantern,Ransomware crew,False,,2025-03-05,2025-03-08,2025-03-09,3,Security vendor / MDR,972,bank_details|credentials|credit_card|email|health|phone|postal_address,,not_applicable,2,333983,yes,medium,True,synthetic (Faker),
SYN-00789,Ransomware at Reesmouth NHS Trust,Reesmouth NHS Trust,public,Education,GB,Ransomware,Third-party supplier access,NorthQuarry,Ransomware crew,True,11,2025-03-08,2025-03-10,2025-03-12,2,Law enforcement notification,264328,credit_card|email|health|internal_email|phone,10865072,yes,15,9891732,yes,high,True,synthetic (Faker),
<<<<<<< HEAD
SYN-01588,Business email compromise at Moreno Group,Moreno Group,private,Retail,US,Business email compromise,Compromised credentials,GlassMantis,Ransomware crew,False,,2025-02-11,2025-03-12,2025-03-20,29,Law enforcement notification,,not_applicable,,not_applicable,0,,unknown,low,True,synthetic (Faker),
SYN-01660,Supply chain compromise at Thompson-Santiago,Thompson-Santiago,private,Retail,US,Supply chain compromise,Third-party supplier access,HollowLantern,Ransomware crew,True,10,2024-03-07,2025-03-12,2025-03-14,370,Customer report,204890,bank_details|name|phone|safeguarding_notes,,not_applicable,1,30279463,yes,high,True,synthetic (Faker),
SYN-01846,Data breach at Rivers Aid,Rivers Aid,nonprofit,Charity/Nonprofit,GB,Data breach,Insecure API endpoint,Unattributed,Ransomware crew,False,,2025-02-25,2025-03-15,2025-03-17,18,Security vendor / MDR,172965,bank_details|donation_history|email|passport|phone|postal_address,,not_applicable,7,10389173,yes,high,True,synthetic (Faker),
SYN-00913,Data breach at Lake Aliceview Council,Lake Aliceview Council,public,Energy/Utilities,IE,Data breach,Misconfigured cloud storage,Unattributed,Insider,False,,2025-03-11,2025-03-16,2025-03-17,5,Internal detection,764,bank_details|email|internal_email|postal_address,,not_applicable,1,,yes,medium,True,synthetic (Faker),
SYN-01031,"Unauthorised access at Hart, Pena and Bryant","Hart, Pena and Bryant",private,Healthcare,US,Unauthorised access,Compromised credentials,Unattributed,Financially motivated,False,,2025-01-21,2025-03-16,2025-03-21,54,Third-party notification,49464,credentials|email|employment|health|name|phone,,not_applicable,3,7964901,yes,medium,True,synthetic (Faker),
SYN-00989,Ransomware at South Maria District Board,South Maria District Board,public,Education,GB,Ransomware,Phishing,GlassMantis,Ransomware crew,False,,2025-03-17,2025-03-18,2025-03-19,1,Security vendor / MDR,174878,email|name|phone,9183212,undisclosed,26,21026247,yes,medium,True,synthetic (Faker),
SYN-00475,Data breach at Harding-Taylor,Harding-Taylor,private,Financial services,IE,Data breach,Insecure API endpoint,Unattributed,Ransomware crew,False,,2025-02-24,2025-03-19,2025-03-28,23,Law enforcement notification,545615,credentials|date_of_birth|name|phone|safeguarding_notes|ssn_or_ni_number,416922,undisclosed,3,77645359,yes,medium,True,synthetic (Faker),
SYN-00979,Ransomware at Howardborough District Board,Howardborough District Board,public,Local government,US,Ransomware,Phishing,CobaltFinch,Ransomware crew,False,,2025-03-20,2025-03-21,2025-05-02,1,Law enforcement notification,42049,email|employment|internal_email|passport|phone|postal_address,77669,yes,4,2041735,yes,medium,True,synthetic (Faker),
SYN-01187,"Ransomware at Richards, Green and Herrera","Richards, Green and Herrera",vendor,Cloud/SaaS,NL,Ransomware,Compromised credentials,GlassMantis,Ransomware crew,False,,2025-03-13,2025-03-21,2025-03-23,8,Internal detection,964875,credentials|donation_history|employment|name|phone|postal_address,1368227,no,263,165567611,yes,high,True,synthetic (Faker),
SYN-01548,Data breach at South Bradley NHS Trust,South Bradley NHS Trust,public,Energy/Utilities,GB,Data breach,Credential stuffing,Unattributed,Hacktivist,False,,2025-03-19,2025-03-21,2025-03-25,2,Public leak / dark web,486,email|name|phone|postal_address,,not_applicable,0,228634,yes,low,True,synthetic (Faker),
SYN-00338,Unauthorised access at Harris-O'Neill,Harris-O'Neill,private,Healthcare,US,Unauthorised access,Compromised credentials,Unattributed,Nation state,False,,2025-01-11,2025-03-24,2025-04-06,72,Law enforcement notification,12339202,credentials|health|name|phone|postal_address,,not_applicable,1,,yes,high,True,synthetic (Faker),
SYN-00523,Ransomware at Santos-Avila,Santos-Avila,private,Logistics,AU,Ransomware,Exposed RDP/VPN,PaleHydra,Ransomware crew,False,,2025-03-23,2025-03-27,2025-04-07,4,Third-party notification,21811,health|name|phone,301189,no,14,,unknown,high,True,synthetic (Faker),
SYN-01461,Business email compromise at Morris-Evans,Morris-Evans,private,Financial services,GB,Business email compromise,Compromised credentials,Unattributed,Ransomware crew,False,,2025-01-20,2025-03-28,2025-04-03,67,Internal detection,,not_applicable,,not_applicable,0,197032,unknown,medium,True,synthetic (Faker),
SYN-01781,Data breach at Rivers Society,Rivers Society,nonprofit,Charity/Nonprofit,US,Data breach,Unpatched vulnerability,Unattributed,Financially motivated,False,,2024-09-30,2025-03-28,2025-04-02,179,Internal detection,46468,credit_card|donation_history|health|phone|postal_address,,not_applicable,0,1188334,yes,medium,True,synthetic (Faker),
SYN-00993,"Ransomware at Dudley, Howard and Ortiz","Dudley, Howard and Ortiz",private,Healthcare,GB,Ransomware,Compromised credentials,NineSpindle,Ransomware crew,False,,2025-03-30,2025-03-30,2025-04-19,0,Routine audit,208290,credit_card|health|name|phone|postal_address,135353,undisclosed,25,6635783,yes,high,True,synthetic (Faker),
SYN-01593,Data breach at Josephville NHS Trust,Josephville NHS Trust,public,Local government,US,Data breach,Insecure API endpoint,Unattributed,Hacktivist,False,,2025-03-18,2025-04-01,2025-04-09,14,Law enforcement notification,103318,email|name|passport|phone,,not_applicable,5,11304792,yes,medium,True,synthetic (Faker),
SYN-01116,Data breach at Wilson Ltd,Wilson Ltd,vendor,Software,AU,Data breach,Unpatched vulnerability,CobaltFinch,Ransomware crew,False,,2025-03-14,2025-04-03,2025-04-08,20,Internal detection,651033,employment|passport|safeguarding_notes,,not_applicable,2,,yes,medium,True,synthetic (Faker),
SYN-01341,Business email compromise at Lee Ltd,Lee Ltd,private,Legal/Professional,GB,Business email compromise,Phishing,Unattributed,Financially motivated,False,,2025-03-21,2025-04-03,2025-04-06,13,Third-party notification,,not_applicable,,not_applicable,9,982672,no,medium,True,synthetic (Faker),
SYN-01421,"Ransomware at Porter, Macdonald and Baker","Porter, Macdonald and Baker",private,Healthcare,CA,Ransomware,Compromised credentials,Unattributed,Ransomware crew,False,,2025-04-02,2025-04-03,2025-04-09,1,Internal detection,777894,credit_card|health|internal_email|name|phone|postal_address|ssn_or_ni_number,186204,yes,17,34559711,yes,high,True,synthetic (Faker),
SYN-01369,Supply chain compromise at Anderson Inc,Anderson Inc,private,Manufacturing,US,Supply chain compromise,Third-party supplier access,NorthQuarry,Nation state,True,37,2024-12-21,2025-04-12,2025-04-17,112,Internal detection,340490,date_of_birth|email|name|postal_address|safeguarding_notes,,not_applicable,0,58613281,yes,high,True,synthetic (Faker),
SYN-00067,Ransomware at Hannahberg Authority,Hannahberg Authority,public,Education,US,Ransomware,Unpatched vulnerability,PaleHydra,Ransomware crew,False,,2025-03-30,2025-04-15,2025-04-19,16,Public leak / dark web,2484450,bank_details|email|employment|name|passport|phone|postal_address,76972,no,14,79891787,yes,high,True,synthetic (Faker),
SYN-01783,Data breach at James PLC,James PLC,vendor,Cloud/SaaS,GB,Data breach,Credential stuffing,QuietFathom,Ransomware crew,True,259,2025-03-10,2025-04-17,2025-04-25,38,Security vendor / MDR,169503,credentials|safeguarding_notes,,not_applicable,0,17123472,yes,high,True,synthetic (Faker),
SYN-00464,Supply chain compromise at Gregory-Kaur,Gregory-Kaur,vendor,Software,US,Supply chain compromise,Malicious dependency,GlassMantis,Ransomware crew,True,119,2025-02-10,2025-04-20,2025-04-22,69,Internal detection,36592629,bank_details|phone|ssn_or_ni_number,,not_applicable,0,1691874824,yes,high,True,synthetic (Faker),
SYN-01397,Ransomware at Shelter Society,Shelter Society,nonprofit,Charity/Nonprofit,US,Ransomware,Phishing,DimStag,Ransomware crew,False,,2025-04-18,2025-04-20,2025-05-17,2,Security vendor / MDR,5633,donation_history|health|phone|ssn_or_ni_number,443908,yes,7,651126,yes,medium,True,synthetic (Faker),
REAL-0017,M&S / Co-op retail intrusions,Marks & Spencer,private,Retail,GB,Ransomware,Help-desk social engineering (via IT supplier),Scattered Spider + DragonForce,Ransomware crew,True,,2025-04-17,2025-04-22,2025-04-22,5,Internal detection,,name|email|postal_address|phone|date_of_birth|order_history,,no,46,400000000,yes,critical,False,M&S RNS statements; UK NCSC guidance (May 2025),Online ordering suspended ~7 weeks; ~£300M profit impact guided.
SYN-00899,Ransomware at Davison Ltd,Davison Ltd,private,Healthcare,IN,Ransomware,Compromised credentials,ObsidianKoi,Ransomware crew,False,,2025-04-20,2025-04-23,2025-04-25,3,Third-party notification,26407,bank_details|donation_history|health|name|passport|phone|ssn_or_ni_number,188374,no,67,4093181,yes,high,True,synthetic (Faker),
SYN-01055,"Business email compromise at Reed, Chambers and Zavala","Reed, Chambers and Zavala",vendor,Nonprofit technology,CA,Business email compromise,Phishing,CobaltFinch,Ransomware crew,False,,2024-11-25,2025-04-25,2025-05-01,151,Third-party notification,17990,bank_details|donation_history|employment|health|phone,,not_applicable,0,1204385,yes,medium,True,synthetic (Faker),
SYN-01528,"Business email compromise at Gutierrez, Oliver and Kelley","Gutierrez, Oliver and Kelley",vendor,Cloud/SaaS,GB,Business email compromise,Phishing,Unattributed,Financially motivated,False,,2025-04-13,2025-04-28,2025-05-06,15,Customer report,,not_applicable,,not_applicable,0,236914,no,medium,True,synthetic (Faker),
SYN-01514,Business email compromise at Cooper Inc,Cooper Inc,vendor,Software,FR,Business email compromise,Phishing,QuietFathom,Ransomware crew,True,77,2025-02-23,2025-04-29,2025-05-08,65,Security vendor / MDR,,not_applicable,,not_applicable,0,306757,no,medium,True,synthetic (Faker),
SYN-00918,Insider incident at Williams Group,Williams Group,vendor,Nonprofit technology,US,Insider incident,Negligent insider,Unattributed,Insider,True,175,2025-04-30,2025-05-05,2025-05-14,5,Internal detection,471163,bank_details|credit_card|donation_history|internal_email|name|safeguarding_notes|ssn_or_ni_number,127173,undisclosed,2,77155266,yes,high,True,synthetic (Faker),
SYN-00580,"Ransomware at Davies, Humphreys and Parker","Davies, Humphreys and Parker",vendor,Software,US,Ransomware,Compromised credentials,GlassMantis,Ransomware crew,True,6035,2025-05-07,2025-05-07,2025-05-11,0,Internal detection,303306,credentials|credit_card|employment|name|phone|ssn_or_ni_number,3882984,no,3,,no,high,True,synthetic (Faker),
SYN-00835,Supply chain compromise at White-Flores,White-Flores,private,Financial services,US,Supply chain compromise,Trojanised software update,Unattributed,Financially motivated,True,2,2024-12-05,2025-05-10,2025-05-22,156,Third-party notification,928671,credit_card|email|passport|phone|safeguarding_notes|ssn_or_ni_number,,not_applicable,1,55257889,yes,high,True,synthetic (Faker),
SYN-01213,Data breach at Mosleytown NHS Trust,Mosleytown NHS Trust,public,Education,US,Data breach,Insecure API endpoint,Unattributed,Unknown,False,,2025-03-05,2025-05-11,2025-05-21,67,Internal detection,11773,credentials|date_of_birth|donation_history|email|health|phone,,not_applicable,0,1335261,yes,medium,True,synthetic (Faker),
SYN-01127,Ransomware at Berry Inc,Berry Inc,vendor,Nonprofit technology,GB,Ransomware,Phishing,Unattributed,Ransomware crew,False,,2025-04-23,2025-05-12,2025-05-14,19,Security vendor / MDR,931183,donation_history|email|phone,3620877,no,4,58945934,yes,medium,True,synthetic (Faker),
SYN-00981,Unauthorised access at Hunter PLC,Hunter PLC,private,Manufacturing,GB,Unauthorised access,MFA fatigue,IronMagpie,Ransomware crew,False,,2025-03-10,2025-05-14,2025-05-20,65,Security vendor / MDR,749,bank_details|employment|name|phone|safeguarding_notes,,not_applicable,0,154116,yes,medium,True,synthetic (Faker),
SYN-01502,Insider incident at Lane LLC,Lane LLC,private,Healthcare,GB,Insider incident,Negligent insider,Unattributed,Insider,False,,2025-04-04,2025-05-14,2025-05-25,40,Customer report,184148,health|name|postal_address,,not_applicable,0,,yes,medium,True,synthetic (Faker),
SYN-00300,"Insider incident at Wilson, Brown and West","Wilson, Brown and West",private,Retail,GB,Insider incident,Malicious insider,Unattributed,Insider,False,,2025-05-16,2025-05-17,2025-05-21,1,Customer report,131981,bank_details|internal_email,,not_applicable,2,18058913,yes,medium,True,synthetic (Faker),
SYN-00632,Data breach at Beacon Hill Aid,Beacon Hill Aid,nonprofit,Charity/Nonprofit,GB,Data breach,Compromised credentials,Unattributed,Hacktivist,False,,2025-04-25,2025-05-17,2025-05-18,22,Public leak / dark web,59380,donation_history|email|name,,not_applicable,0,,yes,medium,True,synthetic (Faker),
SYN-01591,"Phishing campaign at Vega, Williams and Hardin","Vega, Williams and Hardin",private,Healthcare,US,Phishing campaign,Phishing,Unattributed,Unknown,False,,2025-05-09,2025-05-20,2025-05-23,11,Security vendor / MDR,383676,bank_details|email|health|name|passport,,not_applicable,0,12276245,yes,medium,True,synthetic (Faker),
SYN-00411,Data breach at Wong-Thomas,Wong-Thomas,private,Healthcare,US,Data breach,Unpatched vulnerability,Unattributed,Unknown,False,,2025-05-11,2025-05-21,2025-05-30,10,Third-party notification,1257395,date_of_birth|email|health|internal_email|postal_address|ssn_or_ni_number,,not_applicable,3,,yes,high,True,synthetic (Faker),
SYN-01039,Business email compromise at King and Sons,King and Sons,vendor,Nonprofit technology,GB,Business email compromise,Phishing,Unattributed,Financially motivated,True,124,2025-02-26,2025-05-22,2025-05-28,85,Security vendor / MDR,,not_applicable,,not_applicable,1,230380,no,medium,True,synthetic (Faker),
SYN-00579,Data breach at Literacy Appeal,Literacy Appeal,nonprofit,Charity/Nonprofit,GB,Data breach,Credential stuffing,Unattributed,Nation state,False,,2025-03-17,2025-05-23,2025-05-26,67,Internal detection,9145,credit_card|email|employment|phone|ssn_or_ni_number,,not_applicable,0,,yes,medium,True,synthetic (Faker),
SYN-01693,Ransomware at Clarke LLC,Clarke LLC,private,Healthcare,US,Ransomware,Compromised credentials,NorthQuarry,Ransomware crew,False,,2025-05-17,2025-05-23,2025-06-03,6,Internal detection,313447,credentials|date_of_birth|donation_history|health|passport|phone|postal_address|ssn_or_ni_number,8406586,no,7,33019274,yes,high,True,synthetic (Faker),
=======
SYN-00913,Data breach at Lake Aliceview Council,Lake Aliceview Council,public,Energy/Utilities,IE,Data breach,Misconfigured cloud storage,Unattributed,Insider,False,,2025-03-11,2025-03-16,2025-03-17,5,Internal detection,764,bank_details|email|internal_email|postal_address,,not_applicable,1,,yes,medium,True,synthetic (Faker),
SYN-00989,Ransomware at South Maria District Board,South Maria District Board,public,Education,GB,Ransomware,Phishing,GlassMantis,Ransomware crew,False,,2025-03-17,2025-03-18,2025-03-19,1,Security vendor / MDR,174878,email|name|phone,9183212,undisclosed,26,21026247,yes,medium,True,synthetic (Faker),
SYN-00475,Data breach at Harding-Taylor,Harding-Taylor,private,Financial services,IE,Data breach,Insecure API endpoint,Unattributed,Ransomware crew,False,,2025-02-24,2025-03-19,2025-03-28,23,Law enforcement notification,545615,credentials|date_of_birth|name|phone|safeguarding_notes|ssn_or_ni_number,416922,undisclosed,3,77645359,yes,medium,True,synthetic (Faker),
SYN-00979,Ransomware at Howardborough District Board,Howardborough District Board,public,Local government,US,Ransomware,Phishing,CobaltFinch,Ransomware crew,False,,2025-03-20,2025-03-21,2025-05-02,1,Law enforcement notification,42049,email|employment|internal_email|passport|phone|postal_address,77669,yes,4,2041735,yes,medium,True,synthetic (Faker),
SYN-00338,Unauthorised access at Harris-O'Neill,Harris-O'Neill,private,Healthcare,US,Unauthorised access,Compromised credentials,Unattributed,Nation state,False,,2025-01-11,2025-03-24,2025-04-06,72,Law enforcement notification,12339202,credentials|health|name|phone|postal_address,,not_applicable,1,,yes,high,True,synthetic (Faker),
SYN-00523,Ransomware at Santos-Avila,Santos-Avila,private,Logistics,AU,Ransomware,Exposed RDP/VPN,PaleHydra,Ransomware crew,False,,2025-03-23,2025-03-27,2025-04-07,4,Third-party notification,21811,health|name|phone,301189,no,14,,unknown,high,True,synthetic (Faker),
SYN-00993,"Ransomware at Dudley, Howard and Ortiz","Dudley, Howard and Ortiz",private,Healthcare,GB,Ransomware,Compromised credentials,NineSpindle,Ransomware crew,False,,2025-03-30,2025-03-30,2025-04-19,0,Routine audit,208290,credit_card|health|name|phone|postal_address,135353,undisclosed,25,6635783,yes,high,True,synthetic (Faker),
SYN-00067,Ransomware at Hannahberg Authority,Hannahberg Authority,public,Education,US,Ransomware,Unpatched vulnerability,PaleHydra,Ransomware crew,False,,2025-03-30,2025-04-15,2025-04-19,16,Public leak / dark web,2484450,bank_details|email|employment|name|passport|phone|postal_address,76972,no,14,79891787,yes,high,True,synthetic (Faker),
SYN-00464,Supply chain compromise at Gregory-Kaur,Gregory-Kaur,vendor,Software,US,Supply chain compromise,Malicious dependency,GlassMantis,Ransomware crew,True,119,2025-02-10,2025-04-20,2025-04-22,69,Internal detection,36592629,bank_details|phone|ssn_or_ni_number,,not_applicable,0,1691874824,yes,high,True,synthetic (Faker),
REAL-0017,M&S / Co-op retail intrusions,Marks & Spencer,private,Retail,GB,Ransomware,Help-desk social engineering (via IT supplier),Scattered Spider + DragonForce,Ransomware crew,True,,2025-04-17,2025-04-22,2025-04-22,5,Internal detection,,name|email|postal_address|phone|date_of_birth|order_history,,no,46,400000000,yes,critical,False,M&S RNS statements; UK NCSC guidance (May 2025),Online ordering suspended ~7 weeks; ~£300M profit impact guided.
SYN-00899,Ransomware at Davison Ltd,Davison Ltd,private,Healthcare,IN,Ransomware,Compromised credentials,ObsidianKoi,Ransomware crew,False,,2025-04-20,2025-04-23,2025-04-25,3,Third-party notification,26407,bank_details|donation_history|health|name|passport|phone|ssn_or_ni_number,188374,no,67,4093181,yes,high,True,synthetic (Faker),
SYN-00918,Insider incident at Williams Group,Williams Group,vendor,Nonprofit technology,US,Insider incident,Negligent insider,Unattributed,Insider,True,175,2025-04-30,2025-05-05,2025-05-14,5,Internal detection,471163,bank_details|credit_card|donation_history|internal_email|name|safeguarding_notes|ssn_or_ni_number,127173,undisclosed,2,77155266,yes,high,True,synthetic (Faker),
SYN-00580,"Ransomware at Davies, Humphreys and Parker","Davies, Humphreys and Parker",vendor,Software,US,Ransomware,Compromised credentials,GlassMantis,Ransomware crew,True,6035,2025-05-07,2025-05-07,2025-05-11,0,Internal detection,303306,credentials|credit_card|employment|name|phone|ssn_or_ni_number,3882984,no,3,,no,high,True,synthetic (Faker),
SYN-00835,Supply chain compromise at White-Flores,White-Flores,private,Financial services,US,Supply chain compromise,Trojanised software update,Unattributed,Financially motivated,True,2,2024-12-05,2025-05-10,2025-05-22,156,Third-party notification,928671,credit_card|email|passport|phone|safeguarding_notes|ssn_or_ni_number,,not_applicable,1,55257889,yes,high,True,synthetic (Faker),
SYN-00981,Unauthorised access at Hunter PLC,Hunter PLC,private,Manufacturing,GB,Unauthorised access,MFA fatigue,IronMagpie,Ransomware crew,False,,2025-03-10,2025-05-14,2025-05-20,65,Security vendor / MDR,749,bank_details|employment|name|phone|safeguarding_notes,,not_applicable,0,154116,yes,medium,True,synthetic (Faker),
SYN-00300,"Insider incident at Wilson, Brown and West","Wilson, Brown and West",private,Retail,GB,Insider incident,Malicious insider,Unattributed,Insider,False,,2025-05-16,2025-05-17,2025-05-21,1,Customer report,131981,bank_details|internal_email,,not_applicable,2,18058913,yes,medium,True,synthetic (Faker),
SYN-00632,Data breach at Beacon Hill Aid,Beacon Hill Aid,nonprofit,Charity/Nonprofit,GB,Data breach,Compromised credentials,Unattributed,Hacktivist,False,,2025-04-25,2025-05-17,2025-05-18,22,Public leak / dark web,59380,donation_history|email|name,,not_applicable,0,,yes,medium,True,synthetic (Faker),
SYN-00411,Data breach at Wong-Thomas,Wong-Thomas,private,Healthcare,US,Data breach,Unpatched vulnerability,Unattributed,Unknown,False,,2025-05-11,2025-05-21,2025-05-30,10,Third-party notification,1257395,date_of_birth|email|health|internal_email|postal_address|ssn_or_ni_number,,not_applicable,3,,yes,high,True,synthetic (Faker),
SYN-00579,Data breach at Literacy Appeal,Literacy Appeal,nonprofit,Charity/Nonprofit,GB,Data breach,Credential stuffing,Unattributed,Nation state,False,,2025-03-17,2025-05-23,2025-05-26,67,Internal detection,9145,credit_card|email|employment|phone|ssn_or_ni_number,,not_applicable,0,,yes,medium,True,synthetic (Faker),
>>>>>>> 8a74902011229c25354fcb7e063b9152ef665657
SYN-00247,Phishing campaign at Heritage Society,Heritage Society,nonprofit,Charity/Nonprofit,CA,Phishing campaign,Phishing,Unattributed,Financially motivated,False,,2025-02-17,2025-05-24,2025-05-27,96,Internal detection,8461,date_of_birth|donation_history|email|employment|health,,not_applicable,2,640432,yes,medium,True,synthetic (Faker),
SYN-00909,"Unauthorised access at Washington, Lynch and Johnson","Washington, Lynch and Johnson",private,Healthcare,US,Unauthorised access,Exposed RDP/VPN,HollowLantern,Ransomware crew,False,,2025-05-23,2025-05-24,2025-05-25,1,Third-party notification,20778,email|health|safeguarding_notes,,not_applicable,17,3516567,yes,high,True,synthetic (Faker),
SYN-00098,"Insider incident at Hunt, Phillips and Griffiths","Hunt, Phillips and Griffiths",private,Hospitality,US,Insider incident,Malicious insider,Unattributed,Insider,False,,2025-05-13,2025-05-25,2025-06-03,12,Law enforcement notification,515,credit_card|email|name|passport,,not_applicable,2,,yes,low,True,synthetic (Faker),
SYN-00911,Data breach at Thomas-Franklin,Thomas-Franklin,private,Healthcare,GB,Data breach,Misconfigured cloud storage,NorthQuarry,Ransomware crew,False,,2025-05-17,2025-05-25,2025-06-02,8,Third-party notification,2658,bank_details|email|health|phone|ssn_or_ni_number,,not_applicable,0,590769,yes,medium,True,synthetic (Faker),
<<<<<<< HEAD
SYN-01520,Phishing campaign at Myers-Lyons,Myers-Lyons,vendor,Software,DE,Phishing campaign,Phishing,Unattributed,Financially motivated,False,,2025-04-20,2025-05-26,2025-05-30,36,Security vendor / MDR,1981042,credentials|donation_history|name|postal_address,,not_applicable,0,,yes,medium,True,synthetic (Faker),
SYN-01095,Ransomware at Lewis-Wells,Lewis-Wells,private,Hospitality,US,Ransomware,Help-desk social engineering,RustVulture,Ransomware crew,False,,2025-05-21,2025-05-27,2025-05-31,6,Security vendor / MDR,38128,email|passport|postal_address,10587052,no,14,,yes,medium,True,synthetic (Faker),
SYN-00639,Phishing campaign at Harvest Society,Harvest Society,nonprofit,Charity/Nonprofit,US,Phishing campaign,Phishing,Unattributed,Unknown,False,,2025-03-24,2025-05-29,2025-06-02,66,Internal detection,420,credentials|donation_history|email|employment,,not_applicable,0,27320,yes,low,True,synthetic (Faker),
SYN-01849,Ransomware at Rivers Network,Rivers Network,nonprofit,Charity/Nonprofit,DE,Ransomware,Exposed RDP/VPN,VelvetSiphon,Ransomware crew,False,,2025-05-27,2025-05-30,2025-06-11,3,Third-party notification,4758,credentials|donation_history|health|phone|postal_address,579805,no,31,1566044,yes,high,True,synthetic (Faker),
SYN-01955,"Ransomware at Jones, Clark and Bowen","Jones, Clark and Bowen",vendor,Nonprofit technology,US,Ransomware,Compromised credentials,PaleHydra,Ransomware crew,False,,2025-05-30,2025-05-31,2025-06-04,1,Third-party notification,100818,donation_history|email|employment|internal_email|name|phone|postal_address|safeguarding_notes,44233,no,38,16528402,yes,high,True,synthetic (Faker),
SYN-01992,Ransomware at Heritage Support,Heritage Support,nonprofit,Charity/Nonprofit,GB,Ransomware,Exposed RDP/VPN,CobaltFinch,Ransomware crew,False,,2025-05-30,2025-06-01,2025-06-02,2,Routine audit,4206,donation_history|phone|postal_address,942317,no,40,1085351,yes,medium,True,synthetic (Faker),
SYN-01185,"Unauthorised access at Bishop, Reynolds and Patel","Bishop, Reynolds and Patel",vendor,Cloud/SaaS,US,Unauthorised access,Compromised credentials,QuietFathom,Ransomware crew,False,,2025-05-07,2025-06-04,2025-06-15,28,Third-party notification,25861,bank_details|name|phone|postal_address,,not_applicable,0,3020879,yes,medium,True,synthetic (Faker),
SYN-01791,Insider incident at Port Pamelachester District Board,Port Pamelachester District Board,public,Energy/Utilities,US,Insider incident,Negligent insider,Unattributed,Insider,False,,2025-04-28,2025-06-04,2025-06-11,37,Internal detection,58148,name|safeguarding_notes,250965,undisclosed,0,9311024,yes,medium,True,synthetic (Faker),
SYN-01138,Insider incident at Heritage Society,Heritage Society,nonprofit,Charity/Nonprofit,FR,Insider incident,Negligent insider,Unattributed,Insider,False,,2025-05-13,2025-06-08,2025-06-08,26,Routine audit,5474,credentials|credit_card|date_of_birth|donation_history|employment|postal_address,,not_applicable,0,206075,yes,low,True,synthetic (Faker),
SYN-00207,Data breach at Literacy Society,Literacy Society,nonprofit,Charity/Nonprofit,CA,Data breach,Compromised credentials,ObsidianKoi,Ransomware crew,False,,2025-06-03,2025-06-09,2025-06-17,6,Internal detection,45784,date_of_birth|employment|health|phone|postal_address,,not_applicable,0,1538672,yes,medium,True,synthetic (Faker),
SYN-01872,Data breach at Jenkinsland Authority,Jenkinsland Authority,public,Education,US,Data breach,Credential stuffing,DimStag,Ransomware crew,False,,2025-05-25,2025-06-11,2025-06-13,17,Customer report,2521,email|health|internal_email|name|postal_address,,not_applicable,0,534952,yes,medium,True,synthetic (Faker),
SYN-01756,Ransomware at Smith Ltd,Smith Ltd,private,Retail,IE,Ransomware,Compromised credentials,IronMagpie,Ransomware crew,False,,2025-06-06,2025-06-13,2025-06-14,7,Internal detection,75007,credit_card|phone|postal_address,560175,yes,20,13796142,yes,medium,True,synthetic (Faker),
SYN-01937,"Ransomware at Sanders, Lewis and Reyes","Sanders, Lewis and Reyes",private,Financial services,US,Ransomware,Phishing,GlassMantis,Ransomware crew,False,,2025-06-08,2025-06-13,2025-06-15,5,Security vendor / MDR,76379,email|health|name|phone|postal_address,691552,yes,2,11771879,yes,medium,True,synthetic (Faker),
=======
SYN-00639,Phishing campaign at Harvest Society,Harvest Society,nonprofit,Charity/Nonprofit,US,Phishing campaign,Phishing,Unattributed,Unknown,False,,2025-03-24,2025-05-29,2025-06-02,66,Internal detection,420,credentials|donation_history|email|employment,,not_applicable,0,27320,yes,low,True,synthetic (Faker),
SYN-00207,Data breach at Literacy Society,Literacy Society,nonprofit,Charity/Nonprofit,CA,Data breach,Compromised credentials,ObsidianKoi,Ransomware crew,False,,2025-06-03,2025-06-09,2025-06-17,6,Internal detection,45784,date_of_birth|employment|health|phone|postal_address,,not_applicable,0,1538672,yes,medium,True,synthetic (Faker),
>>>>>>> 8a74902011229c25354fcb7e063b9152ef665657
SYN-00078,"Ransomware at Davison, White and Harper","Davison, White and Harper",vendor,Cloud/SaaS,GB,Ransomware,Compromised credentials,HollowLantern,Ransomware crew,False,,2025-06-14,2025-06-15,2025-06-20,1,Security vendor / MDR,166517,bank_details|donation_history|email|internal_email|name|phone|postal_address,425418,yes,7,8346243,yes,high,True,synthetic (Faker),
SYN-00705,Unauthorised access at Cohen-Perry,Cohen-Perry,vendor,Nonprofit technology,NL,Unauthorised access,Insecure API endpoint,Unattributed,Financially motivated,True,270,2025-06-14,2025-06-16,2025-06-19,2,Internal detection,2329280,date_of_birth|email|name|postal_address,,not_applicable,6,,yes,high,True,synthetic (Faker),
SYN-00927,"Ransomware at Sanders, Leblanc and Maldonado","Sanders, Leblanc and Maldonado",private,Retail,GB,Ransomware,Phishing,Unattributed,Ransomware crew,False,,2025-06-06,2025-06-17,2025-06-22,11,Routine audit,4757251,bank_details|donation_history|employment|name|phone|postal_address|safeguarding_notes,111870,no,16,,yes,high,True,synthetic (Faker),
SYN-00975,Ransomware at Literacy Fund,Literacy Fund,nonprofit,Charity/Nonprofit,GB,Ransomware,Exposed RDP/VPN,Unattributed,Ransomware crew,False,,2025-06-11,2025-06-17,2025-06-20,6,Law enforcement notification,73797,bank_details|credit_card|name|safeguarding_notes|ssn_or_ni_number,190426,no,2,,yes,medium,True,synthetic (Faker),
SYN-00414,"Ransomware at Newman, Ross and Thomas","Newman, Ross and Thomas",private,Manufacturing,DE,Ransomware,Exposed RDP/VPN,TinCathedral,Ransomware crew,False,,2025-06-13,2025-06-18,2025-06-22,5,Third-party notification,15758,bank_details|credit_card|date_of_birth|internal_email|name|passport|phone,2972789,undisclosed,6,1471115,yes,high,True,synthetic (Faker),
<<<<<<< HEAD
SYN-01224,Ransomware at Davies Ltd,Davies Ltd,private,Healthcare,GB,Ransomware,Unpatched vulnerability,Unattributed,Ransomware crew,False,,2025-06-15,2025-06-19,2025-06-23,4,Third-party notification,79919,email|health|name|postal_address|safeguarding_notes|ssn_or_ni_number,107304,no,3,4520799,yes,medium,True,synthetic (Faker),
SYN-00054,"Business email compromise at Garcia, Pearson and Fernandez","Garcia, Pearson and Fernandez",vendor,Nonprofit technology,US,Business email compromise,Compromised credentials,Unattributed,Financially motivated,False,,2025-04-27,2025-06-20,2025-06-22,54,Third-party notification,,not_applicable,,not_applicable,0,,no,low,True,synthetic (Faker),
SYN-01161,"Data breach at Wilson, Barker and Atkinson","Wilson, Barker and Atkinson",private,Manufacturing,DE,Data breach,Third-party supplier access,GlassMantis,Nation state,True,169,2025-06-12,2025-06-20,2025-06-23,8,Public leak / dark web,852000,email|name|passport|phone|postal_address|safeguarding_notes|ssn_or_ni_number,,not_applicable,0,86779569,yes,high,True,synthetic (Faker),
SYN-00193,Business email compromise at Mcknight Inc,Mcknight Inc,private,Manufacturing,CA,Business email compromise,Phishing,ObsidianKoi,Ransomware crew,False,,2025-06-11,2025-06-21,2025-06-22,10,Routine audit,,not_applicable,,not_applicable,13,911452,unknown,medium,True,synthetic (Faker),
SYN-00004,"Data breach at Ryan, Brooks and Kaur","Ryan, Brooks and Kaur",vendor,Cloud/SaaS,GB,Data breach,Compromised credentials,Unattributed,Ransomware crew,False,,2025-03-16,2025-06-24,2025-06-30,100,Routine audit,173144,credentials|credit_card|email|health|name,,not_applicable,0,,yes,medium,True,synthetic (Faker),
SYN-00582,"Ransomware at Powers, Floyd and Flores","Powers, Floyd and Flores",vendor,Software,IE,Ransomware,Unpatched vulnerability,TinCathedral,Ransomware crew,True,28,2025-06-18,2025-06-24,2025-06-27,6,Third-party notification,217345,credentials|donation_history|email|name,12749981,no,1,9662716,unknown,medium,True,synthetic (Faker),
SYN-01041,Data breach at West-Bates,West-Bates,vendor,Cloud/SaaS,IN,Data breach,Insecure API endpoint,TinCathedral,Ransomware crew,True,111,2025-06-19,2025-06-24,2025-06-30,5,Internal detection,820456,donation_history|email|safeguarding_notes|ssn_or_ni_number,240792,no,7,50871743,yes,high,True,synthetic (Faker),
SYN-01855,Phishing campaign at Shaw-Hubbard,Shaw-Hubbard,vendor,Cloud/SaaS,US,Phishing campaign,Phishing,Unattributed,Unknown,False,,2025-06-22,2025-06-24,2025-08-17,2,Third-party notification,6406945,bank_details|credentials|credit_card,,not_applicable,0,183245743,yes,high,True,synthetic (Faker),
SYN-01249,Unauthorised access at Gibsonburgh District Board,Gibsonburgh District Board,public,Education,DE,Unauthorised access,Insecure API endpoint,Unattributed,Ransomware crew,False,,2025-06-15,2025-06-26,2025-07-08,11,Law enforcement notification,5792,credentials|postal_address,,not_applicable,0,669857,yes,low,True,synthetic (Faker),
SYN-01744,Ransomware at Chamberlainmouth Authority,Chamberlainmouth Authority,public,Local government,US,Ransomware,Exposed RDP/VPN,DimStag,Ransomware crew,False,,2025-06-26,2025-06-28,2025-06-29,2,Customer report,299,credit_card|email|health|name|phone|postal_address|ssn_or_ni_number,4551798,no,21,,yes,medium,True,synthetic (Faker),
=======
SYN-00054,"Business email compromise at Garcia, Pearson and Fernandez","Garcia, Pearson and Fernandez",vendor,Nonprofit technology,US,Business email compromise,Compromised credentials,Unattributed,Financially motivated,False,,2025-04-27,2025-06-20,2025-06-22,54,Third-party notification,,not_applicable,,not_applicable,0,,no,low,True,synthetic (Faker),
SYN-00193,Business email compromise at Mcknight Inc,Mcknight Inc,private,Manufacturing,CA,Business email compromise,Phishing,ObsidianKoi,Ransomware crew,False,,2025-06-11,2025-06-21,2025-06-22,10,Routine audit,,not_applicable,,not_applicable,13,911452,unknown,medium,True,synthetic (Faker),
SYN-00004,"Data breach at Ryan, Brooks and Kaur","Ryan, Brooks and Kaur",vendor,Cloud/SaaS,GB,Data breach,Compromised credentials,Unattributed,Ransomware crew,False,,2025-03-16,2025-06-24,2025-06-30,100,Routine audit,173144,credentials|credit_card|email|health|name,,not_applicable,0,,yes,medium,True,synthetic (Faker),
SYN-00582,"Ransomware at Powers, Floyd and Flores","Powers, Floyd and Flores",vendor,Software,IE,Ransomware,Unpatched vulnerability,TinCathedral,Ransomware crew,True,28,2025-06-18,2025-06-24,2025-06-27,6,Third-party notification,217345,credentials|donation_history|email|name,12749981,no,1,9662716,unknown,medium,True,synthetic (Faker),
>>>>>>> 8a74902011229c25354fcb7e063b9152ef665657
SYN-00321,"Business email compromise at Martinez, Gomez and Ortega","Martinez, Gomez and Ortega",vendor,Software,GB,Business email compromise,Phishing,GlassMantis,Ransomware crew,False,,2025-05-05,2025-07-01,2025-07-10,57,Internal detection,,not_applicable,,not_applicable,0,277904,no,medium,True,synthetic (Faker),
SYN-00905,"Ransomware at Johnson, Bishop and Burton","Johnson, Bishop and Burton",private,Healthcare,GB,Ransomware,Help-desk social engineering,NineSpindle,Ransomware crew,False,,2025-07-04,2025-07-06,2025-07-12,2,Internal detection,78417,health|phone|ssn_or_ni_number,178150,no,15,11237118,yes,high,True,synthetic (Faker),
SYN-00559,"Business email compromise at Turner, McDonald and Rees","Turner, McDonald and Rees",private,Healthcare,IN,Business email compromise,Phishing,RustVulture,Ransomware crew,False,,2025-06-29,2025-07-09,2025-07-13,10,Security vendor / MDR,,not_applicable,,not_applicable,0,,no,medium,True,synthetic (Faker),
SYN-00553,Unauthorised access at Nolan Group,Nolan Group,private,Hospitality,AU,Unauthorised access,Compromised credentials,Unattributed,Ransomware crew,False,,2025-04-22,2025-07-10,2025-07-12,79,Routine audit,439408,donation_history|email|employment|health|name|passport|postal_address,,not_applicable,0,,no,medium,True,synthetic (Faker),
SYN-00158,DDoS at David-Gonzalez,David-Gonzalez,vendor,Nonprofit technology,SG,DDoS,Application-layer flood,RustVulture,Ransomware crew,False,,2025-07-07,2025-07-11,2025-07-24,4,Routine audit,,not_applicable,,not_applicable,1,,no,medium,True,synthetic (Faker),
SYN-00011,"Phishing campaign at Martinez, Nielsen and Miller","Martinez, Nielsen and Miller",vendor,Cloud/SaaS,DE,Phishing campaign,Phishing,CobaltFinch,Ransomware crew,True,108,2025-04-12,2025-07-12,2025-07-19,91,Third-party notification,128227205,credit_card|name|passport,,not_applicable,5,18719015858,yes,high,True,synthetic (Faker),
<<<<<<< HEAD
SYN-01370,"Data breach at Mcgee, Kelley and Baker","Mcgee, Kelley and Baker",vendor,Cloud/SaaS,GB,Data breach,Misconfigured cloud storage,Unattributed,Insider,True,499,2025-05-26,2025-07-12,2025-07-15,47,Internal detection,209274,credentials|donation_history|email|name|phone|postal_address,870368,no,2,11493096,no,medium,True,synthetic (Faker),
SYN-01707,Ransomware at Mason-Gallegos,Mason-Gallegos,vendor,Software,GB,Ransomware,Unpatched vulnerability,NineSpindle,Ransomware crew,False,,2025-07-11,2025-07-12,2025-07-12,1,Third-party notification,28981,bank_details|donation_history|email|name|postal_address|ssn_or_ni_number,690041,yes,7,,yes,high,True,synthetic (Faker),
SYN-01624,Data breach at Heritage Alliance,Heritage Alliance,nonprofit,Charity/Nonprofit,NL,Data breach,Credential stuffing,Unattributed,Unknown,False,,2025-03-31,2025-07-13,2025-07-20,104,Internal detection,242,bank_details|email|health|name|postal_address|ssn_or_ni_number,,not_applicable,3,202757,yes,medium,True,synthetic (Faker),
SYN-01029,Supply chain compromise at South Amyton NHS Trust,South Amyton NHS Trust,public,Energy/Utilities,US,Supply chain compromise,Malicious dependency,Unattributed,Hacktivist,True,25,2025-06-29,2025-07-14,2025-07-16,15,Internal detection,56587,donation_history|email|health|name|passport|safeguarding_notes,,not_applicable,0,6463729,yes,high,True,synthetic (Faker),
SYN-01413,Business email compromise at Hospice Aid,Hospice Aid,nonprofit,Charity/Nonprofit,GB,Business email compromise,Compromised credentials,PaleHydra,Ransomware crew,False,,2025-06-25,2025-07-15,2025-07-17,20,Internal detection,,not_applicable,,not_applicable,0,,no,medium,True,synthetic (Faker),
SYN-01676,"Ransomware at Pearce, White and Griffiths","Pearce, White and Griffiths",private,Manufacturing,SG,Ransomware,Compromised credentials,Unattributed,Ransomware crew,False,,2025-07-14,2025-07-17,2025-07-18,3,Third-party notification,908,credentials|email|name|safeguarding_notes,54428,no,40,3094094,yes,high,True,synthetic (Faker),
SYN-00287,Ransomware at Sampson-Foley,Sampson-Foley,vendor,Software,GB,Ransomware,Compromised credentials,VelvetSiphon,Ransomware crew,False,,2025-07-17,2025-07-18,2025-08-15,1,Public leak / dark web,3826958,credit_card|email|passport|phone|postal_address|ssn_or_ni_number,1322670,no,8,,yes,high,True,synthetic (Faker),
SYN-01663,Insider incident at Garcia Inc,Garcia Inc,private,Healthcare,US,Insider incident,Negligent insider,Unattributed,Insider,False,,2025-06-25,2025-07-18,2025-07-20,23,Security vendor / MDR,55050,bank_details|health|internal_email|name|phone|postal_address|ssn_or_ni_number,,not_applicable,1,1776709,yes,medium,True,synthetic (Faker),
SYN-01673,Ransomware at Zamora and Sons,Zamora and Sons,vendor,Nonprofit technology,GB,Ransomware,Compromised credentials,Unattributed,Ransomware crew,False,,2025-07-19,2025-07-19,2025-07-25,0,Security vendor / MDR,344356,credentials|health|internal_email,1125581,yes,5,10276715,yes,medium,True,synthetic (Faker),
SYN-00959,"Ransomware at Evans, Brown and Dickerson","Evans, Brown and Dickerson",private,Hospitality,GB,Ransomware,Phishing,Unattributed,Ransomware crew,False,,2025-07-14,2025-07-20,2025-08-01,6,Third-party notification,91702,donation_history|internal_email|passport|postal_address,821250,undisclosed,11,9517221,yes,medium,True,synthetic (Faker),
SYN-01345,"Business email compromise at Alexander, Haynes and Steele","Alexander, Haynes and Steele",vendor,Nonprofit technology,GB,Business email compromise,Phishing,PaleHydra,Nation state,True,1618,2025-06-28,2025-07-20,2025-08-06,22,Customer report,222,credit_card|internal_email|name|phone,,not_applicable,0,123309,yes,medium,True,synthetic (Faker),
SYN-01364,Data breach at Mobility Fund,Mobility Fund,nonprofit,Charity/Nonprofit,US,Data breach,Credential stuffing,Unattributed,Unknown,False,,2025-07-14,2025-07-24,2025-08-17,10,Third-party notification,1203,email|phone|postal_address|safeguarding_notes,,not_applicable,0,97850,yes,medium,True,synthetic (Faker),
SYN-01749,Data breach at Parker-Griffin,Parker-Griffin,private,Healthcare,GB,Data breach,Insecure API endpoint,NineSpindle,Ransomware crew,False,,2025-07-09,2025-07-24,2025-08-11,15,Internal detection,2105777,bank_details|donation_history|health|internal_email|postal_address|ssn_or_ni_number,,not_applicable,0,129642725,yes,high,True,synthetic (Faker),
SYN-01845,Ransomware at Smith LLC,Smith LLC,private,Retail,US,Ransomware,Phishing,Unattributed,Ransomware crew,False,,2025-07-23,2025-07-24,2025-08-26,1,Internal detection,2761509,date_of_birth|name,7667965,no,52,188850091,yes,high,True,synthetic (Faker),
SYN-00328,Data breach at Sullivan Group,Sullivan Group,private,Hospitality,GB,Data breach,Misconfigured cloud storage,CobaltFinch,Ransomware crew,False,,2025-07-15,2025-07-28,2025-08-01,13,Third-party notification,3741,email|employment|name|passport,,not_applicable,2,863368,yes,low,True,synthetic (Faker),
SYN-01851,DDoS at Lantern Appeal,Lantern Appeal,nonprofit,Charity/Nonprofit,GB,DDoS,Volumetric flood,Unattributed,Financially motivated,False,,2025-07-27,2025-07-28,2025-08-02,1,Internal detection,,not_applicable,,not_applicable,1,98966,unknown,medium,True,synthetic (Faker),
SYN-00034,Ransomware at Chandler Inc,Chandler Inc,vendor,Cloud/SaaS,US,Ransomware,Compromised credentials,IronMagpie,Ransomware crew,False,,2025-07-29,2025-07-31,2025-08-11,2,Internal detection,875090,name|passport|phone,4966544,no,4,33645306,yes,medium,True,synthetic (Faker),
SYN-00102,Data breach at Winterside Council,Winterside Council,public,Education,NL,Data breach,Phishing,HollowLantern,Ransomware crew,False,,2025-05-29,2025-08-02,2025-08-04,65,Security vendor / MDR,202479,credit_card|date_of_birth|donation_history|name|passport|phone|postal_address,,not_applicable,5,8016631,yes,medium,True,synthetic (Faker),
SYN-00550,Supply chain compromise at Youth Appeal,Youth Appeal,nonprofit,Charity/Nonprofit,GB,Supply chain compromise,Compromised credentials,Unattributed,Insider,True,54,2025-05-30,2025-08-02,2025-08-03,64,Routine audit,48422,donation_history|email|health|name|phone|postal_address,592985,no,0,2727311,yes,high,True,synthetic (Faker),
SYN-01929,Ransomware at Meadow Care,Meadow Care,nonprofit,Charity/Nonprofit,US,Ransomware,Exposed RDP/VPN,RustVulture,Ransomware crew,False,,2025-08-03,2025-08-05,2025-08-11,2,Internal detection,11519,bank_details|credentials|donation_history|health|name|phone|postal_address,143686,no,22,1202979,yes,high,True,synthetic (Faker),
=======
SYN-00287,Ransomware at Sampson-Foley,Sampson-Foley,vendor,Software,GB,Ransomware,Compromised credentials,VelvetSiphon,Ransomware crew,False,,2025-07-17,2025-07-18,2025-08-15,1,Public leak / dark web,3826958,credit_card|email|passport|phone|postal_address|ssn_or_ni_number,1322670,no,8,,yes,high,True,synthetic (Faker),
SYN-00959,"Ransomware at Evans, Brown and Dickerson","Evans, Brown and Dickerson",private,Hospitality,GB,Ransomware,Phishing,Unattributed,Ransomware crew,False,,2025-07-14,2025-07-20,2025-08-01,6,Third-party notification,91702,donation_history|internal_email|passport|postal_address,821250,undisclosed,11,9517221,yes,medium,True,synthetic (Faker),
SYN-00328,Data breach at Sullivan Group,Sullivan Group,private,Hospitality,GB,Data breach,Misconfigured cloud storage,CobaltFinch,Ransomware crew,False,,2025-07-15,2025-07-28,2025-08-01,13,Third-party notification,3741,email|employment|name|passport,,not_applicable,2,863368,yes,low,True,synthetic (Faker),
SYN-00034,Ransomware at Chandler Inc,Chandler Inc,vendor,Cloud/SaaS,US,Ransomware,Compromised credentials,IronMagpie,Ransomware crew,False,,2025-07-29,2025-07-31,2025-08-11,2,Internal detection,875090,name|passport|phone,4966544,no,4,33645306,yes,medium,True,synthetic (Faker),
SYN-00102,Data breach at Winterside Council,Winterside Council,public,Education,NL,Data breach,Phishing,HollowLantern,Ransomware crew,False,,2025-05-29,2025-08-02,2025-08-04,65,Security vendor / MDR,202479,credit_card|date_of_birth|donation_history|name|passport|phone|postal_address,,not_applicable,5,8016631,yes,medium,True,synthetic (Faker),
SYN-00550,Supply chain compromise at Youth Appeal,Youth Appeal,nonprofit,Charity/Nonprofit,GB,Supply chain compromise,Compromised credentials,Unattributed,Insider,True,54,2025-05-30,2025-08-02,2025-08-03,64,Routine audit,48422,donation_history|email|health|name|phone|postal_address,592985,no,0,2727311,yes,high,True,synthetic (Faker),
>>>>>>> 8a74902011229c25354fcb7e063b9152ef665657
SYN-00474,Unauthorised access at Wrightville Authority,Wrightville Authority,public,Education,US,Unauthorised access,Compromised credentials,Unattributed,Unknown,False,,2025-07-29,2025-08-08,2025-08-30,10,Internal detection,3331,date_of_birth|health|passport|phone|postal_address|safeguarding_notes,,not_applicable,0,430072,yes,medium,True,synthetic (Faker),
SYN-00125,Data breach at Browne-Hall,Browne-Hall,private,Manufacturing,US,Data breach,Unpatched vulnerability,Unattributed,Financially motivated,False,,2025-07-26,2025-08-10,2025-08-12,15,Internal detection,1944,donation_history|health|name|phone|postal_address|ssn_or_ni_number,,not_applicable,1,694091,no,medium,True,synthetic (Faker),
SYN-00615,Supply chain compromise at Rodriguez Inc,Rodriguez Inc,vendor,Cloud/SaaS,US,Supply chain compromise,Trojanised software update,Unattributed,Financially motivated,True,121,2025-05-28,2025-08-10,2025-09-02,74,Internal detection,8952697,email|name,,not_applicable,0,1307230553,unknown,high,True,synthetic (Faker),
SYN-00592,Business email compromise at Lewis and Sons,Lewis and Sons,private,Legal/Professional,DE,Business email compromise,Phishing,TinCathedral,Ransomware crew,False,,2025-06-07,2025-08-14,2025-08-17,68,Internal detection,,not_applicable,,not_applicable,1,356675,no,low,True,synthetic (Faker),
SYN-00722,Ransomware at Taylor-Clarke,Taylor-Clarke,private,Logistics,SG,Ransomware,Unpatched vulnerability,Unattributed,Ransomware crew,False,,2025-08-11,2025-08-14,2025-08-21,3,Internal detection,5716,internal_email|phone|postal_address|safeguarding_notes,2935665,no,7,930011,no,medium,True,synthetic (Faker),
<<<<<<< HEAD
SYN-01100,Ransomware at Williamson LLC,Williamson LLC,private,Legal/Professional,US,Ransomware,Compromised credentials,NorthQuarry,Ransomware crew,False,,2025-08-04,2025-08-14,2025-08-15,10,Internal detection,12818,email|internal_email,1124266,no,17,,yes,medium,True,synthetic (Faker),
SYN-01436,Ransomware at Sharp Inc,Sharp Inc,private,Logistics,AU,Ransomware,Compromised credentials,IronMagpie,Ransomware crew,False,,2025-08-13,2025-08-14,2025-08-30,1,Internal detection,2158,phone|ssn_or_ni_number,315167,undisclosed,10,588636,yes,medium,True,synthetic (Faker),
SYN-00372,Data breach at Ponce-Hale,Ponce-Hale,vendor,Software,US,Data breach,Unpatched vulnerability,Unattributed,Financially motivated,True,539,2025-07-02,2025-08-17,2025-08-19,46,Customer report,1815026,donation_history|email|name,,not_applicable,0,297547352,yes,high,True,synthetic (Faker),
SYN-01523,Phishing campaign at Damienshire NHS Trust,Damienshire NHS Trust,public,Local government,SG,Phishing campaign,Phishing,PaleHydra,Nation state,False,,2025-08-13,2025-08-18,2025-09-05,5,Security vendor / MDR,2225,credit_card|email|internal_email|phone|postal_address|safeguarding_notes,,not_applicable,0,142383,yes,medium,True,synthetic (Faker),
SYN-02000,Phishing campaign at Martinez Inc,Martinez Inc,vendor,Nonprofit technology,GB,Phishing campaign,Phishing,NorthQuarry,Ransomware crew,True,12,2025-06-15,2025-08-19,2025-08-21,65,Third-party notification,305192,phone|postal_address|safeguarding_notes,,not_applicable,7,,yes,high,True,synthetic (Faker),
SYN-00691,Business email compromise at White Ltd,White Ltd,private,Retail,CA,Business email compromise,MFA fatigue,DimStag,Ransomware crew,False,,2025-07-19,2025-08-21,2025-08-23,33,Third-party notification,,not_applicable,,not_applicable,1,373767,no,low,True,synthetic (Faker),
SYN-01540,"Business email compromise at Shaw, Hodgson and James","Shaw, Hodgson and James",private,Financial services,IE,Business email compromise,Phishing,Unattributed,Ransomware crew,False,,2025-08-17,2025-08-22,2025-09-02,5,Law enforcement notification,,not_applicable,,not_applicable,0,45642,no,medium,True,synthetic (Faker),
SYN-00747,Unauthorised access at Hill Inc,Hill Inc,private,Healthcare,US,Unauthorised access,Compromised credentials,Unattributed,Unknown,False,,2025-07-19,2025-08-23,2025-08-25,35,Public leak / dark web,463168,credentials|date_of_birth|health|phone|postal_address,,not_applicable,1,79041596,yes,medium,True,synthetic (Faker),
SYN-01150,Business email compromise at Harrison-Gibson,Harrison-Gibson,private,Manufacturing,AU,Business email compromise,Compromised credentials,CobaltFinch,Ransomware crew,False,,2025-07-15,2025-08-23,2025-08-27,39,Routine audit,,not_applicable,,not_applicable,0,77320,unknown,medium,True,synthetic (Faker),
SYN-01433,Data breach at East Kellyfurt District Board,East Kellyfurt District Board,public,Local government,US,Data breach,Insecure API endpoint,Unattributed,Financially motivated,False,,2025-07-21,2025-08-23,2025-08-27,33,Third-party notification,23874,email|internal_email|name|passport|phone|postal_address|safeguarding_notes,,not_applicable,0,4051688,yes,medium,True,synthetic (Faker),
SYN-01267,Business email compromise at West Marianberg NHS Trust,West Marianberg NHS Trust,public,Energy/Utilities,DE,Business email compromise,Phishing,Unattributed,Unknown,False,,2025-06-02,2025-08-24,2025-08-27,83,Security vendor / MDR,18,donation_history|email|employment|name|postal_address|safeguarding_notes,,not_applicable,3,,yes,medium,True,synthetic (Faker),
SYN-01642,"Ransomware at Gregory, Nguyen and Daugherty","Gregory, Nguyen and Daugherty",private,Retail,NL,Ransomware,Unpatched vulnerability,Unattributed,Ransomware crew,False,,2025-08-15,2025-08-24,2025-09-03,9,Internal detection,1591698,bank_details|credit_card|name|postal_address|safeguarding_notes,1038354,yes,28,,yes,high,True,synthetic (Faker),
SYN-00478,"Business email compromise at Griffith, Lee and Moore","Griffith, Lee and Moore",private,Retail,GB,Business email compromise,MFA fatigue,Unattributed,Hacktivist,False,,2025-07-26,2025-08-26,2025-09-15,31,Law enforcement notification,,not_applicable,,not_applicable,0,68255,unknown,medium,True,synthetic (Faker),
SYN-00520,"DDoS at Barnes, Spencer and Sheppard","Barnes, Spencer and Sheppard",private,Manufacturing,GB,DDoS,Volumetric flood,VelvetSiphon,Ransomware crew,False,,2025-08-19,2025-08-28,2025-08-30,9,Public leak / dark web,124,credit_card|phone|postal_address,,not_applicable,3,341943,yes,low,True,synthetic (Faker),
SYN-01830,"Data breach at Green, Cooper and Heath","Green, Cooper and Heath",private,Financial services,US,Data breach,Compromised credentials,Unattributed,Financially motivated,False,,2025-06-28,2025-09-01,2025-09-05,65,Internal detection,424053,credentials|credit_card|donation_history|employment|postal_address|safeguarding_notes,,not_applicable,2,15023202,yes,medium,True,synthetic (Faker),
SYN-01981,Ransomware at South Kerry NHS Trust,South Kerry NHS Trust,public,Local government,US,Ransomware,Compromised credentials,TinCathedral,Ransomware crew,False,,2025-09-01,2025-09-03,2025-09-07,2,Public leak / dark web,1740,date_of_birth|donation_history|email|name|postal_address|safeguarding_notes|ssn_or_ni_number,59051,yes,19,1042846,yes,medium,True,synthetic (Faker),
SYN-00214,Data breach at Shea Group,Shea Group,vendor,Cloud/SaaS,US,Data breach,Misconfigured cloud storage,Unattributed,Unknown,True,227,2025-08-26,2025-09-05,2025-10-24,10,Internal detection,10291519,date_of_birth|email|name,,not_applicable,0,1140099140,unknown,high,True,synthetic (Faker),
SYN-00961,Business email compromise at Meadow Care,Meadow Care,nonprofit,Charity/Nonprofit,US,Business email compromise,Compromised credentials,Unattributed,Ransomware crew,False,,2025-08-28,2025-09-05,2025-09-11,8,Internal detection,,not_applicable,,not_applicable,0,57312,no,medium,True,synthetic (Faker),
SYN-01405,Business email compromise at Beacon Hill Network,Beacon Hill Network,nonprofit,Charity/Nonprofit,GB,Business email compromise,Phishing,CobaltFinch,Ransomware crew,False,,2025-08-15,2025-09-05,2025-09-11,21,Customer report,114,date_of_birth|email|name|passport|postal_address|ssn_or_ni_number,,not_applicable,3,147291,yes,medium,True,synthetic (Faker),
SYN-01538,Data breach at Benson Group,Benson Group,vendor,Cloud/SaaS,IN,Data breach,Compromised credentials,Unattributed,Unknown,False,,2025-08-27,2025-09-06,2025-09-24,10,Internal detection,72738,employment|health|name|phone,120119,no,2,8961918,no,medium,True,synthetic (Faker),
SYN-01630,Data breach at McCarthy-James,McCarthy-James,private,Healthcare,US,Data breach,Phishing,CobaltFinch,Ransomware crew,False,,2025-08-16,2025-09-07,2025-09-16,22,Law enforcement notification,95206,email|health|name|phone|ssn_or_ni_number,1791298,undisclosed,0,2032262,yes,medium,True,synthetic (Faker),
SYN-01106,Ransomware at Miller-Williams,Miller-Williams,private,Retail,US,Ransomware,Compromised credentials,HollowLantern,Ransomware crew,False,,2025-09-02,2025-09-12,2025-09-21,10,Public leak / dark web,2085068,health|name|postal_address,1633949,no,36,,yes,critical,True,synthetic (Faker),
SYN-00216,DDoS at Santiago-Hodge,Santiago-Hodge,private,Logistics,US,DDoS,Volumetric flood,TinCathedral,Ransomware crew,False,,2025-09-12,2025-09-13,2025-09-15,1,Security vendor / MDR,,not_applicable,,not_applicable,1,203026,unknown,medium,True,synthetic (Faker),
SYN-01965,Phishing campaign at Dyer-Francis,Dyer-Francis,private,Retail,DE,Phishing campaign,Phishing,Unattributed,Unknown,False,,2025-08-25,2025-09-13,2025-09-15,19,Internal detection,2102480,email|employment|health,,not_applicable,3,,yes,high,True,synthetic (Faker),
SYN-01952,Ransomware at Peters Ltd,Peters Ltd,private,Financial services,US,Ransomware,Compromised credentials,Unattributed,Ransomware crew,False,,2025-09-10,2025-09-14,2025-09-20,4,Internal detection,135540,bank_details|credentials|credit_card|email|employment|postal_address|safeguarding_notes,4882784,yes,2,3892041,yes,medium,True,synthetic (Faker),
SYN-01415,Insider incident at Stephens and Sons,Stephens and Sons,private,Manufacturing,AU,Insider incident,Malicious insider,Unattributed,Insider,False,,2025-09-01,2025-09-16,2025-09-16,15,Internal detection,9577,email|internal_email|postal_address,,not_applicable,0,1471644,yes,low,True,synthetic (Faker),
SYN-01250,Data breach at Bradley Group,Bradley Group,private,Healthcare,GB,Data breach,Compromised credentials,Unattributed,Ransomware crew,False,,2025-09-07,2025-09-17,2025-09-19,10,Internal detection,3661,email|health|postal_address|ssn_or_ni_number,,not_applicable,0,578171,yes,medium,True,synthetic (Faker),
SYN-00613,Unauthorised access at Hill LLC,Hill LLC,private,Healthcare,IE,Unauthorised access,Compromised credentials,Unattributed,Ransomware crew,False,,2025-09-06,2025-09-21,2025-09-24,15,Internal detection,17102,credit_card|email|health|phone|postal_address|ssn_or_ni_number,,not_applicable,0,,yes,medium,True,synthetic (Faker),
SYN-01153,Data breach at Bethshire Authority,Bethshire Authority,public,Local government,US,Data breach,Compromised credentials,IronMagpie,Nation state,False,,2025-09-11,2025-09-23,2025-09-27,12,Law enforcement notification,2955,email|employment|name|postal_address|safeguarding_notes,,not_applicable,0,498234,yes,medium,True,synthetic (Faker),
=======
SYN-00372,Data breach at Ponce-Hale,Ponce-Hale,vendor,Software,US,Data breach,Unpatched vulnerability,Unattributed,Financially motivated,True,539,2025-07-02,2025-08-17,2025-08-19,46,Customer report,1815026,donation_history|email|name,,not_applicable,0,297547352,yes,high,True,synthetic (Faker),
SYN-00691,Business email compromise at White Ltd,White Ltd,private,Retail,CA,Business email compromise,MFA fatigue,DimStag,Ransomware crew,False,,2025-07-19,2025-08-21,2025-08-23,33,Third-party notification,,not_applicable,,not_applicable,1,373767,no,low,True,synthetic (Faker),
SYN-00747,Unauthorised access at Hill Inc,Hill Inc,private,Healthcare,US,Unauthorised access,Compromised credentials,Unattributed,Unknown,False,,2025-07-19,2025-08-23,2025-08-25,35,Public leak / dark web,463168,credentials|date_of_birth|health|phone|postal_address,,not_applicable,1,79041596,yes,medium,True,synthetic (Faker),
SYN-00478,"Business email compromise at Griffith, Lee and Moore","Griffith, Lee and Moore",private,Retail,GB,Business email compromise,MFA fatigue,Unattributed,Hacktivist,False,,2025-07-26,2025-08-26,2025-09-15,31,Law enforcement notification,,not_applicable,,not_applicable,0,68255,unknown,medium,True,synthetic (Faker),
SYN-00520,"DDoS at Barnes, Spencer and Sheppard","Barnes, Spencer and Sheppard",private,Manufacturing,GB,DDoS,Volumetric flood,VelvetSiphon,Ransomware crew,False,,2025-08-19,2025-08-28,2025-08-30,9,Public leak / dark web,124,credit_card|phone|postal_address,,not_applicable,3,341943,yes,low,True,synthetic (Faker),
SYN-00214,Data breach at Shea Group,Shea Group,vendor,Cloud/SaaS,US,Data breach,Misconfigured cloud storage,Unattributed,Unknown,True,227,2025-08-26,2025-09-05,2025-10-24,10,Internal detection,10291519,date_of_birth|email|name,,not_applicable,0,1140099140,unknown,high,True,synthetic (Faker),
SYN-00961,Business email compromise at Meadow Care,Meadow Care,nonprofit,Charity/Nonprofit,US,Business email compromise,Compromised credentials,Unattributed,Ransomware crew,False,,2025-08-28,2025-09-05,2025-09-11,8,Internal detection,,not_applicable,,not_applicable,0,57312,no,medium,True,synthetic (Faker),
SYN-00216,DDoS at Santiago-Hodge,Santiago-Hodge,private,Logistics,US,DDoS,Volumetric flood,TinCathedral,Ransomware crew,False,,2025-09-12,2025-09-13,2025-09-15,1,Security vendor / MDR,,not_applicable,,not_applicable,1,203026,unknown,medium,True,synthetic (Faker),
SYN-00613,Unauthorised access at Hill LLC,Hill LLC,private,Healthcare,IE,Unauthorised access,Compromised credentials,Unattributed,Ransomware crew,False,,2025-09-06,2025-09-21,2025-09-24,15,Internal detection,17102,credit_card|email|health|phone|postal_address|ssn_or_ni_number,,not_applicable,0,,yes,medium,True,synthetic (Faker),
>>>>>>> 8a74902011229c25354fcb7e063b9152ef665657
SYN-00255,Destructive malware at Byrd-Moore,Byrd-Moore,private,Financial services,GB,Destructive malware,Unpatched vulnerability,Unattributed,Ransomware crew,False,,2025-09-23,2025-09-24,2025-09-24,1,Security vendor / MDR,,not_applicable,820368,no,19,1234886,unknown,medium,True,synthetic (Faker),
SYN-00567,"Unauthorised access at Anderson, Irwin and Davenport","Anderson, Irwin and Davenport",private,Healthcare,GB,Unauthorised access,Exposed RDP/VPN,Unattributed,Financially motivated,False,,2025-09-16,2025-09-24,2025-10-25,8,Third-party notification,374534,email|employment|health,,not_applicable,1,,yes,medium,True,synthetic (Faker),
SYN-00922,Data breach at O'Connor and Sons,O'Connor and Sons,private,Financial services,GB,Data breach,Third-party supplier access,Unattributed,Financially motivated,True,119,2025-09-18,2025-09-26,2025-10-15,8,Customer report,10848561,name|passport|phone|postal_address,,not_applicable,0,1481933437,yes,high,True,synthetic (Faker),
SYN-00683,"Ransomware at Jones, Jones and Williams","Jones, Jones and Williams",private,Healthcare,US,Ransomware,Unpatched vulnerability,CobaltFinch,Ransomware crew,False,,2025-09-22,2025-09-29,2025-10-04,7,Customer report,347874,credentials|date_of_birth|donation_history|health|name|postal_address|ssn_or_ni_number,188086,no,1,28516589,yes,medium,True,synthetic (Faker),
SYN-00973,"Phishing campaign at Burgess, Hunter and Wilson","Burgess, Hunter and Wilson",private,Retail,US,Phishing campaign,Phishing,Unattributed,Financially motivated,False,,2025-08-27,2025-09-29,2025-10-06,33,Security vendor / MDR,148170,date_of_birth|employment|name|postal_address,,not_applicable,0,20785364,yes,medium,True,synthetic (Faker),
<<<<<<< HEAD
SYN-01036,Ransomware at Cook Ltd,Cook Ltd,private,Logistics,GB,Ransomware,Unpatched vulnerability,QuietFathom,Ransomware crew,False,,2025-09-23,2025-09-30,2025-10-01,7,Third-party notification,967,internal_email|phone|ssn_or_ni_number,1063364,no,5,767781,no,medium,True,synthetic (Faker),
SYN-01459,Business email compromise at Martin LLC,Martin LLC,private,Manufacturing,GB,Business email compromise,MFA fatigue,Unattributed,Ransomware crew,False,,2025-09-06,2025-10-02,2025-10-06,26,Internal detection,44,email|employment|safeguarding_notes,,not_applicable,0,,no,medium,True,synthetic (Faker),
SYN-00266,"Phishing campaign at Glover, Johnson and Thomas","Glover, Johnson and Thomas",private,Manufacturing,GB,Phishing campaign,Phishing,Unattributed,Unknown,False,,2025-09-26,2025-10-03,2025-10-19,7,Third-party notification,1403,credentials|email|internal_email|name|phone|postal_address,,not_applicable,0,399750,yes,low,True,synthetic (Faker),
SYN-01777,Ransomware at Literacy Foundation,Literacy Foundation,nonprofit,Charity/Nonprofit,US,Ransomware,Exposed RDP/VPN,QuietFathom,Ransomware crew,False,,2025-09-30,2025-10-03,2025-10-17,3,Routine audit,9133,bank_details|email|name|phone|safeguarding_notes,639493,undisclosed,15,686056,yes,medium,True,synthetic (Faker),
SYN-00496,"Unauthorised access at Hart, Wells and Smith","Hart, Wells and Smith",vendor,Nonprofit technology,GB,Unauthorised access,Compromised credentials,SlateWarden,Ransomware crew,True,158,2025-09-18,2025-10-04,2025-10-15,16,Internal detection,7554165,date_of_birth|donation_history|email|health|name|phone|postal_address,,not_applicable,1,,yes,high,True,synthetic (Faker),
SYN-01967,Data breach at Morgan-Lynch,Morgan-Lynch,vendor,Software,US,Data breach,Compromised credentials,VelvetSiphon,Ransomware crew,False,,2025-08-18,2025-10-06,2025-10-27,49,Public leak / dark web,434683,email|name|phone|safeguarding_notes,,not_applicable,4,49469760,yes,medium,True,synthetic (Faker),
SYN-01188,"Data breach at Hill, Becker and Fischer","Hill, Becker and Fischer",vendor,Nonprofit technology,IE,Data breach,Credential stuffing,ObsidianKoi,Ransomware crew,False,,2025-09-15,2025-10-07,2025-10-11,22,Third-party notification,733323,email|name|phone,,not_applicable,0,101836545,yes,medium,True,synthetic (Faker),
SYN-00213,Ransomware at Reynoldsmouth Authority,Reynoldsmouth Authority,public,Energy/Utilities,FR,Ransomware,Compromised credentials,TinCathedral,Ransomware crew,False,,2025-10-02,2025-10-08,2025-10-10,6,Law enforcement notification,11976,email|ssn_or_ni_number,593364,no,5,871800,yes,medium,True,synthetic (Faker),
SYN-01256,"Ransomware at Frye, Oneill and Davidson","Frye, Oneill and Davidson",private,Retail,US,Ransomware,Compromised credentials,ObsidianKoi,Ransomware crew,False,,2025-09-29,2025-10-08,2025-10-22,9,Third-party notification,838210,credentials|donation_history|email|employment|name|phone|postal_address,10135720,no,27,80158732,yes,medium,True,synthetic (Faker),
SYN-01330,"Supply chain compromise at Bird, Bolton and Storey","Bird, Bolton and Storey",private,Financial services,GB,Supply chain compromise,Trojanised software update,PaleHydra,Nation state,True,1,2025-08-18,2025-10-09,2025-10-12,52,Internal detection,475094,name|postal_address,,not_applicable,0,22513009,yes,medium,True,synthetic (Faker),
SYN-01316,Unauthorised access at Wayfarer Foundation,Wayfarer Foundation,nonprofit,Charity/Nonprofit,IE,Unauthorised access,Compromised credentials,ObsidianKoi,Ransomware crew,False,,2025-08-15,2025-10-10,2025-10-11,56,Third-party notification,189,credentials|credit_card|donation_history|email|name|phone|postal_address|ssn_or_ni_number,,not_applicable,0,69022,yes,medium,True,synthetic (Faker),
SYN-01102,Data breach at Hamiltontown Authority,Hamiltontown Authority,public,Education,US,Data breach,Misconfigured cloud storage,Unattributed,Financially motivated,False,,2025-04-20,2025-10-15,2025-10-21,178,Law enforcement notification,2498,email|health|name|phone|postal_address|safeguarding_notes|ssn_or_ni_number,,not_applicable,0,281845,yes,medium,True,synthetic (Faker),
SYN-01322,Data breach at Youth Support,Youth Support,nonprofit,Charity/Nonprofit,GB,Data breach,Phishing,Unattributed,Financially motivated,False,,2025-10-01,2025-10-17,2025-10-18,16,Routine audit,321007,credentials|donation_history|email|safeguarding_notes,,not_applicable,0,7905680,yes,medium,True,synthetic (Faker),
SYN-00239,Ransomware at Arnold-Clarke,Arnold-Clarke,vendor,Cloud/SaaS,FR,Ransomware,Third-party supplier access,SlateWarden,Ransomware crew,True,604,2025-10-18,2025-10-19,2025-11-01,1,Internal detection,12473028,bank_details|credit_card|date_of_birth|email|health|postal_address,57040,undisclosed,20,1941645231,unknown,critical,True,synthetic (Faker),
SYN-00695,"Ransomware at Wilson, Bell and Ellis","Wilson, Bell and Ellis",private,Healthcare,GB,Ransomware,Exposed RDP/VPN,RustVulture,Ransomware crew,False,,2025-10-13,2025-10-21,2025-11-07,8,Law enforcement notification,52315,credentials|credit_card|email|health|name|postal_address,1179100,no,15,8178333,yes,high,True,synthetic (Faker),
SYN-01103,"Ransomware at Wilson, Smith and Cortez","Wilson, Smith and Cortez",vendor,Nonprofit technology,IN,Ransomware,Help-desk social engineering,Unattributed,Ransomware crew,False,,2025-10-17,2025-10-22,2025-10-27,5,Internal detection,153423,bank_details|date_of_birth|email|internal_email|name|passport|phone,418689,no,5,16278053,yes,medium,True,synthetic (Faker),
SYN-01124,Business email compromise at Whitestad Council,Whitestad Council,public,Education,FR,Business email compromise,Phishing,Unattributed,Financially motivated,False,,2025-10-15,2025-10-22,2025-10-22,7,Third-party notification,,not_applicable,,not_applicable,0,257114,no,medium,True,synthetic (Faker),
SYN-01841,Insider incident at Davis-Reed,Davis-Reed,private,Financial services,US,Insider incident,Negligent insider,Unattributed,Insider,False,,2025-09-17,2025-10-23,2025-10-29,36,Security vendor / MDR,403753,donation_history|email|passport|phone|postal_address|safeguarding_notes,,not_applicable,0,,yes,medium,True,synthetic (Faker),
SYN-00019,Unauthorised access at Mobility Network,Mobility Network,nonprofit,Charity/Nonprofit,US,Unauthorised access,Exposed RDP/VPN,Unattributed,Ransomware crew,False,,2025-09-25,2025-10-25,2025-11-01,30,Customer report,130054,employment|name,,not_applicable,4,8255144,yes,medium,True,synthetic (Faker),
SYN-00233,Data breach at Griffin Group,Griffin Group,private,Financial services,GB,Data breach,Misconfigured cloud storage,VelvetSiphon,Ransomware crew,False,,2025-10-16,2025-10-28,2025-11-11,12,Security vendor / MDR,91211,donation_history|email|internal_email|phone|postal_address|safeguarding_notes|ssn_or_ni_number,,not_applicable,18,11766503,yes,high,True,synthetic (Faker),
SYN-00122,Data breach at Marsh and Sons,Marsh and Sons,private,Healthcare,GB,Data breach,Insecure API endpoint,ObsidianKoi,Ransomware crew,False,,2025-09-10,2025-10-31,2025-11-05,51,Routine audit,11621,donation_history|email|health|internal_email|postal_address,,not_applicable,0,1155836,yes,medium,True,synthetic (Faker),
SYN-01827,Unauthorised access at Rivers Foundation,Rivers Foundation,nonprofit,Charity/Nonprofit,CA,Unauthorised access,Help-desk social engineering,Unattributed,Unknown,False,,2025-08-05,2025-10-31,2025-11-02,87,Law enforcement notification,9842,donation_history|health|name|phone,,not_applicable,5,504090,yes,medium,True,synthetic (Faker),
SYN-01482,Insider incident at O'Connor LLC,O'Connor LLC,private,Retail,GB,Insider incident,Negligent insider,Unattributed,Insider,False,,2025-10-21,2025-11-04,2025-11-10,14,Security vendor / MDR,9815,credentials|email|phone|postal_address|safeguarding_notes,,not_applicable,0,1835013,yes,medium,True,synthetic (Faker),
SYN-01181,Business email compromise at Literacy Aid,Literacy Aid,nonprofit,Charity/Nonprofit,US,Business email compromise,Phishing,SlateWarden,Ransomware crew,False,,2025-08-02,2025-11-06,2025-11-13,96,Internal detection,,not_applicable,,not_applicable,0,178917,no,medium,True,synthetic (Faker),
SYN-01553,Supply chain compromise at Mossberg Council,Mossberg Council,public,Education,AU,Supply chain compromise,Third-party supplier access,Unattributed,Financially motivated,True,13,2025-08-12,2025-11-08,2025-11-20,88,Third-party notification,181933,date_of_birth|email|name|ssn_or_ni_number,195881,undisclosed,0,13107067,yes,high,True,synthetic (Faker),
SYN-01644,Unauthorised access at Harvest Appeal,Harvest Appeal,nonprofit,Charity/Nonprofit,GB,Unauthorised access,MFA fatigue,HollowLantern,Ransomware crew,False,,2025-10-11,2025-11-08,2025-11-09,28,Third-party notification,7219,donation_history|email|postal_address|ssn_or_ni_number,,not_applicable,0,331305,yes,medium,True,synthetic (Faker),
SYN-01038,Ransomware at Davidson-Edwards,Davidson-Edwards,private,Financial services,GB,Ransomware,Phishing,Unattributed,Ransomware crew,False,,2025-11-10,2025-11-10,2025-11-27,0,Customer report,245349,date_of_birth|email|internal_email|name|phone|postal_address,69432,no,20,26815308,yes,medium,True,synthetic (Faker),
SYN-00515,Ransomware at Roberts LLC,Roberts LLC,private,Retail,NL,Ransomware,Compromised credentials,Unattributed,Ransomware crew,False,,2025-11-08,2025-11-12,2025-12-09,4,Internal detection,1117760,email|name,36336,no,44,118731228,yes,high,True,synthetic (Faker),
SYN-01915,"Ransomware at Williams, Hart and Harper","Williams, Hart and Harper",private,Financial services,GB,Ransomware,Exposed RDP/VPN,ObsidianKoi,Ransomware crew,False,,2025-11-11,2025-11-14,2025-11-15,3,Third-party notification,57092,credit_card|health|phone|ssn_or_ni_number,80555,no,26,8590754,yes,high,True,synthetic (Faker),
SYN-01142,"Data breach at Richardson, Peacock and Davidson","Richardson, Peacock and Davidson",private,Hospitality,AU,Data breach,Compromised credentials,Unattributed,Financially motivated,False,,2025-10-05,2025-11-16,2025-11-20,42,Security vendor / MDR,28281,bank_details|email|employment|internal_email|name|phone|postal_address,,not_applicable,5,5178394,yes,medium,True,synthetic (Faker),
SYN-00347,Unauthorised access at Marsh-Wallis,Marsh-Wallis,private,Financial services,GB,Unauthorised access,Insecure API endpoint,HollowLantern,Ransomware crew,False,,2025-10-13,2025-11-17,2025-11-29,35,Third-party notification,153399,credentials|email|name|phone|postal_address|safeguarding_notes|ssn_or_ni_number,,not_applicable,0,6116879,yes,medium,True,synthetic (Faker),
SYN-00751,Ransomware at Heritage Alliance,Heritage Alliance,nonprofit,Charity/Nonprofit,CA,Ransomware,Exposed RDP/VPN,CobaltFinch,Ransomware crew,False,,2025-11-16,2025-11-17,2025-12-01,1,Third-party notification,4998,donation_history|email|internal_email,91032,yes,13,805977,yes,medium,True,synthetic (Faker),
SYN-00679,Phishing campaign at Patel-Hall,Patel-Hall,private,Hospitality,AU,Phishing campaign,Phishing,Unattributed,Ransomware crew,False,,2025-07-09,2025-11-19,2025-11-26,133,Security vendor / MDR,133787,credentials|email|health|name,,not_applicable,3,9524590,yes,medium,True,synthetic (Faker),
SYN-01406,Supply chain compromise at Ericberg Council,Ericberg Council,public,Local government,AU,Supply chain compromise,Third-party supplier access,Unattributed,Insider,True,11,2025-08-26,2025-11-21,2025-11-23,87,Third-party notification,313898,credentials|phone|postal_address,,not_applicable,0,35705075,yes,medium,True,synthetic (Faker),
SYN-01976,"Data breach at Munoz, Howard and Davis","Munoz, Howard and Davis",private,Healthcare,GB,Data breach,Phishing,Unattributed,Financially motivated,False,,2025-09-16,2025-11-21,2025-11-30,66,Internal detection,92123,bank_details|employment|health|phone,,not_applicable,12,,yes,high,True,synthetic (Faker),
=======
SYN-00266,"Phishing campaign at Glover, Johnson and Thomas","Glover, Johnson and Thomas",private,Manufacturing,GB,Phishing campaign,Phishing,Unattributed,Unknown,False,,2025-09-26,2025-10-03,2025-10-19,7,Third-party notification,1403,credentials|email|internal_email|name|phone|postal_address,,not_applicable,0,399750,yes,low,True,synthetic (Faker),
SYN-00496,"Unauthorised access at Hart, Wells and Smith","Hart, Wells and Smith",vendor,Nonprofit technology,GB,Unauthorised access,Compromised credentials,SlateWarden,Ransomware crew,True,158,2025-09-18,2025-10-04,2025-10-15,16,Internal detection,7554165,date_of_birth|donation_history|email|health|name|phone|postal_address,,not_applicable,1,,yes,high,True,synthetic (Faker),
SYN-00213,Ransomware at Reynoldsmouth Authority,Reynoldsmouth Authority,public,Energy/Utilities,FR,Ransomware,Compromised credentials,TinCathedral,Ransomware crew,False,,2025-10-02,2025-10-08,2025-10-10,6,Law enforcement notification,11976,email|ssn_or_ni_number,593364,no,5,871800,yes,medium,True,synthetic (Faker),
SYN-00239,Ransomware at Arnold-Clarke,Arnold-Clarke,vendor,Cloud/SaaS,FR,Ransomware,Third-party supplier access,SlateWarden,Ransomware crew,True,604,2025-10-18,2025-10-19,2025-11-01,1,Internal detection,12473028,bank_details|credit_card|date_of_birth|email|health|postal_address,57040,undisclosed,20,1941645231,unknown,critical,True,synthetic (Faker),
SYN-00695,"Ransomware at Wilson, Bell and Ellis","Wilson, Bell and Ellis",private,Healthcare,GB,Ransomware,Exposed RDP/VPN,RustVulture,Ransomware crew,False,,2025-10-13,2025-10-21,2025-11-07,8,Law enforcement notification,52315,credentials|credit_card|email|health|name|postal_address,1179100,no,15,8178333,yes,high,True,synthetic (Faker),
SYN-00019,Unauthorised access at Mobility Network,Mobility Network,nonprofit,Charity/Nonprofit,US,Unauthorised access,Exposed RDP/VPN,Unattributed,Ransomware crew,False,,2025-09-25,2025-10-25,2025-11-01,30,Customer report,130054,employment|name,,not_applicable,4,8255144,yes,medium,True,synthetic (Faker),
SYN-00233,Data breach at Griffin Group,Griffin Group,private,Financial services,GB,Data breach,Misconfigured cloud storage,VelvetSiphon,Ransomware crew,False,,2025-10-16,2025-10-28,2025-11-11,12,Security vendor / MDR,91211,donation_history|email|internal_email|phone|postal_address|safeguarding_notes|ssn_or_ni_number,,not_applicable,18,11766503,yes,high,True,synthetic (Faker),
SYN-00122,Data breach at Marsh and Sons,Marsh and Sons,private,Healthcare,GB,Data breach,Insecure API endpoint,ObsidianKoi,Ransomware crew,False,,2025-09-10,2025-10-31,2025-11-05,51,Routine audit,11621,donation_history|email|health|internal_email|postal_address,,not_applicable,0,1155836,yes,medium,True,synthetic (Faker),
SYN-00515,Ransomware at Roberts LLC,Roberts LLC,private,Retail,NL,Ransomware,Compromised credentials,Unattributed,Ransomware crew,False,,2025-11-08,2025-11-12,2025-12-09,4,Internal detection,1117760,email|name,36336,no,44,118731228,yes,high,True,synthetic (Faker),
SYN-00347,Unauthorised access at Marsh-Wallis,Marsh-Wallis,private,Financial services,GB,Unauthorised access,Insecure API endpoint,HollowLantern,Ransomware crew,False,,2025-10-13,2025-11-17,2025-11-29,35,Third-party notification,153399,credentials|email|name|phone|postal_address|safeguarding_notes|ssn_or_ni_number,,not_applicable,0,6116879,yes,medium,True,synthetic (Faker),
SYN-00751,Ransomware at Heritage Alliance,Heritage Alliance,nonprofit,Charity/Nonprofit,CA,Ransomware,Exposed RDP/VPN,CobaltFinch,Ransomware crew,False,,2025-11-16,2025-11-17,2025-12-01,1,Third-party notification,4998,donation_history|email|internal_email,91032,yes,13,805977,yes,medium,True,synthetic (Faker),
SYN-00679,Phishing campaign at Patel-Hall,Patel-Hall,private,Hospitality,AU,Phishing campaign,Phishing,Unattributed,Ransomware crew,False,,2025-07-09,2025-11-19,2025-11-26,133,Security vendor / MDR,133787,credentials|email|health|name,,not_applicable,3,9524590,yes,medium,True,synthetic (Faker),
>>>>>>> 8a74902011229c25354fcb7e063b9152ef665657
SYN-00853,"Ransomware at Wells, James and Hunt","Wells, James and Hunt",vendor,Cloud/SaaS,CA,Ransomware,Compromised credentials,VelvetSiphon,Ransomware crew,True,116,2025-11-23,2025-11-25,2025-12-02,2,Third-party notification,4287825,date_of_birth|donation_history|email|health|name|postal_address|safeguarding_notes,1546731,no,5,,yes,high,True,synthetic (Faker),
SYN-00903,Ransomware at McCarthy Group,McCarthy Group,private,Retail,GB,Ransomware,Unpatched vulnerability,SlateWarden,Ransomware crew,False,,2025-11-16,2025-11-26,2025-11-28,10,Internal detection,3079574,bank_details|email|internal_email|name|passport|phone|postal_address,327304,no,1,,yes,high,True,synthetic (Faker),
SYN-00686,"Data breach at Roberts, Begum and Cox","Roberts, Begum and Cox",private,Retail,IN,Data breach,Credential stuffing,NineSpindle,Ransomware crew,False,,2025-05-11,2025-11-29,2025-11-29,202,Security vendor / MDR,831760,date_of_birth|email|internal_email|name|phone|postal_address,,not_applicable,0,135810369,yes,medium,True,synthetic (Faker),
SYN-00075,"Ransomware at Fisher, Sharpe and Butler","Fisher, Sharpe and Butler",private,Financial services,DE,Ransomware,Compromised credentials,DimStag,Ransomware crew,False,,2025-11-30,2025-12-01,2025-12-04,1,Internal detection,147572,date_of_birth|employment|phone|ssn_or_ni_number,84416,no,4,11017900,yes,medium,True,synthetic (Faker),
SYN-00151,Supply chain compromise at Mobility Fund,Mobility Fund,nonprofit,Charity/Nonprofit,US,Supply chain compromise,Third-party supplier access,Unattributed,Financially motivated,True,13,2025-09-23,2025-12-03,2025-12-06,71,Security vendor / MDR,12765,donation_history|email|employment|health|phone|postal_address,,not_applicable,1,1012303,yes,high,True,synthetic (Faker),
SYN-00140,Data breach at Lloyd-Williams,Lloyd-Williams,private,Healthcare,DE,Data breach,Compromised credentials,Unattributed,Financially motivated,False,,2025-11-16,2025-12-04,2025-12-08,18,Internal detection,102607,email|health|internal_email|name|phone|postal_address,,not_applicable,1,18692322,yes,medium,True,synthetic (Faker),
SYN-00713,Data breach at Gardiner-Higgins,Gardiner-Higgins,private,Healthcare,GB,Data breach,Compromised credentials,Unattributed,Financially motivated,False,,2025-11-10,2025-12-05,2025-12-07,25,Public leak / dark web,36592416,email|health|postal_address,,not_applicable,0,977176175,yes,high,True,synthetic (Faker),
<<<<<<< HEAD
SYN-01105,Unauthorised access at Greenwood-Atkins,Greenwood-Atkins,private,Manufacturing,GB,Unauthorised access,Compromised credentials,Unattributed,Insider,False,,2025-10-03,2025-12-05,2025-12-14,63,Law enforcement notification,1588,email|health|name,597018,undisclosed,0,380490,no,medium,True,synthetic (Faker),
SYN-00988,DDoS at Emilyville Authority,Emilyville Authority,public,Education,GB,DDoS,Volumetric flood,Unattributed,Financially motivated,False,,2025-11-30,2025-12-06,2025-12-09,6,Internal detection,,not_applicable,,not_applicable,1,306408,no,medium,True,synthetic (Faker),
SYN-00672,"Data breach at Johnson, Schmitt and Miles","Johnson, Schmitt and Miles",private,Healthcare,GB,Data breach,Compromised credentials,Unattributed,Hacktivist,False,,2025-12-03,2025-12-08,2025-12-24,5,Third-party notification,1773480,email|health|name|phone|postal_address|safeguarding_notes,,not_applicable,0,,yes,high,True,synthetic (Faker),
SYN-00889,Unauthorised access at Williams-Smith,Williams-Smith,private,Retail,IN,Unauthorised access,MFA fatigue,Unattributed,Insider,False,,2025-11-23,2025-12-09,2025-12-21,16,Internal detection,270314,credentials|date_of_birth|employment|name|phone|postal_address|safeguarding_notes,,not_applicable,0,,yes,medium,True,synthetic (Faker),
SYN-01928,Unauthorised access at North Kerrychester NHS Trust,North Kerrychester NHS Trust,public,Energy/Utilities,US,Unauthorised access,Compromised credentials,Unattributed,Unknown,False,,2025-10-24,2025-12-09,2025-12-30,46,Internal detection,7925,donation_history|employment|phone,,not_applicable,1,1259088,yes,low,True,synthetic (Faker),
SYN-00548,"Ransomware at Williams, Campbell and Ferguson","Williams, Campbell and Ferguson",private,Retail,US,Ransomware,Unpatched vulnerability,IronMagpie,Ransomware crew,False,,2025-12-08,2025-12-10,2025-12-22,2,Third-party notification,52817,credit_card|phone|postal_address,402617,no,11,3721808,yes,medium,True,synthetic (Faker),
SYN-01999,"DDoS at Nunez, Vaughn and Foster","Nunez, Vaughn and Foster",private,Healthcare,US,DDoS,Application-layer flood,Unattributed,Financially motivated,False,,2025-12-12,2025-12-12,2025-12-22,0,Security vendor / MDR,,not_applicable,,not_applicable,1,343640,unknown,medium,True,synthetic (Faker),
SYN-00243,"Data breach at Miller, Murphy and Craig","Miller, Murphy and Craig",private,Retail,SG,Data breach,Unpatched vulnerability,Unattributed,Insider,False,,2025-11-28,2025-12-13,2026-01-03,15,Internal detection,2902559,credentials|credit_card|date_of_birth|email|internal_email|name|phone,113782,no,0,262948133,yes,medium,True,synthetic (Faker),
SYN-00664,Unauthorised access at Patel-Warren,Patel-Warren,vendor,Cloud/SaaS,US,Unauthorised access,Compromised credentials,IronMagpie,Nation state,True,80,2025-11-10,2025-12-13,2026-01-02,33,Internal detection,325540,date_of_birth|email|passport|phone|safeguarding_notes,,not_applicable,0,,yes,high,True,synthetic (Faker),
SYN-01638,Data breach at Bryant and Sons,Bryant and Sons,private,Retail,US,Data breach,Credential stuffing,Unattributed,Financially motivated,False,,2025-11-20,2025-12-13,2025-12-30,23,Internal detection,1413139,email|name|phone|postal_address,,not_applicable,0,37284090,yes,medium,True,synthetic (Faker),
SYN-00112,Business email compromise at Ramos-Lowe,Ramos-Lowe,private,Healthcare,IN,Business email compromise,Phishing,QuietFathom,Nation state,False,,2025-12-05,2025-12-15,2025-12-18,10,Customer report,,not_applicable,,not_applicable,2,89720,no,medium,True,synthetic (Faker),
SYN-01451,Destructive malware at Harper LLC,Harper LLC,private,Hospitality,US,Destructive malware,Phishing,Unattributed,Ransomware crew,False,,2025-12-15,2025-12-15,2025-12-17,0,Third-party notification,,not_applicable,1138503,no,2,,unknown,low,True,synthetic (Faker),
SYN-01303,Ransomware at Vaughan-Williams,Vaughan-Williams,private,Hospitality,US,Ransomware,Unpatched vulnerability,NorthQuarry,Ransomware crew,False,,2025-12-15,2025-12-17,2026-02-15,2,Security vendor / MDR,142760,name|postal_address,4439742,undisclosed,16,4676638,yes,medium,True,synthetic (Faker),
=======
SYN-00988,DDoS at Emilyville Authority,Emilyville Authority,public,Education,GB,DDoS,Volumetric flood,Unattributed,Financially motivated,False,,2025-11-30,2025-12-06,2025-12-09,6,Internal detection,,not_applicable,,not_applicable,1,306408,no,medium,True,synthetic (Faker),
SYN-00672,"Data breach at Johnson, Schmitt and Miles","Johnson, Schmitt and Miles",private,Healthcare,GB,Data breach,Compromised credentials,Unattributed,Hacktivist,False,,2025-12-03,2025-12-08,2025-12-24,5,Third-party notification,1773480,email|health|name|phone|postal_address|safeguarding_notes,,not_applicable,0,,yes,high,True,synthetic (Faker),
SYN-00889,Unauthorised access at Williams-Smith,Williams-Smith,private,Retail,IN,Unauthorised access,MFA fatigue,Unattributed,Insider,False,,2025-11-23,2025-12-09,2025-12-21,16,Internal detection,270314,credentials|date_of_birth|employment|name|phone|postal_address|safeguarding_notes,,not_applicable,0,,yes,medium,True,synthetic (Faker),
SYN-00548,"Ransomware at Williams, Campbell and Ferguson","Williams, Campbell and Ferguson",private,Retail,US,Ransomware,Unpatched vulnerability,IronMagpie,Ransomware crew,False,,2025-12-08,2025-12-10,2025-12-22,2,Third-party notification,52817,credit_card|phone|postal_address,402617,no,11,3721808,yes,medium,True,synthetic (Faker),
SYN-00243,"Data breach at Miller, Murphy and Craig","Miller, Murphy and Craig",private,Retail,SG,Data breach,Unpatched vulnerability,Unattributed,Insider,False,,2025-11-28,2025-12-13,2026-01-03,15,Internal detection,2902559,credentials|credit_card|date_of_birth|email|internal_email|name|phone,113782,no,0,262948133,yes,medium,True,synthetic (Faker),
SYN-00664,Unauthorised access at Patel-Warren,Patel-Warren,vendor,Cloud/SaaS,US,Unauthorised access,Compromised credentials,IronMagpie,Nation state,True,80,2025-11-10,2025-12-13,2026-01-02,33,Internal detection,325540,date_of_birth|email|passport|phone|safeguarding_notes,,not_applicable,0,,yes,high,True,synthetic (Faker),
SYN-00112,Business email compromise at Ramos-Lowe,Ramos-Lowe,private,Healthcare,IN,Business email compromise,Phishing,QuietFathom,Nation state,False,,2025-12-05,2025-12-15,2025-12-18,10,Customer report,,not_applicable,,not_applicable,2,89720,no,medium,True,synthetic (Faker),
>>>>>>> 8a74902011229c25354fcb7e063b9152ef665657
SYN-00443,Data breach at Martinez Inc,Martinez Inc,private,Financial services,NL,Data breach,Insecure API endpoint,HollowLantern,Nation state,False,,2025-10-14,2025-12-18,2025-12-20,65,Internal detection,23350,email|employment|phone|postal_address|safeguarding_notes|ssn_or_ni_number,,not_applicable,0,1725134,yes,medium,True,synthetic (Faker),
SYN-00794,Phishing campaign at Bailey Group,Bailey Group,vendor,Cloud/SaaS,US,Phishing campaign,Phishing,TinCathedral,Ransomware crew,True,1205,2025-11-21,2025-12-18,2025-12-25,27,Internal detection,713611,donation_history|phone,,not_applicable,0,69699171,no,medium,True,synthetic (Faker),
SYN-00801,"Unauthorised access at Browne, Perry and Tucker","Browne, Perry and Tucker",private,Retail,GB,Unauthorised access,Compromised credentials,SlateWarden,Ransomware crew,False,,2025-10-07,2025-12-21,2026-01-08,75,Internal detection,58609,health|postal_address,,not_applicable,11,10480291,yes,high,True,synthetic (Faker),
SYN-00630,Ransomware at Evans PLC,Evans PLC,vendor,Cloud/SaaS,GB,Ransomware,Unpatched vulnerability,IronMagpie,Ransomware crew,True,137,2025-12-20,2025-12-22,2025-12-23,2,Third-party notification,854104,credentials|credit_card|health|postal_address,1802364,no,2,58046951,unknown,high,True,synthetic (Faker),
<<<<<<< HEAD
SYN-01091,"Data breach at Young, Palmer and Coles","Young, Palmer and Coles",vendor,Cloud/SaaS,GB,Data breach,Compromised credentials,Unattributed,Unknown,False,,2025-12-15,2025-12-22,2025-12-30,7,Customer report,3610937,credit_card|donation_history|health|name|postal_address|safeguarding_notes|ssn_or_ni_number,,not_applicable,15,313516576,yes,high,True,synthetic (Faker),
SYN-00798,Ransomware at Woodward-Kaufman,Woodward-Kaufman,private,Financial services,DE,Ransomware,Compromised credentials,Unattributed,Ransomware crew,False,,2025-12-23,2025-12-24,2025-12-28,1,Public leak / dark web,64195,bank_details|date_of_birth|email|employment|phone|postal_address,169368,no,4,7518300,yes,medium,True,synthetic (Faker),
SYN-00413,Data breach at Smith-Moss,Smith-Moss,vendor,Software,AU,Data breach,Third-party supplier access,Unattributed,Unknown,True,713,2025-12-09,2025-12-25,2025-12-29,16,Third-party notification,132394,date_of_birth|employment|health|name|phone,,not_applicable,0,,yes,high,True,synthetic (Faker),
SYN-01618,Business email compromise at Grahamland Council,Grahamland Council,public,Education,FR,Business email compromise,Compromised credentials,IronMagpie,Nation state,False,,2025-11-13,2025-12-25,2026-01-01,42,Third-party notification,73,bank_details|credentials|donation_history|email|name|phone|postal_address,,not_applicable,0,394422,yes,medium,True,synthetic (Faker),
SYN-00629,Ransomware at Fox Ltd,Fox Ltd,private,Financial services,AU,Ransomware,Compromised credentials,PaleHydra,Ransomware crew,False,,2025-12-25,2025-12-26,2026-01-03,1,Law enforcement notification,1800261,email|name|passport|safeguarding_notes|ssn_or_ni_number,1553424,yes,7,,yes,high,True,synthetic (Faker),
SYN-01009,Business email compromise at Rivers-Nelson,Rivers-Nelson,private,Logistics,GB,Business email compromise,Compromised credentials,NineSpindle,Ransomware crew,False,,2025-12-15,2025-12-26,2025-12-28,11,Law enforcement notification,7,credit_card|donation_history|email|name|postal_address,,not_applicable,2,94999,yes,low,True,synthetic (Faker),
SYN-01681,Ransomware at Vargas Group,Vargas Group,vendor,Nonprofit technology,US,Ransomware,Unpatched vulnerability,Unattributed,Ransomware crew,False,,2025-12-25,2025-12-26,2025-12-30,1,Law enforcement notification,27642,credit_card|donation_history|internal_email|name|passport|phone|postal_address,5285956,yes,14,2148678,yes,medium,True,synthetic (Faker),
SYN-01032,Supply chain compromise at Bryan-Velasquez,Bryan-Velasquez,private,Financial services,IE,Supply chain compromise,Third-party supplier access,TinCathedral,Ransomware crew,True,19,2025-10-14,2025-12-27,2026-01-04,74,Third-party notification,1100705,bank_details|credentials|name,,not_applicable,11,159253394,yes,critical,True,synthetic (Faker),
SYN-01042,Ransomware at Sherman Inc,Sherman Inc,private,Financial services,GB,Ransomware,Unpatched vulnerability,NorthQuarry,Ransomware crew,False,,2025-12-24,2025-12-27,2026-01-03,3,Public leak / dark web,112805,credentials|donation_history|passport|phone|postal_address,649099,no,4,9985289,yes,medium,True,synthetic (Faker),
SYN-01953,Data breach at Lopez Inc,Lopez Inc,private,Logistics,DE,Data breach,Insecure API endpoint,Unattributed,Financially motivated,False,,2025-09-20,2025-12-28,2026-01-03,99,Internal detection,45,date_of_birth|donation_history|email|name|passport|postal_address|safeguarding_notes,,not_applicable,1,455922,unknown,medium,True,synthetic (Faker),
SYN-01000,DDoS at Marshall-Garcia,Marshall-Garcia,private,Retail,DE,DDoS,Application-layer flood,Unattributed,Hacktivist,False,,2025-12-16,2025-12-29,2026-01-01,13,Law enforcement notification,,not_applicable,,not_applicable,1,399143,no,medium,True,synthetic (Faker),
SYN-00177,"Ransomware at Perkins, Kennedy and Schmidt","Perkins, Kennedy and Schmidt",private,Financial services,GB,Ransomware,Compromised credentials,Unattributed,Ransomware crew,False,,2026-01-01,2026-01-01,2026-01-11,0,Law enforcement notification,17036,bank_details|donation_history|email|name|passport|postal_address,1501867,no,4,2728481,yes,medium,True,synthetic (Faker),
SYN-01606,Data breach at Guerrero-Jones,Guerrero-Jones,private,Hospitality,GB,Data breach,Misconfigured cloud storage,Unattributed,Financially motivated,False,,2025-05-03,2026-01-02,2026-01-03,244,Customer report,105665,donation_history|name|phone|postal_address|ssn_or_ni_number,490148,no,0,4091187,yes,medium,True,synthetic (Faker),
SYN-01202,Ransomware at Kindling Care,Kindling Care,nonprofit,Charity/Nonprofit,GB,Ransomware,Unpatched vulnerability,QuietFathom,Ransomware crew,False,,2026-01-05,2026-01-08,2026-01-20,3,Customer report,7890,postal_address|ssn_or_ni_number,234395,yes,9,715623,yes,medium,True,synthetic (Faker),
SYN-01891,Business email compromise at Wilkerson-Young,Wilkerson-Young,vendor,Cloud/SaaS,IN,Business email compromise,Compromised credentials,CobaltFinch,Ransomware crew,True,1099,2026-01-06,2026-01-08,2026-01-10,2,Internal detection,,not_applicable,,not_applicable,1,380952,unknown,medium,True,synthetic (Faker),
SYN-00256,Data breach at Vanessaport District Board,Vanessaport District Board,public,Energy/Utilities,IE,Data breach,Insecure API endpoint,Unattributed,Unknown,False,,2025-12-13,2026-01-09,2026-01-12,27,Internal detection,1039,date_of_birth|internal_email|safeguarding_notes,,not_applicable,0,377200,yes,medium,True,synthetic (Faker),
SYN-01912,"Business email compromise at Henderson, Sellers and Garcia","Henderson, Sellers and Garcia",private,Healthcare,GB,Business email compromise,Compromised credentials,Unattributed,Ransomware crew,False,,2025-12-21,2026-01-09,2026-01-11,19,Internal detection,,not_applicable,,not_applicable,2,363636,no,medium,True,synthetic (Faker),
SYN-01982,Data breach at Jones-Hooper,Jones-Hooper,private,Legal/Professional,GB,Data breach,Insecure API endpoint,Unattributed,Financially motivated,False,,2025-11-27,2026-01-14,2026-01-17,48,Internal detection,40518,donation_history|email|health|passport|phone|postal_address|safeguarding_notes,,not_applicable,0,3572366,yes,medium,True,synthetic (Faker),
SYN-01831,Unauthorised access at Scott Inc,Scott Inc,vendor,Cloud/SaaS,DE,Unauthorised access,Compromised credentials,Unattributed,Unknown,False,,2025-12-31,2026-01-18,2026-03-01,18,Internal detection,5648094,credit_card|email|employment|name|passport|phone|postal_address,190953,undisclosed,0,,yes,medium,True,synthetic (Faker),
SYN-01458,Data breach at Knapp-Williams,Knapp-Williams,vendor,Software,US,Data breach,Third-party supplier access,Unattributed,Unknown,True,1333,2025-12-31,2026-01-20,2026-01-22,20,Customer report,1041767,date_of_birth|donation_history|email|employment|internal_email|name|phone,,not_applicable,2,149839043,unknown,high,True,synthetic (Faker),
SYN-01085,Ransomware at Ware Ltd,Ware Ltd,private,Financial services,IN,Ransomware,Compromised credentials,Unattributed,Ransomware crew,False,,2026-01-15,2026-01-21,2026-01-26,6,Security vendor / MDR,73927,email|name|passport,583931,no,2,,yes,medium,True,synthetic (Faker),
SYN-00793,Ransomware at Oconnor PLC,Oconnor PLC,private,Retail,NL,Ransomware,Unpatched vulnerability,NineSpindle,Ransomware crew,False,,2026-01-19,2026-01-22,2026-01-30,3,Routine audit,4499805,credentials|email|name|phone|safeguarding_notes|ssn_or_ni_number,2498252,no,7,,yes,high,True,synthetic (Faker),
SYN-01479,Ransomware at West Kevinside District Board,West Kevinside District Board,public,Education,GB,Ransomware,Exposed RDP/VPN,RustVulture,Ransomware crew,False,,2026-01-21,2026-01-22,2026-01-31,1,Internal detection,25090,credit_card|internal_email,768052,no,22,2839834,yes,medium,True,synthetic (Faker),
SYN-01880,Business email compromise at Shelter Alliance,Shelter Alliance,nonprofit,Charity/Nonprofit,FR,Business email compromise,Phishing,Unattributed,Nation state,False,,2025-12-06,2026-01-22,2026-04-04,47,Security vendor / MDR,,not_applicable,,not_applicable,0,76202,no,medium,True,synthetic (Faker),
SYN-01068,Unauthorised access at Reid and Sons,Reid and Sons,private,Financial services,US,Unauthorised access,Exposed RDP/VPN,VelvetSiphon,Ransomware crew,False,,2025-11-11,2026-01-25,2026-01-29,75,Internal detection,217834,bank_details|date_of_birth|employment|postal_address,,not_applicable,13,11112383,yes,high,True,synthetic (Faker),
SYN-00983,DDoS at Hawkins-Smith,Hawkins-Smith,private,Hospitality,AU,DDoS,Volumetric flood,Unattributed,Financially motivated,False,,2026-01-24,2026-01-26,2026-01-27,2,Third-party notification,222,credentials|internal_email|name|postal_address,,not_applicable,1,128016,yes,low,True,synthetic (Faker),
SYN-00942,Ransomware at Kennethville Authority,Kennethville Authority,public,Education,SG,Ransomware,Compromised credentials,SlateWarden,Ransomware crew,False,,2026-01-27,2026-01-28,2026-01-31,1,Third-party notification,866,employment|name|phone,382335,undisclosed,79,7136168,yes,medium,True,synthetic (Faker),
SYN-01990,Supply chain compromise at Watts Inc,Watts Inc,private,Manufacturing,US,Supply chain compromise,Third-party supplier access,AmberBastion,Nation state,True,2028,2025-03-24,2026-01-29,2026-02-04,311,Internal detection,6004,date_of_birth|donation_history|email|health|name|postal_address,,not_applicable,0,883282,yes,medium,True,synthetic (Faker),
SYN-00144,"Ransomware at Rowe, Taylor and Clayton","Rowe, Taylor and Clayton",private,Retail,GB,Ransomware,Help-desk social engineering,SlateWarden,Ransomware crew,False,,2026-01-28,2026-01-30,2026-02-09,2,Third-party notification,6007833,donation_history|email|name|phone|postal_address,5403578,no,52,131203153,yes,high,True,synthetic (Faker),
SYN-01875,Ransomware at Youth Foundation,Youth Foundation,nonprofit,Charity/Nonprofit,AU,Ransomware,Compromised credentials,AmberBastion,Ransomware crew,False,,2026-01-30,2026-01-30,2026-02-06,0,Security vendor / MDR,30297,date_of_birth|donation_history|email|passport|phone|postal_address|safeguarding_notes,5692259,yes,23,,yes,high,True,synthetic (Faker),
SYN-00224,"Ransomware at Steele, Walton and Fisher","Steele, Walton and Fisher",private,Healthcare,GB,Ransomware,Exposed RDP/VPN,CobaltFinch,Ransomware crew,False,,2026-01-26,2026-02-02,2026-02-06,7,Security vendor / MDR,6127,credit_card|health|name|phone|postal_address,1991146,undisclosed,27,575364,yes,medium,True,synthetic (Faker),
SYN-01069,Business email compromise at Pruitt Ltd,Pruitt Ltd,private,Financial services,IN,Business email compromise,Phishing,Unattributed,Unknown,False,,2026-01-26,2026-02-02,2026-02-06,7,Security vendor / MDR,,not_applicable,,not_applicable,0,75893,no,low,True,synthetic (Faker),
SYN-01884,Unauthorised access at Youth Appeal,Youth Appeal,nonprofit,Charity/Nonprofit,US,Unauthorised access,Compromised credentials,VelvetSiphon,Ransomware crew,False,,2026-01-04,2026-02-02,2026-02-13,29,Internal detection,797,credentials|email|name|phone|postal_address|ssn_or_ni_number,,not_applicable,0,150537,yes,medium,True,synthetic (Faker),
SYN-00364,Insider incident at Webbmouth NHS Trust,Webbmouth NHS Trust,public,Education,IE,Insider incident,Negligent insider,Unattributed,Insider,False,,2025-11-22,2026-02-04,2026-02-06,74,Security vendor / MDR,129432,bank_details|date_of_birth|name|phone,,not_applicable,0,8304250,yes,medium,True,synthetic (Faker),
SYN-00109,"Ransomware at Martinez, Fisher and Bentley","Martinez, Fisher and Bentley",private,Legal/Professional,DE,Ransomware,Exposed RDP/VPN,ObsidianKoi,Ransomware crew,False,,2026-01-28,2026-02-05,2026-02-06,8,Internal detection,2284,email|health|postal_address,9158258,yes,9,473613,yes,medium,True,synthetic (Faker),
SYN-01843,Ransomware at Miah PLC,Miah PLC,vendor,Cloud/SaaS,GB,Ransomware,Compromised credentials,Unattributed,Ransomware crew,True,899,2026-01-31,2026-02-05,2026-02-12,5,Internal detection,924632,bank_details|credentials|email|employment|phone|postal_address,3963342,undisclosed,29,143217431,unknown,high,True,synthetic (Faker),
SYN-01978,"Ransomware at Burke, Davis and Henderson","Burke, Davis and Henderson",private,Retail,GB,Ransomware,Unpatched vulnerability,QuietFathom,Ransomware crew,False,,2026-02-04,2026-02-06,2026-02-15,2,Public leak / dark web,567444,credentials|phone,1698369,no,27,30153256,yes,medium,True,synthetic (Faker),
SYN-00964,Data breach at Wayfarer Alliance,Wayfarer Alliance,nonprofit,Charity/Nonprofit,US,Data breach,Unpatched vulnerability,Unattributed,Financially motivated,False,,2026-02-05,2026-02-07,2026-02-07,2,Internal detection,8660,donation_history|email|name|phone,,not_applicable,3,823590,yes,low,True,synthetic (Faker),
SYN-01570,"Ransomware at Barnett, Scott and Law","Barnett, Scott and Law",private,Logistics,CA,Ransomware,Compromised credentials,Unattributed,Ransomware crew,False,,2026-02-04,2026-02-08,2026-02-19,4,Routine audit,4563,email|health|internal_email|postal_address,1715961,no,11,1816549,yes,medium,True,synthetic (Faker),
SYN-00643,"Data breach at Bowers, Moore and Price","Bowers, Moore and Price",private,Legal/Professional,GB,Data breach,Compromised credentials,RustVulture,Ransomware crew,False,,2026-02-09,2026-02-12,2026-02-18,3,Third-party notification,3938,credentials|email|employment|internal_email|name|phone|postal_address,,not_applicable,0,477517,yes,low,True,synthetic (Faker),
SYN-01650,Ransomware at Smith Group,Smith Group,private,Retail,IE,Ransomware,Third-party supplier access,IronMagpie,Ransomware crew,True,90,2026-02-12,2026-02-13,2026-02-20,1,Internal detection,167054,credentials|date_of_birth|donation_history|name|postal_address,276182,no,6,7475018,yes,high,True,synthetic (Faker),
SYN-00367,Ransomware at Samanthafurt NHS Trust,Samanthafurt NHS Trust,public,Local government,US,Ransomware,Phishing,DimStag,Ransomware crew,False,,2026-02-13,2026-02-15,2026-02-17,2,Third-party notification,88097,date_of_birth|email|employment|passport|phone|postal_address|ssn_or_ni_number,1545031,no,2,3293419,yes,medium,True,synthetic (Faker),
SYN-01572,Ransomware at Smith-Richards,Smith-Richards,vendor,Software,GB,Ransomware,Compromised credentials,CobaltFinch,Ransomware crew,True,2067,2026-02-07,2026-02-15,2026-03-04,8,Internal detection,9514,donation_history|health,886864,undisclosed,33,4215460,yes,high,True,synthetic (Faker),
SYN-01682,Data breach at Blair Ltd,Blair Ltd,private,Retail,GB,Data breach,Compromised credentials,VelvetSiphon,Ransomware crew,False,,2026-02-08,2026-02-15,2026-02-18,7,Public leak / dark web,9388,date_of_birth|donation_history|email|name|postal_address,262329,no,0,1307036,yes,low,True,synthetic (Faker),
SYN-00531,Destructive malware at Lamb LLC,Lamb LLC,private,Retail,GB,Destructive malware,Unpatched vulnerability,Unattributed,Financially motivated,False,,2026-02-15,2026-02-16,2026-02-17,1,Internal detection,,not_applicable,1314552,yes,3,544653,no,medium,True,synthetic (Faker),
SYN-00675,Ransomware at Holland Inc,Holland Inc,vendor,Cloud/SaaS,IE,Ransomware,Exposed RDP/VPN,AmberBastion,Ransomware crew,True,87,2026-02-14,2026-02-16,2026-02-18,2,Public leak / dark web,123894606,email|phone|postal_address|ssn_or_ni_number,6592784,no,10,10163784979,no,critical,True,synthetic (Faker),
SYN-00916,Data breach at Macdonald Ltd,Macdonald Ltd,vendor,Nonprofit technology,GB,Data breach,Credential stuffing,Unattributed,Unknown,True,560,2026-02-13,2026-02-16,2026-02-21,3,Third-party notification,647549,email|postal_address|safeguarding_notes,147053,undisclosed,0,,yes,high,True,synthetic (Faker),
SYN-01448,Unauthorised access at Rivers Care,Rivers Care,nonprofit,Charity/Nonprofit,GB,Unauthorised access,MFA fatigue,AmberBastion,Ransomware crew,False,,2025-12-14,2026-02-18,2026-02-27,66,Law enforcement notification,2880,donation_history|email|internal_email|phone|postal_address,,not_applicable,0,151147,yes,low,True,synthetic (Faker),
SYN-01050,Supply chain compromise at Beacon Hill Alliance,Beacon Hill Alliance,nonprofit,Charity/Nonprofit,US,Supply chain compromise,Compromised credentials,IronMagpie,Ransomware crew,True,3,2025-09-16,2026-02-19,2026-03-05,156,Internal detection,310,email|name|phone,,not_applicable,0,110925,yes,medium,True,synthetic (Faker),
SYN-01879,Data breach at Roberts LLC,Roberts LLC,private,Healthcare,GB,Data breach,Insecure API endpoint,CobaltFinch,Ransomware crew,False,,2026-01-07,2026-02-19,2026-03-12,43,Internal detection,42792,email|health|phone,,not_applicable,0,6195728,yes,medium,True,synthetic (Faker),
SYN-00153,"Unauthorised access at Wilson, Gould and Marshall","Wilson, Gould and Marshall",vendor,Software,CA,Unauthorised access,Insecure API endpoint,Unattributed,Hacktivist,False,,2026-02-02,2026-02-21,2026-02-22,19,Security vendor / MDR,20761,bank_details|email|phone,,not_applicable,3,2145394,yes,medium,True,synthetic (Faker),
SYN-01294,Unauthorised access at Rivers Network,Rivers Network,nonprofit,Charity/Nonprofit,SG,Unauthorised access,Compromised credentials,Unattributed,Financially motivated,False,,2026-02-20,2026-02-23,2026-02-27,3,Internal detection,7797,bank_details|donation_history|employment,,not_applicable,0,,yes,medium,True,synthetic (Faker),
SYN-00797,Ransomware at Harris and Sons,Harris and Sons,private,Manufacturing,GB,Ransomware,Exposed RDP/VPN,IronMagpie,Ransomware crew,False,,2026-02-22,2026-02-24,2026-03-10,2,Third-party notification,19481,credit_card|email|health|internal_email|name|phone|postal_address,30648299,no,10,2573882,no,high,True,synthetic (Faker),
SYN-01742,"Data breach at Hill, Porter and Perkins","Hill, Porter and Perkins",private,Hospitality,NL,Data breach,Insecure API endpoint,Unattributed,Ransomware crew,False,,2025-07-11,2026-02-27,2026-02-28,231,Internal detection,339712,credentials|credit_card|postal_address,,not_applicable,0,53943751,no,medium,True,synthetic (Faker),
SYN-00846,"Ransomware at Lloyd, Hill and Savage","Lloyd, Hill and Savage",vendor,Software,DE,Ransomware,Unpatched vulnerability,RustVulture,Ransomware crew,True,196,2026-02-26,2026-02-28,2026-03-05,2,Internal detection,29819,credentials|credit_card|email|health|internal_email|phone|postal_address,56327,undisclosed,5,3841977,no,high,True,synthetic (Faker),
SYN-00716,"Business email compromise at Fox, Dodd and Ellis","Fox, Dodd and Ellis",private,Retail,US,Business email compromise,MFA fatigue,Unattributed,Financially motivated,False,,2026-01-16,2026-03-02,2026-03-03,45,Internal detection,,not_applicable,,not_applicable,0,110259,no,low,True,synthetic (Faker),
SYN-00870,Business email compromise at Jones and Sons,Jones and Sons,private,Healthcare,SG,Business email compromise,Phishing,Unattributed,Hacktivist,False,,2026-01-22,2026-03-03,2026-03-05,40,Internal detection,10013,credentials|health|name|passport|phone|postal_address,383671,undisclosed,0,1570216,yes,medium,True,synthetic (Faker),
SYN-01206,Ransomware at Parry Ltd,Parry Ltd,private,Retail,GB,Ransomware,Compromised credentials,HollowLantern,Ransomware crew,False,,2026-03-01,2026-03-03,2026-03-06,2,Routine audit,973916,phone|ssn_or_ni_number,1087525,no,8,154817457,yes,high,True,synthetic (Faker),
SYN-01512,Ransomware at Refuge Foundation,Refuge Foundation,nonprofit,Charity/Nonprofit,FR,Ransomware,Phishing,Unattributed,Ransomware crew,False,,2026-03-03,2026-03-03,2026-03-05,0,Internal detection,24828,donation_history|email|health,23454,no,21,2873006,yes,high,True,synthetic (Faker),
SYN-01325,Data breach at Hill Group,Hill Group,private,Legal/Professional,GB,Data breach,Compromised credentials,GlassMantis,Ransomware crew,False,,2026-02-17,2026-03-06,2026-03-20,17,Public leak / dark web,80609,bank_details|employment|health|postal_address,,not_applicable,2,13196418,yes,medium,True,synthetic (Faker),
SYN-00052,Data breach at Henderson LLC,Henderson LLC,private,Manufacturing,AU,Data breach,Credential stuffing,QuietFathom,Ransomware crew,False,,2026-02-25,2026-03-07,2026-03-17,10,Third-party notification,2769,date_of_birth|donation_history|name|phone|postal_address,47936,undisclosed,0,448807,no,low,True,synthetic (Faker),
SYN-01959,Business email compromise at Banks LLC,Banks LLC,private,Logistics,CA,Business email compromise,Phishing,RustVulture,Ransomware crew,False,,2026-02-17,2026-03-07,2026-03-18,18,Internal detection,,not_applicable,,not_applicable,8,737192,unknown,medium,True,synthetic (Faker),
SYN-00260,Unauthorised access at Rodriguezfurt District Board,Rodriguezfurt District Board,public,Energy/Utilities,GB,Unauthorised access,Compromised credentials,Unattributed,Ransomware crew,False,,2026-01-28,2026-03-08,2026-05-19,39,Internal detection,15318,employment|health|internal_email|name|safeguarding_notes|ssn_or_ni_number,,not_applicable,0,2610400,yes,medium,True,synthetic (Faker),
SYN-00307,Supply chain compromise at Rivers Alliance,Rivers Alliance,nonprofit,Charity/Nonprofit,GB,Supply chain compromise,Third-party supplier access,Unattributed,Financially motivated,True,721,2026-01-06,2026-03-08,2026-03-09,61,Internal detection,79785,date_of_birth|email|health|postal_address,,not_applicable,0,887366,yes,high,True,synthetic (Faker),
SYN-00358,Data breach at Bethanymouth Council,Bethanymouth Council,public,Education,US,Data breach,Insecure API endpoint,Unattributed,Financially motivated,False,,2026-01-28,2026-03-10,2026-04-11,41,Internal detection,44484,bank_details|email|postal_address,,not_applicable,4,6394916,yes,medium,True,synthetic (Faker),
SYN-01395,Supply chain compromise at Heritage Appeal,Heritage Appeal,nonprofit,Charity/Nonprofit,SG,Supply chain compromise,Compromised credentials,Unattributed,Financially motivated,True,36,2026-02-14,2026-03-11,2026-04-01,25,Internal detection,29753,donation_history|email|name|phone|postal_address,,not_applicable,0,402400,yes,medium,True,synthetic (Faker),
SYN-01001,Ransomware at Davis LLC,Davis LLC,private,Logistics,DE,Ransomware,Third-party supplier access,HollowLantern,Ransomware crew,True,5,2026-03-09,2026-03-13,2026-03-19,4,Security vendor / MDR,24651,credentials|employment|postal_address|safeguarding_notes,4432803,undisclosed,51,,yes,critical,True,synthetic (Faker),
SYN-00584,Business email compromise at Atkinson LLC,Atkinson LLC,private,Retail,US,Business email compromise,Phishing,RustVulture,Ransomware crew,False,,2026-01-28,2026-03-15,2026-03-26,46,Law enforcement notification,,not_applicable,,not_applicable,0,236140,unknown,medium,True,synthetic (Faker),
SYN-01057,"Data breach at Castillo, Duncan and Contreras","Castillo, Duncan and Contreras",private,Retail,US,Data breach,Compromised credentials,TinCathedral,Ransomware crew,False,,2026-02-11,2026-03-16,2026-03-26,33,Public leak / dark web,335192,date_of_birth|internal_email|name|postal_address|safeguarding_notes|ssn_or_ni_number,,not_applicable,3,,yes,medium,True,synthetic (Faker),
SYN-01319,"Phishing campaign at Kramer, Sherman and Trujillo","Kramer, Sherman and Trujillo",private,Financial services,US,Phishing campaign,Phishing,NorthQuarry,Ransomware crew,False,,2026-03-01,2026-03-17,2026-03-18,16,Law enforcement notification,52773,credentials|email|name|passport|phone|postal_address,,not_applicable,0,3541397,yes,medium,True,synthetic (Faker),
SYN-01762,Data breach at Lake Elizabethport Council,Lake Elizabethport Council,public,Education,US,Data breach,Compromised credentials,Unattributed,Ransomware crew,False,,2026-03-16,2026-03-17,2026-04-11,1,Third-party notification,15398,credit_card|date_of_birth|name|phone|postal_address,,not_applicable,0,2660945,yes,medium,True,synthetic (Faker),
SYN-01351,Ransomware at Barber LLC,Barber LLC,vendor,Nonprofit technology,GB,Ransomware,Exposed RDP/VPN,Unattributed,Ransomware crew,True,802,2026-03-15,2026-03-18,2026-03-22,3,Security vendor / MDR,595097,credentials|email|name|postal_address,2536688,yes,41,86841733,yes,high,True,synthetic (Faker),
=======
SYN-00798,Ransomware at Woodward-Kaufman,Woodward-Kaufman,private,Financial services,DE,Ransomware,Compromised credentials,Unattributed,Ransomware crew,False,,2025-12-23,2025-12-24,2025-12-28,1,Public leak / dark web,64195,bank_details|date_of_birth|email|employment|phone|postal_address,169368,no,4,7518300,yes,medium,True,synthetic (Faker),
SYN-00413,Data breach at Smith-Moss,Smith-Moss,vendor,Software,AU,Data breach,Third-party supplier access,Unattributed,Unknown,True,713,2025-12-09,2025-12-25,2025-12-29,16,Third-party notification,132394,date_of_birth|employment|health|name|phone,,not_applicable,0,,yes,high,True,synthetic (Faker),
SYN-00629,Ransomware at Fox Ltd,Fox Ltd,private,Financial services,AU,Ransomware,Compromised credentials,PaleHydra,Ransomware crew,False,,2025-12-25,2025-12-26,2026-01-03,1,Law enforcement notification,1800261,email|name|passport|safeguarding_notes|ssn_or_ni_number,1553424,yes,7,,yes,high,True,synthetic (Faker),
SYN-01000,DDoS at Marshall-Garcia,Marshall-Garcia,private,Retail,DE,DDoS,Application-layer flood,Unattributed,Hacktivist,False,,2025-12-16,2025-12-29,2026-01-01,13,Law enforcement notification,,not_applicable,,not_applicable,1,399143,no,medium,True,synthetic (Faker),
SYN-00177,"Ransomware at Perkins, Kennedy and Schmidt","Perkins, Kennedy and Schmidt",private,Financial services,GB,Ransomware,Compromised credentials,Unattributed,Ransomware crew,False,,2026-01-01,2026-01-01,2026-01-11,0,Law enforcement notification,17036,bank_details|donation_history|email|name|passport|postal_address,1501867,no,4,2728481,yes,medium,True,synthetic (Faker),
SYN-00256,Data breach at Vanessaport District Board,Vanessaport District Board,public,Energy/Utilities,IE,Data breach,Insecure API endpoint,Unattributed,Unknown,False,,2025-12-13,2026-01-09,2026-01-12,27,Internal detection,1039,date_of_birth|internal_email|safeguarding_notes,,not_applicable,0,377200,yes,medium,True,synthetic (Faker),
SYN-00793,Ransomware at Oconnor PLC,Oconnor PLC,private,Retail,NL,Ransomware,Unpatched vulnerability,NineSpindle,Ransomware crew,False,,2026-01-19,2026-01-22,2026-01-30,3,Routine audit,4499805,credentials|email|name|phone|safeguarding_notes|ssn_or_ni_number,2498252,no,7,,yes,high,True,synthetic (Faker),
SYN-00983,DDoS at Hawkins-Smith,Hawkins-Smith,private,Hospitality,AU,DDoS,Volumetric flood,Unattributed,Financially motivated,False,,2026-01-24,2026-01-26,2026-01-27,2,Third-party notification,222,credentials|internal_email|name|postal_address,,not_applicable,1,128016,yes,low,True,synthetic (Faker),
SYN-00942,Ransomware at Kennethville Authority,Kennethville Authority,public,Education,SG,Ransomware,Compromised credentials,SlateWarden,Ransomware crew,False,,2026-01-27,2026-01-28,2026-01-31,1,Third-party notification,866,employment|name|phone,382335,undisclosed,79,7136168,yes,medium,True,synthetic (Faker),
SYN-00144,"Ransomware at Rowe, Taylor and Clayton","Rowe, Taylor and Clayton",private,Retail,GB,Ransomware,Help-desk social engineering,SlateWarden,Ransomware crew,False,,2026-01-28,2026-01-30,2026-02-09,2,Third-party notification,6007833,donation_history|email|name|phone|postal_address,5403578,no,52,131203153,yes,high,True,synthetic (Faker),
SYN-00224,"Ransomware at Steele, Walton and Fisher","Steele, Walton and Fisher",private,Healthcare,GB,Ransomware,Exposed RDP/VPN,CobaltFinch,Ransomware crew,False,,2026-01-26,2026-02-02,2026-02-06,7,Security vendor / MDR,6127,credit_card|health|name|phone|postal_address,1991146,undisclosed,27,575364,yes,medium,True,synthetic (Faker),
SYN-00364,Insider incident at Webbmouth NHS Trust,Webbmouth NHS Trust,public,Education,IE,Insider incident,Negligent insider,Unattributed,Insider,False,,2025-11-22,2026-02-04,2026-02-06,74,Security vendor / MDR,129432,bank_details|date_of_birth|name|phone,,not_applicable,0,8304250,yes,medium,True,synthetic (Faker),
SYN-00109,"Ransomware at Martinez, Fisher and Bentley","Martinez, Fisher and Bentley",private,Legal/Professional,DE,Ransomware,Exposed RDP/VPN,ObsidianKoi,Ransomware crew,False,,2026-01-28,2026-02-05,2026-02-06,8,Internal detection,2284,email|health|postal_address,9158258,yes,9,473613,yes,medium,True,synthetic (Faker),
SYN-00964,Data breach at Wayfarer Alliance,Wayfarer Alliance,nonprofit,Charity/Nonprofit,US,Data breach,Unpatched vulnerability,Unattributed,Financially motivated,False,,2026-02-05,2026-02-07,2026-02-07,2,Internal detection,8660,donation_history|email|name|phone,,not_applicable,3,823590,yes,low,True,synthetic (Faker),
SYN-00643,"Data breach at Bowers, Moore and Price","Bowers, Moore and Price",private,Legal/Professional,GB,Data breach,Compromised credentials,RustVulture,Ransomware crew,False,,2026-02-09,2026-02-12,2026-02-18,3,Third-party notification,3938,credentials|email|employment|internal_email|name|phone|postal_address,,not_applicable,0,477517,yes,low,True,synthetic (Faker),
SYN-00367,Ransomware at Samanthafurt NHS Trust,Samanthafurt NHS Trust,public,Local government,US,Ransomware,Phishing,DimStag,Ransomware crew,False,,2026-02-13,2026-02-15,2026-02-17,2,Third-party notification,88097,date_of_birth|email|employment|passport|phone|postal_address|ssn_or_ni_number,1545031,no,2,3293419,yes,medium,True,synthetic (Faker),
SYN-00531,Destructive malware at Lamb LLC,Lamb LLC,private,Retail,GB,Destructive malware,Unpatched vulnerability,Unattributed,Financially motivated,False,,2026-02-15,2026-02-16,2026-02-17,1,Internal detection,,not_applicable,1314552,yes,3,544653,no,medium,True,synthetic (Faker),
SYN-00675,Ransomware at Holland Inc,Holland Inc,vendor,Cloud/SaaS,IE,Ransomware,Exposed RDP/VPN,AmberBastion,Ransomware crew,True,87,2026-02-14,2026-02-16,2026-02-18,2,Public leak / dark web,123894606,email|phone|postal_address|ssn_or_ni_number,6592784,no,10,10163784979,no,critical,True,synthetic (Faker),
SYN-00916,Data breach at Macdonald Ltd,Macdonald Ltd,vendor,Nonprofit technology,GB,Data breach,Credential stuffing,Unattributed,Unknown,True,560,2026-02-13,2026-02-16,2026-02-21,3,Third-party notification,647549,email|postal_address|safeguarding_notes,147053,undisclosed,0,,yes,high,True,synthetic (Faker),
SYN-00153,"Unauthorised access at Wilson, Gould and Marshall","Wilson, Gould and Marshall",vendor,Software,CA,Unauthorised access,Insecure API endpoint,Unattributed,Hacktivist,False,,2026-02-02,2026-02-21,2026-02-22,19,Security vendor / MDR,20761,bank_details|email|phone,,not_applicable,3,2145394,yes,medium,True,synthetic (Faker),
SYN-00797,Ransomware at Harris and Sons,Harris and Sons,private,Manufacturing,GB,Ransomware,Exposed RDP/VPN,IronMagpie,Ransomware crew,False,,2026-02-22,2026-02-24,2026-03-10,2,Third-party notification,19481,credit_card|email|health|internal_email|name|phone|postal_address,30648299,no,10,2573882,no,high,True,synthetic (Faker),
SYN-00846,"Ransomware at Lloyd, Hill and Savage","Lloyd, Hill and Savage",vendor,Software,DE,Ransomware,Unpatched vulnerability,RustVulture,Ransomware crew,True,196,2026-02-26,2026-02-28,2026-03-05,2,Internal detection,29819,credentials|credit_card|email|health|internal_email|phone|postal_address,56327,undisclosed,5,3841977,no,high,True,synthetic (Faker),
SYN-00716,"Business email compromise at Fox, Dodd and Ellis","Fox, Dodd and Ellis",private,Retail,US,Business email compromise,MFA fatigue,Unattributed,Financially motivated,False,,2026-01-16,2026-03-02,2026-03-03,45,Internal detection,,not_applicable,,not_applicable,0,110259,no,low,True,synthetic (Faker),
SYN-00870,Business email compromise at Jones and Sons,Jones and Sons,private,Healthcare,SG,Business email compromise,Phishing,Unattributed,Hacktivist,False,,2026-01-22,2026-03-03,2026-03-05,40,Internal detection,10013,credentials|health|name|passport|phone|postal_address,383671,undisclosed,0,1570216,yes,medium,True,synthetic (Faker),
SYN-00052,Data breach at Henderson LLC,Henderson LLC,private,Manufacturing,AU,Data breach,Credential stuffing,QuietFathom,Ransomware crew,False,,2026-02-25,2026-03-07,2026-03-17,10,Third-party notification,2769,date_of_birth|donation_history|name|phone|postal_address,47936,undisclosed,0,448807,no,low,True,synthetic (Faker),
SYN-00260,Unauthorised access at Rodriguezfurt District Board,Rodriguezfurt District Board,public,Energy/Utilities,GB,Unauthorised access,Compromised credentials,Unattributed,Ransomware crew,False,,2026-01-28,2026-03-08,2026-05-19,39,Internal detection,15318,employment|health|internal_email|name|safeguarding_notes|ssn_or_ni_number,,not_applicable,0,2610400,yes,medium,True,synthetic (Faker),
SYN-00307,Supply chain compromise at Rivers Alliance,Rivers Alliance,nonprofit,Charity/Nonprofit,GB,Supply chain compromise,Third-party supplier access,Unattributed,Financially motivated,True,721,2026-01-06,2026-03-08,2026-03-09,61,Internal detection,79785,date_of_birth|email|health|postal_address,,not_applicable,0,887366,yes,high,True,synthetic (Faker),
SYN-00358,Data breach at Bethanymouth Council,Bethanymouth Council,public,Education,US,Data breach,Insecure API endpoint,Unattributed,Financially motivated,False,,2026-01-28,2026-03-10,2026-04-11,41,Internal detection,44484,bank_details|email|postal_address,,not_applicable,4,6394916,yes,medium,True,synthetic (Faker),
SYN-00584,Business email compromise at Atkinson LLC,Atkinson LLC,private,Retail,US,Business email compromise,Phishing,RustVulture,Ransomware crew,False,,2026-01-28,2026-03-15,2026-03-26,46,Law enforcement notification,,not_applicable,,not_applicable,0,236140,unknown,medium,True,synthetic (Faker),
>>>>>>> 8a74902011229c25354fcb7e063b9152ef665657
SYN-00608,Supply chain compromise at Ali Ltd,Ali Ltd,vendor,Cloud/SaaS,US,Supply chain compromise,Trojanised software update,Unattributed,Financially motivated,True,162,2026-01-24,2026-03-19,2026-03-30,54,Routine audit,7944063,date_of_birth|email|name|postal_address|ssn_or_ni_number,,not_applicable,0,171550226,yes,high,True,synthetic (Faker),
SYN-00966,"Ransomware at Brown, Hayes and Clark","Brown, Hayes and Clark",private,Retail,IE,Ransomware,Phishing,IronMagpie,Ransomware crew,False,,2026-03-13,2026-03-19,2026-03-27,6,Internal detection,892016,credentials|date_of_birth|name|phone|postal_address,622672,no,23,71948136,yes,medium,True,synthetic (Faker),
SYN-00522,Insider incident at South Hilary Authority,South Hilary Authority,public,Education,IN,Insider incident,Malicious insider,Unattributed,Insider,False,,2026-01-31,2026-03-22,2026-03-31,50,Internal detection,25167,donation_history|health|internal_email|phone|postal_address|safeguarding_notes,,not_applicable,0,3035111,yes,medium,True,synthetic (Faker),
SYN-00788,Data breach at Port Georgia Council,Port Georgia Council,public,Education,GB,Data breach,Unpatched vulnerability,Unattributed,Unknown,False,,2026-02-18,2026-03-22,2026-03-22,32,Internal detection,2877,date_of_birth|health|safeguarding_notes,,not_applicable,20,,yes,medium,True,synthetic (Faker),
SYN-00857,"Unauthorised access at Metcalfe, Campbell and Allen","Metcalfe, Campbell and Allen",private,Manufacturing,US,Unauthorised access,Exposed RDP/VPN,Unattributed,Unknown,False,,2026-02-14,2026-03-27,2026-03-30,41,Law enforcement notification,62849,credentials|credit_card|health|postal_address|safeguarding_notes,,not_applicable,0,10013396,unknown,medium,True,synthetic (Faker),
SYN-00872,DDoS at Refuge Aid,Refuge Aid,nonprofit,Charity/Nonprofit,IN,DDoS,Volumetric flood,CobaltFinch,Ransomware crew,False,,2026-03-26,2026-03-28,2026-04-03,2,Internal detection,,not_applicable,,not_applicable,1,,no,medium,True,synthetic (Faker),
<<<<<<< HEAD
SYN-01377,Business email compromise at Thompson-Stone,Thompson-Stone,vendor,Software,GB,Business email compromise,Phishing,CobaltFinch,Ransomware crew,False,,2026-03-01,2026-03-28,2026-04-02,27,Internal detection,,not_applicable,34760,no,1,254839,unknown,medium,True,synthetic (Faker),
SYN-00302,"Insider incident at Wheeler, Hayes and Walker","Wheeler, Hayes and Walker",private,Legal/Professional,GB,Insider incident,Negligent insider,Unattributed,Insider,False,,2026-03-02,2026-03-29,2026-03-31,27,Internal detection,613,bank_details|donation_history|name|passport|postal_address|safeguarding_notes|ssn_or_ni_number,,not_applicable,0,267993,yes,medium,True,synthetic (Faker),
SYN-00104,Unauthorised access at Sharonland Authority,Sharonland Authority,public,Education,FR,Unauthorised access,Insecure API endpoint,DimStag,Ransomware crew,False,,2026-03-29,2026-04-04,2026-04-21,6,Internal detection,14073,email|employment|health|passport|postal_address,,not_applicable,0,,yes,medium,True,synthetic (Faker),
SYN-01387,Business email compromise at Refuge Alliance,Refuge Alliance,nonprofit,Charity/Nonprofit,GB,Business email compromise,Phishing,Unattributed,Financially motivated,False,,2026-04-01,2026-04-04,2026-04-07,3,Customer report,,not_applicable,,not_applicable,0,119019,unknown,medium,True,synthetic (Faker),
SYN-01721,Ransomware at Hospice Network,Hospice Network,nonprofit,Charity/Nonprofit,GB,Ransomware,Compromised credentials,CobaltFinch,Ransomware crew,False,,2026-04-03,2026-04-05,2026-04-07,2,Internal detection,196860,credentials|donation_history|email|name|passport|phone,2029274,no,4,,yes,medium,True,synthetic (Faker),
SYN-00814,Business email compromise at Watson Group,Watson Group,private,Legal/Professional,US,Business email compromise,MFA fatigue,Unattributed,Hacktivist,False,,2026-01-30,2026-04-07,2026-04-08,67,Internal detection,387,date_of_birth|email|employment|phone|postal_address,,not_applicable,0,80875,yes,low,True,synthetic (Faker),
SYN-00836,Insider incident at Port Leonardton Authority,Port Leonardton Authority,public,Education,NL,Insider incident,Malicious insider,Unattributed,Insider,False,,2026-03-02,2026-04-07,2026-04-22,36,Law enforcement notification,38965,credit_card|employment|name|postal_address,,not_applicable,1,6726663,yes,medium,True,synthetic (Faker),
SYN-00314,Ransomware at Ross-Blair,Ross-Blair,private,Healthcare,CA,Ransomware,Compromised credentials,Unattributed,Ransomware crew,False,,2026-04-09,2026-04-09,2026-04-10,0,Third-party notification,733605,email|health|name|postal_address|ssn_or_ni_number,13409739,no,12,21302498,yes,high,True,synthetic (Faker),
SYN-01200,Ransomware at Johnson PLC,Johnson PLC,vendor,Software,US,Ransomware,Third-party supplier access,NineSpindle,Ransomware crew,True,1529,2026-04-08,2026-04-09,2026-04-10,1,Law enforcement notification,2175819,bank_details|passport|postal_address,907356,no,50,263581955,no,critical,True,synthetic (Faker),
SYN-01810,Insider incident at Spencer LLC,Spencer LLC,private,Manufacturing,IE,Insider incident,Malicious insider,Unattributed,Insider,False,,2026-02-23,2026-04-12,2026-04-19,48,Public leak / dark web,60630,date_of_birth|email|health|passport|postal_address,,not_applicable,3,5844150,no,medium,True,synthetic (Faker),
=======
SYN-00302,"Insider incident at Wheeler, Hayes and Walker","Wheeler, Hayes and Walker",private,Legal/Professional,GB,Insider incident,Negligent insider,Unattributed,Insider,False,,2026-03-02,2026-03-29,2026-03-31,27,Internal detection,613,bank_details|donation_history|name|passport|postal_address|safeguarding_notes|ssn_or_ni_number,,not_applicable,0,267993,yes,medium,True,synthetic (Faker),
SYN-00104,Unauthorised access at Sharonland Authority,Sharonland Authority,public,Education,FR,Unauthorised access,Insecure API endpoint,DimStag,Ransomware crew,False,,2026-03-29,2026-04-04,2026-04-21,6,Internal detection,14073,email|employment|health|passport|postal_address,,not_applicable,0,,yes,medium,True,synthetic (Faker),
SYN-00814,Business email compromise at Watson Group,Watson Group,private,Legal/Professional,US,Business email compromise,MFA fatigue,Unattributed,Hacktivist,False,,2026-01-30,2026-04-07,2026-04-08,67,Internal detection,387,date_of_birth|email|employment|phone|postal_address,,not_applicable,0,80875,yes,low,True,synthetic (Faker),
SYN-00836,Insider incident at Port Leonardton Authority,Port Leonardton Authority,public,Education,NL,Insider incident,Malicious insider,Unattributed,Insider,False,,2026-03-02,2026-04-07,2026-04-22,36,Law enforcement notification,38965,credit_card|employment|name|postal_address,,not_applicable,1,6726663,yes,medium,True,synthetic (Faker),
SYN-00314,Ransomware at Ross-Blair,Ross-Blair,private,Healthcare,CA,Ransomware,Compromised credentials,Unattributed,Ransomware crew,False,,2026-04-09,2026-04-09,2026-04-10,0,Third-party notification,733605,email|health|name|postal_address|ssn_or_ni_number,13409739,no,12,21302498,yes,high,True,synthetic (Faker),
>>>>>>> 8a74902011229c25354fcb7e063b9152ef665657
SYN-00597,Data breach at Garcia-Zavala,Garcia-Zavala,vendor,Nonprofit technology,US,Data breach,Credential stuffing,Unattributed,Ransomware crew,False,,2026-03-31,2026-04-13,2026-04-19,13,Security vendor / MDR,208810,date_of_birth|donation_history|name|phone|postal_address|safeguarding_notes,,not_applicable,1,,yes,medium,True,synthetic (Faker),
SYN-00845,"DDoS at Parker, Henry and Davis","Parker, Henry and Davis",private,Healthcare,DE,DDoS,Volumetric flood,ObsidianKoi,Ransomware crew,False,,2026-04-11,2026-04-13,2026-04-21,2,Public leak / dark web,7580,bank_details|credentials|employment|health|phone|postal_address,,not_applicable,1,,yes,medium,True,synthetic (Faker),
SYN-00871,Ransomware at Dennis PLC,Dennis PLC,vendor,Cloud/SaaS,US,Ransomware,Unpatched vulnerability,Unattributed,Ransomware crew,False,,2026-04-05,2026-04-13,2026-04-18,8,Internal detection,333185,credentials|email,1398106,yes,5,,yes,medium,True,synthetic (Faker),
SYN-00894,Unauthorised access at Burns-Byrne,Burns-Byrne,private,Retail,US,Unauthorised access,MFA fatigue,AmberBastion,Ransomware crew,False,,2026-03-30,2026-04-13,2026-04-25,14,Customer report,185559,employment|name|postal_address,,not_applicable,0,32109510,yes,medium,True,synthetic (Faker),
SYN-00714,Insider incident at Michelleland District Board,Michelleland District Board,public,Education,IE,Insider incident,Malicious insider,Unattributed,Insider,False,,2026-03-18,2026-04-17,2026-04-29,30,Customer report,662,credit_card|postal_address,,not_applicable,4,371036,yes,low,True,synthetic (Faker),
<<<<<<< HEAD
SYN-01047,Data breach at Rivers Care,Rivers Care,nonprofit,Charity/Nonprofit,GB,Data breach,Phishing,HollowLantern,Ransomware crew,False,,2026-04-02,2026-04-17,2026-04-25,15,Internal detection,66132,bank_details|date_of_birth|donation_history|name|postal_address,,not_applicable,0,3871636,yes,medium,True,synthetic (Faker),
SYN-01247,Ransomware at Taylor-Barry,Taylor-Barry,private,Healthcare,AU,Ransomware,Unpatched vulnerability,ObsidianKoi,Ransomware crew,False,,2026-04-14,2026-04-17,2026-04-26,3,Internal detection,82870,health|name|passport|phone|postal_address,2815269,undisclosed,5,11924254,yes,medium,True,synthetic (Faker),
SYN-01337,Data breach at Roberts-Long,Roberts-Long,private,Financial services,GB,Data breach,Compromised credentials,Unattributed,Ransomware crew,False,,2026-04-06,2026-04-18,2026-04-27,12,Customer report,151998,bank_details|credentials|credit_card|phone,,not_applicable,9,,yes,high,True,synthetic (Faker),
SYN-01603,"Supply chain compromise at Gallagher, Wong and Pratt","Gallagher, Wong and Pratt",private,Manufacturing,GB,Supply chain compromise,Third-party supplier access,Unattributed,Financially motivated,True,174,2025-12-23,2026-04-20,2026-04-24,118,Third-party notification,30952,date_of_birth|email|name|phone,,not_applicable,0,4079825,no,medium,True,synthetic (Faker),
SYN-01619,Ransomware at South Charlenefort Authority,South Charlenefort Authority,public,Education,US,Ransomware,Compromised credentials,RustVulture,Ransomware crew,False,,2026-04-19,2026-04-21,2026-04-25,2,Third-party notification,49273,credit_card|date_of_birth|email|internal_email|passport|phone,130942,yes,39,6940904,yes,high,True,synthetic (Faker),
SYN-01798,Data breach at Baker LLC,Baker LLC,private,Healthcare,DE,Data breach,Third-party supplier access,Unattributed,Ransomware crew,True,6,2026-03-27,2026-04-21,2026-05-07,25,Law enforcement notification,536903,credit_card|donation_history|employment|health|internal_email|name|phone|postal_address,,not_applicable,2,90976055,yes,high,True,synthetic (Faker),
SYN-00123,"Data breach at Weston, Parker and Smith","Weston, Parker and Smith",private,Retail,DE,Data breach,Unpatched vulnerability,Unattributed,Unknown,False,,2026-04-13,2026-04-22,2026-05-01,9,Third-party notification,3613923,bank_details|phone,,not_applicable,1,236233678,yes,high,True,synthetic (Faker),
SYN-00299,Data breach at East Josephberg District Board,East Josephberg District Board,public,Local government,GB,Data breach,Compromised credentials,Unattributed,Financially motivated,False,,2026-03-16,2026-04-24,2026-04-26,39,Third-party notification,54900,health|safeguarding_notes,,not_applicable,0,4092390,yes,medium,True,synthetic (Faker),
SYN-01305,Data breach at McCarthy-Hunt,McCarthy-Hunt,private,Manufacturing,CA,Data breach,Credential stuffing,Unattributed,Insider,False,,2026-04-19,2026-04-25,2026-04-30,6,Internal detection,1795,phone|ssn_or_ni_number,214710,undisclosed,0,622627,unknown,medium,True,synthetic (Faker),
SYN-01432,Supply chain compromise at Wayfarer Appeal,Wayfarer Appeal,nonprofit,Charity/Nonprofit,GB,Supply chain compromise,Trojanised software update,Unattributed,Financially motivated,True,25,2026-01-07,2026-04-26,2026-05-08,109,Third-party notification,59248,credentials|donation_history|phone,,not_applicable,0,4083464,yes,medium,True,synthetic (Faker),
SYN-01346,Data breach at Rachelside NHS Trust,Rachelside NHS Trust,public,Energy/Utilities,GB,Data breach,Phishing,ObsidianKoi,Ransomware crew,False,,2025-09-21,2026-04-27,2026-05-03,218,Internal detection,2356,credentials|email|internal_email|name|postal_address,,not_applicable,1,789038,yes,low,True,synthetic (Faker),
SYN-00661,Ransomware at Thompson-Sanders,Thompson-Sanders,private,Retail,FR,Ransomware,Help-desk social engineering,ObsidianKoi,Ransomware crew,False,,2026-04-25,2026-04-28,2026-04-30,3,Third-party notification,45046,email|employment|postal_address|ssn_or_ni_number,763408,no,11,,yes,high,True,synthetic (Faker),
SYN-01769,Data breach at New Brian NHS Trust,New Brian NHS Trust,public,Education,US,Data breach,Misconfigured cloud storage,Unattributed,Insider,False,,2026-04-19,2026-05-02,2026-05-03,13,Internal detection,885161,credentials|email|phone,,not_applicable,0,109935686,yes,medium,True,synthetic (Faker),
SYN-01819,"Phishing campaign at Harding, Kelly and Estrada","Harding, Kelly and Estrada",private,Manufacturing,GB,Phishing campaign,Phishing,Unattributed,Unknown,False,,2026-03-27,2026-05-02,2026-05-04,36,Law enforcement notification,4901,date_of_birth|email|name|passport|phone|postal_address|safeguarding_notes,,not_applicable,0,666478,yes,medium,True,synthetic (Faker),
SYN-00133,Data breach at East Dale District Board,East Dale District Board,public,Energy/Utilities,GB,Data breach,Compromised credentials,Unattributed,Hacktivist,False,,2026-04-13,2026-05-04,2026-06-14,21,Internal detection,97,bank_details|donation_history|health|phone|postal_address,812180,no,0,70257,yes,medium,True,synthetic (Faker),
SYN-01974,Data breach at Marshport NHS Trust,Marshport NHS Trust,public,Local government,CA,Data breach,Misconfigured cloud storage,Unattributed,Ransomware crew,False,,2026-04-05,2026-05-04,2026-05-11,29,Internal detection,5695139,credentials|date_of_birth|email|employment|name|phone|postal_address,21937,undisclosed,2,,yes,medium,True,synthetic (Faker),
SYN-00383,Data breach at Martin Ltd,Martin Ltd,private,Healthcare,IE,Data breach,Phishing,Unattributed,Unknown,False,,2026-04-18,2026-05-06,2026-05-13,18,Internal detection,186551,date_of_birth|email|health|name|phone|safeguarding_notes,,not_applicable,0,29581265,yes,medium,True,synthetic (Faker),
SYN-01367,Ransomware at Davies Group,Davies Group,private,Financial services,US,Ransomware,Unpatched vulnerability,DimStag,Ransomware crew,False,,2026-05-02,2026-05-06,2026-05-27,4,Law enforcement notification,1113267,credentials|employment|health|internal_email|postal_address,2213533,yes,22,198866858,yes,high,True,synthetic (Faker),
SYN-00103,Ransomware at Wayfarer Foundation,Wayfarer Foundation,nonprofit,Charity/Nonprofit,SG,Ransomware,Unpatched vulnerability,TinCathedral,Ransomware crew,False,,2026-05-06,2026-05-08,2026-05-10,2,Internal detection,8573,bank_details|date_of_birth|donation_history|phone,3342550,no,6,544515,yes,medium,True,synthetic (Faker),
SYN-01326,Destructive malware at Weaver-Gibson,Weaver-Gibson,private,Retail,CA,Destructive malware,Unpatched vulnerability,Unattributed,Unknown,False,,2026-05-05,2026-05-10,2026-05-21,5,Customer report,3644,email|employment|health|postal_address,1117973,undisclosed,5,786014,yes,medium,True,synthetic (Faker),
=======
SYN-00123,"Data breach at Weston, Parker and Smith","Weston, Parker and Smith",private,Retail,DE,Data breach,Unpatched vulnerability,Unattributed,Unknown,False,,2026-04-13,2026-04-22,2026-05-01,9,Third-party notification,3613923,bank_details|phone,,not_applicable,1,236233678,yes,high,True,synthetic (Faker),
SYN-00299,Data breach at East Josephberg District Board,East Josephberg District Board,public,Local government,GB,Data breach,Compromised credentials,Unattributed,Financially motivated,False,,2026-03-16,2026-04-24,2026-04-26,39,Third-party notification,54900,health|safeguarding_notes,,not_applicable,0,4092390,yes,medium,True,synthetic (Faker),
SYN-00661,Ransomware at Thompson-Sanders,Thompson-Sanders,private,Retail,FR,Ransomware,Help-desk social engineering,ObsidianKoi,Ransomware crew,False,,2026-04-25,2026-04-28,2026-04-30,3,Third-party notification,45046,email|employment|postal_address|ssn_or_ni_number,763408,no,11,,yes,high,True,synthetic (Faker),
SYN-00133,Data breach at East Dale District Board,East Dale District Board,public,Energy/Utilities,GB,Data breach,Compromised credentials,Unattributed,Hacktivist,False,,2026-04-13,2026-05-04,2026-06-14,21,Internal detection,97,bank_details|donation_history|health|phone|postal_address,812180,no,0,70257,yes,medium,True,synthetic (Faker),
SYN-00383,Data breach at Martin Ltd,Martin Ltd,private,Healthcare,IE,Data breach,Phishing,Unattributed,Unknown,False,,2026-04-18,2026-05-06,2026-05-13,18,Internal detection,186551,date_of_birth|email|health|name|phone|safeguarding_notes,,not_applicable,0,29581265,yes,medium,True,synthetic (Faker),
SYN-00103,Ransomware at Wayfarer Foundation,Wayfarer Foundation,nonprofit,Charity/Nonprofit,SG,Ransomware,Unpatched vulnerability,TinCathedral,Ransomware crew,False,,2026-05-06,2026-05-08,2026-05-10,2,Internal detection,8573,bank_details|date_of_birth|donation_history|phone,3342550,no,6,544515,yes,medium,True,synthetic (Faker),
>>>>>>> 8a74902011229c25354fcb7e063b9152ef665657
SYN-00763,Ransomware at Stevens-Preston,Stevens-Preston,private,Healthcare,IE,Ransomware,Compromised credentials,IronMagpie,Ransomware crew,False,,2026-05-14,2026-05-15,2026-06-02,1,Public leak / dark web,1965851,bank_details|date_of_birth|email|health|name|passport|phone|postal_address,145948,no,22,,yes,high,True,synthetic (Faker),
SYN-00684,Ransomware at Jones-Williams,Jones-Williams,private,Financial services,GB,Ransomware,Compromised credentials,AmberBastion,Ransomware crew,False,,2026-05-18,2026-05-19,2026-05-31,1,Third-party notification,4423,email|internal_email|name|phone|postal_address|safeguarding_notes,2300735,no,33,1175300,yes,high,True,synthetic (Faker),
SYN-00169,Unauthorised access at Beacon Hill Aid,Beacon Hill Aid,nonprofit,Charity/Nonprofit,US,Unauthorised access,Insecure API endpoint,Unattributed,Ransomware crew,False,,2026-03-01,2026-05-20,2026-05-23,80,Internal detection,3007,bank_details|email|health|name,,not_applicable,0,201512,yes,medium,True,synthetic (Faker),
SYN-00746,Ransomware at May Ltd,May Ltd,private,Hospitality,GB,Ransomware,Unpatched vulnerability,Unattributed,Ransomware crew,False,,2026-05-17,2026-05-20,2026-05-23,3,Security vendor / MDR,28488,credit_card|email|name|phone,93597,undisclosed,18,3814692,unknown,medium,True,synthetic (Faker),
<<<<<<< HEAD
SYN-01098,"Ransomware at Montoya, Jones and Parks","Montoya, Jones and Parks",private,Logistics,GB,Ransomware,Phishing,HollowLantern,Ransomware crew,False,,2026-05-19,2026-05-20,2026-05-22,1,Internal detection,3505,credit_card|email|employment|phone|ssn_or_ni_number,2850006,undisclosed,1,,yes,medium,True,synthetic (Faker),
SYN-00717,Data breach at New Donald District Board,New Donald District Board,public,Local government,GB,Data breach,Credential stuffing,Unattributed,Hacktivist,False,,2026-05-12,2026-05-24,2026-05-29,12,Security vendor / MDR,130983,credit_card|email|employment|name|phone|postal_address|ssn_or_ni_number,,not_applicable,5,,yes,medium,True,synthetic (Faker),
SYN-00723,Ransomware at Lane LLC,Lane LLC,private,Manufacturing,GB,Ransomware,Phishing,GlassMantis,Ransomware crew,False,,2026-05-19,2026-05-25,2026-05-28,6,Third-party notification,311,bank_details|health,1517207,yes,13,1136920,yes,medium,True,synthetic (Faker),
SYN-00841,Data breach at Wright Ltd,Wright Ltd,private,Logistics,DE,Data breach,Credential stuffing,Unattributed,Nation state,False,,2026-05-12,2026-05-25,2026-05-26,13,Customer report,3156,email|internal_email|name,,not_applicable,0,494942,unknown,low,True,synthetic (Faker),
SYN-01302,Unauthorised access at Martinez Ltd,Martinez Ltd,private,Hospitality,SG,Unauthorised access,Compromised credentials,Unattributed,Financially motivated,False,,2026-01-12,2026-05-26,2026-05-28,134,Public leak / dark web,3996628,credentials|date_of_birth|email|health,,not_applicable,5,665771079,yes,high,True,synthetic (Faker),
SYN-01868,"Unauthorised access at Morley, Benson and West","Morley, Benson and West",private,Financial services,US,Unauthorised access,Compromised credentials,Unattributed,Financially motivated,False,,2026-05-13,2026-05-28,2026-05-29,15,Law enforcement notification,45659,bank_details|email|name|postal_address|ssn_or_ni_number,,not_applicable,0,3762190,yes,medium,True,synthetic (Faker),
SYN-00528,Ransomware at Smith PLC,Smith PLC,vendor,Cloud/SaaS,AU,Ransomware,Exposed RDP/VPN,Unattributed,Ransomware crew,False,,2026-05-28,2026-05-29,2026-05-30,1,Law enforcement notification,7085730,email|name,447758,no,49,254001140,no,high,True,synthetic (Faker),
SYN-00303,Ransomware at Claretown Council,Claretown Council,public,Local government,IE,Ransomware,Unpatched vulnerability,VelvetSiphon,Ransomware crew,False,,2026-05-25,2026-05-30,2026-06-01,5,Customer report,1026981,credentials|donation_history,60087,no,11,173228912,yes,high,True,synthetic (Faker),
SYN-01401,Data breach at Richardson-Evans,Richardson-Evans,private,Retail,DE,Data breach,Unpatched vulnerability,QuietFathom,Ransomware crew,False,,2026-04-29,2026-05-30,2026-06-02,31,Internal detection,117666,bank_details|credentials|donation_history|name|phone|ssn_or_ni_number,,not_applicable,0,19304206,yes,medium,True,synthetic (Faker),
SYN-01835,Business email compromise at Gallagher-Carroll,Gallagher-Carroll,vendor,Cloud/SaaS,US,Business email compromise,MFA fatigue,Unattributed,Financially motivated,True,14,2026-05-22,2026-05-30,2026-06-14,8,Third-party notification,,not_applicable,,not_applicable,0,,no,medium,True,synthetic (Faker),
SYN-00071,Unauthorised access at Mahoney Inc,Mahoney Inc,private,Healthcare,GB,Unauthorised access,Compromised credentials,VelvetSiphon,Nation state,False,,2026-04-15,2026-05-31,2026-06-03,46,Public leak / dark web,126934,bank_details|health|ssn_or_ni_number,639225,undisclosed,0,,yes,medium,True,synthetic (Faker),
SYN-01641,Supply chain compromise at Roberts Group,Roberts Group,private,Financial services,GB,Supply chain compromise,Third-party supplier access,Unattributed,Ransomware crew,True,22,2025-05-08,2026-05-31,2026-06-08,388,Routine audit,27159012,date_of_birth|employment|name|phone|postal_address|safeguarding_notes,186568,undisclosed,0,,yes,high,True,synthetic (Faker),
SYN-00238,Unauthorised access at Mcneil-Sparks,Mcneil-Sparks,private,Manufacturing,DE,Unauthorised access,MFA fatigue,Unattributed,Unknown,False,,2026-04-12,2026-06-01,2026-06-06,50,Security vendor / MDR,3290,bank_details|email|employment|health|phone,18150,undisclosed,0,737199,yes,medium,True,synthetic (Faker),
SYN-00107,"Business email compromise at Parker, Ortiz and Powell","Parker, Ortiz and Powell",vendor,Cloud/SaaS,AU,Business email compromise,Compromised credentials,Unattributed,Unknown,False,,2026-05-08,2026-06-03,2026-06-20,26,Internal detection,,not_applicable,,not_applicable,1,354373,no,medium,True,synthetic (Faker),
SYN-00127,Business email compromise at Rivers Aid,Rivers Aid,nonprofit,Charity/Nonprofit,FR,Business email compromise,MFA fatigue,DimStag,Ransomware crew,False,,2026-05-24,2026-06-04,2026-06-11,11,Internal detection,,not_applicable,,not_applicable,1,,unknown,medium,True,synthetic (Faker),
SYN-01862,Business email compromise at Hospice Alliance,Hospice Alliance,nonprofit,Charity/Nonprofit,IN,Business email compromise,Compromised credentials,Unattributed,Unknown,False,,2026-05-14,2026-06-04,2026-06-14,21,Third-party notification,14913,bank_details|credit_card|donation_history|employment|name|phone|postal_address,,not_applicable,0,547433,yes,medium,True,synthetic (Faker),
SYN-01885,"Ransomware at Davis, Robson and Jones","Davis, Robson and Jones",private,Manufacturing,IN,Ransomware,Phishing,HollowLantern,Ransomware crew,False,,2026-05-23,2026-06-04,2026-06-08,12,Law enforcement notification,2050,email|internal_email,646435,no,6,748928,no,medium,True,synthetic (Faker),
SYN-00947,"Supply chain compromise at Flores, Taylor and Johnson","Flores, Taylor and Johnson",private,Healthcare,US,Supply chain compromise,Compromised credentials,VelvetSiphon,Ransomware crew,True,74,2026-03-16,2026-06-05,2026-07-04,81,Internal detection,8224419,health|passport|phone,,not_applicable,6,663839145,yes,critical,True,synthetic (Faker),
SYN-01565,Ransomware at West Amandatown Authority,West Amandatown Authority,public,Education,US,Ransomware,Exposed RDP/VPN,QuietFathom,Ransomware crew,False,,2026-06-07,2026-06-08,2026-08-01,1,Law enforcement notification,482724,donation_history|email|health|name|passport|phone|postal_address,186993,no,16,74117436,yes,high,True,synthetic (Faker),
SYN-00003,"Insider incident at Oliver, Holland and Lloyd","Oliver, Holland and Lloyd",private,Healthcare,GB,Insider incident,Negligent insider,Unattributed,Insider,False,,2026-05-08,2026-06-13,2026-06-20,36,Security vendor / MDR,478015,email|health|postal_address|safeguarding_notes,,not_applicable,0,,yes,medium,True,synthetic (Faker),
SYN-00245,"DDoS at Johnson, Jones and Welch","Johnson, Jones and Welch",private,Logistics,GB,DDoS,Application-layer flood,SlateWarden,Ransomware crew,False,,2026-06-10,2026-06-13,2026-06-14,3,Public leak / dark web,,not_applicable,,not_applicable,1,,no,medium,True,synthetic (Faker),
SYN-00056,Business email compromise at Jones-Dobson,Jones-Dobson,private,Healthcare,CA,Business email compromise,Phishing,VelvetSiphon,Ransomware crew,False,,2026-05-03,2026-06-14,2026-06-16,42,Internal detection,,not_applicable,,not_applicable,3,436713,unknown,medium,True,synthetic (Faker),
SYN-01024,"Business email compromise at Wilson, Graham and Ahmed","Wilson, Graham and Ahmed",private,Retail,US,Business email compromise,MFA fatigue,Unattributed,Ransomware crew,False,,2026-06-06,2026-06-15,2026-06-30,9,Public leak / dark web,,not_applicable,,not_applicable,1,,unknown,medium,True,synthetic (Faker),
SYN-01064,Data breach at Garcia-Parrish,Garcia-Parrish,vendor,Software,FR,Data breach,Compromised credentials,IronMagpie,Nation state,False,,2025-11-18,2026-06-19,2026-06-19,213,Internal detection,9319,date_of_birth|email|health|internal_email|name|passport|postal_address,,not_applicable,0,639303,yes,medium,True,synthetic (Faker),
SYN-01123,Phishing campaign at Jackson-Edwards,Jackson-Edwards,private,Retail,US,Phishing campaign,Phishing,Unattributed,Insider,False,,2026-05-26,2026-06-19,2026-07-02,24,Internal detection,92542,date_of_birth|name|phone,,not_applicable,0,,yes,medium,True,synthetic (Faker),
SYN-01104,"Phishing campaign at Grant, Harrison and Ford","Grant, Harrison and Ford",private,Healthcare,US,Phishing campaign,Phishing,NorthQuarry,Ransomware crew,False,,2026-04-16,2026-06-20,2026-06-27,65,Customer report,176686,email|health|phone,66461,no,3,7220926,yes,medium,True,synthetic (Faker),
SYN-00641,Data breach at Barton LLC,Barton LLC,private,Healthcare,DE,Data breach,Compromised credentials,Unattributed,Ransomware crew,False,,2026-02-22,2026-06-24,2026-06-27,122,Routine audit,25642,email|health|name,,not_applicable,3,3331034,yes,medium,True,synthetic (Faker),
SYN-01801,"Data breach at Brennan, Bates and Bird","Brennan, Bates and Bird",private,Financial services,CA,Data breach,Compromised credentials,SlateWarden,Ransomware crew,False,,2026-04-28,2026-06-24,2026-07-07,57,Law enforcement notification,400312,email|health|name|phone|postal_address,,not_applicable,6,11979064,yes,high,True,synthetic (Faker),
SYN-01877,Data breach at Refuge Alliance,Refuge Alliance,nonprofit,Charity/Nonprofit,FR,Data breach,Compromised credentials,Unattributed,Financially motivated,False,,2026-06-12,2026-06-25,2026-06-26,13,Internal detection,288927,email|phone,,not_applicable,2,12735099,yes,medium,True,synthetic (Faker),
SYN-01218,Data breach at Spencer and Sons,Spencer and Sons,private,Healthcare,CA,Data breach,Credential stuffing,Unattributed,Unknown,False,,2026-04-14,2026-06-28,2026-07-06,75,Public leak / dark web,139108,health|passport|phone|postal_address,,not_applicable,0,14600530,yes,medium,True,synthetic (Faker),
=======
SYN-00717,Data breach at New Donald District Board,New Donald District Board,public,Local government,GB,Data breach,Credential stuffing,Unattributed,Hacktivist,False,,2026-05-12,2026-05-24,2026-05-29,12,Security vendor / MDR,130983,credit_card|email|employment|name|phone|postal_address|ssn_or_ni_number,,not_applicable,5,,yes,medium,True,synthetic (Faker),
SYN-00723,Ransomware at Lane LLC,Lane LLC,private,Manufacturing,GB,Ransomware,Phishing,GlassMantis,Ransomware crew,False,,2026-05-19,2026-05-25,2026-05-28,6,Third-party notification,311,bank_details|health,1517207,yes,13,1136920,yes,medium,True,synthetic (Faker),
SYN-00841,Data breach at Wright Ltd,Wright Ltd,private,Logistics,DE,Data breach,Credential stuffing,Unattributed,Nation state,False,,2026-05-12,2026-05-25,2026-05-26,13,Customer report,3156,email|internal_email|name,,not_applicable,0,494942,unknown,low,True,synthetic (Faker),
SYN-00528,Ransomware at Smith PLC,Smith PLC,vendor,Cloud/SaaS,AU,Ransomware,Exposed RDP/VPN,Unattributed,Ransomware crew,False,,2026-05-28,2026-05-29,2026-05-30,1,Law enforcement notification,7085730,email|name,447758,no,49,254001140,no,high,True,synthetic (Faker),
SYN-00303,Ransomware at Claretown Council,Claretown Council,public,Local government,IE,Ransomware,Unpatched vulnerability,VelvetSiphon,Ransomware crew,False,,2026-05-25,2026-05-30,2026-06-01,5,Customer report,1026981,credentials|donation_history,60087,no,11,173228912,yes,high,True,synthetic (Faker),
SYN-00071,Unauthorised access at Mahoney Inc,Mahoney Inc,private,Healthcare,GB,Unauthorised access,Compromised credentials,VelvetSiphon,Nation state,False,,2026-04-15,2026-05-31,2026-06-03,46,Public leak / dark web,126934,bank_details|health|ssn_or_ni_number,639225,undisclosed,0,,yes,medium,True,synthetic (Faker),
SYN-00238,Unauthorised access at Mcneil-Sparks,Mcneil-Sparks,private,Manufacturing,DE,Unauthorised access,MFA fatigue,Unattributed,Unknown,False,,2026-04-12,2026-06-01,2026-06-06,50,Security vendor / MDR,3290,bank_details|email|employment|health|phone,18150,undisclosed,0,737199,yes,medium,True,synthetic (Faker),
SYN-00107,"Business email compromise at Parker, Ortiz and Powell","Parker, Ortiz and Powell",vendor,Cloud/SaaS,AU,Business email compromise,Compromised credentials,Unattributed,Unknown,False,,2026-05-08,2026-06-03,2026-06-20,26,Internal detection,,not_applicable,,not_applicable,1,354373,no,medium,True,synthetic (Faker),
SYN-00127,Business email compromise at Rivers Aid,Rivers Aid,nonprofit,Charity/Nonprofit,FR,Business email compromise,MFA fatigue,DimStag,Ransomware crew,False,,2026-05-24,2026-06-04,2026-06-11,11,Internal detection,,not_applicable,,not_applicable,1,,unknown,medium,True,synthetic (Faker),
SYN-00947,"Supply chain compromise at Flores, Taylor and Johnson","Flores, Taylor and Johnson",private,Healthcare,US,Supply chain compromise,Compromised credentials,VelvetSiphon,Ransomware crew,True,74,2026-03-16,2026-06-05,2026-07-04,81,Internal detection,8224419,health|passport|phone,,not_applicable,6,663839145,yes,critical,True,synthetic (Faker),
SYN-00003,"Insider incident at Oliver, Holland and Lloyd","Oliver, Holland and Lloyd",private,Healthcare,GB,Insider incident,Negligent insider,Unattributed,Insider,False,,2026-05-08,2026-06-13,2026-06-20,36,Security vendor / MDR,478015,email|health|postal_address|safeguarding_notes,,not_applicable,0,,yes,medium,True,synthetic (Faker),
SYN-00245,"DDoS at Johnson, Jones and Welch","Johnson, Jones and Welch",private,Logistics,GB,DDoS,Application-layer flood,SlateWarden,Ransomware crew,False,,2026-06-10,2026-06-13,2026-06-14,3,Public leak / dark web,,not_applicable,,not_applicable,1,,no,medium,True,synthetic (Faker),
SYN-00056,Business email compromise at Jones-Dobson,Jones-Dobson,private,Healthcare,CA,Business email compromise,Phishing,VelvetSiphon,Ransomware crew,False,,2026-05-03,2026-06-14,2026-06-16,42,Internal detection,,not_applicable,,not_applicable,3,436713,unknown,medium,True,synthetic (Faker),
SYN-00641,Data breach at Barton LLC,Barton LLC,private,Healthcare,DE,Data breach,Compromised credentials,Unattributed,Ransomware crew,False,,2026-02-22,2026-06-24,2026-06-27,122,Routine audit,25642,email|health|name,,not_applicable,3,3331034,yes,medium,True,synthetic (Faker),
>>>>>>> 8a74902011229c25354fcb7e063b9152ef665657
SYN-00399,Data breach at Taylor LLC,Taylor LLC,private,Legal/Professional,US,Data breach,Compromised credentials,Unattributed,Financially motivated,False,,2026-06-27,2026-07-01,2026-07-04,4,Security vendor / MDR,110533,date_of_birth|email|name,,not_applicable,0,12138870,yes,medium,True,synthetic (Faker),
SYN-00742,"Business email compromise at Davies, Bailey and Booth","Davies, Bailey and Booth",vendor,Cloud/SaaS,US,Business email compromise,Phishing,Unattributed,Ransomware crew,True,365,2026-06-28,2026-07-01,2026-07-11,3,Internal detection,,not_applicable,,not_applicable,0,,unknown,medium,True,synthetic (Faker),
SYN-00849,DDoS at Johnson PLC,Johnson PLC,private,Financial services,DE,DDoS,Volumetric flood,Unattributed,Hacktivist,False,,2026-07-04,2026-07-04,2026-07-09,0,Internal detection,,not_applicable,,not_applicable,2,354676,unknown,low,True,synthetic (Faker),
SYN-00879,Business email compromise at West Madisonfort Authority,West Madisonfort Authority,public,Local government,AU,Business email compromise,MFA fatigue,Unattributed,Financially motivated,False,,2026-05-30,2026-07-04,2026-07-08,35,Law enforcement notification,,not_applicable,144346,no,7,248321,no,medium,True,synthetic (Faker),
SYN-00895,Ransomware at Heritage Society,Heritage Society,nonprofit,Charity/Nonprofit,IE,Ransomware,Help-desk social engineering,PaleHydra,Ransomware crew,False,,2026-06-24,2026-07-07,2026-07-16,13,Law enforcement notification,2333,donation_history|employment|phone|postal_address,1585170,undisclosed,23,866575,yes,medium,True,synthetic (Faker),
<<<<<<< HEAD
SYN-01724,Data breach at West Glen Authority,West Glen Authority,public,Energy/Utilities,GB,Data breach,Compromised credentials,Unattributed,Unknown,False,,2026-05-23,2026-07-09,2026-07-23,47,Law enforcement notification,28613,date_of_birth|email|name|postal_address,,not_applicable,6,5444240,yes,medium,True,synthetic (Faker),
SYN-00513,"Ransomware at Davies, Palmer and Robinson","Davies, Palmer and Robinson",private,Retail,GB,Ransomware,Compromised credentials,Unattributed,Ransomware crew,False,,2026-07-06,2026-07-11,2026-07-19,5,Customer report,421500,credit_card|internal_email|ssn_or_ni_number,259984,no,5,57147695,yes,medium,True,synthetic (Faker),
SYN-01101,"Ransomware at Fuller, Walker and Miles","Fuller, Walker and Miles",private,Retail,US,Ransomware,Unpatched vulnerability,Unattributed,Ransomware crew,False,,2026-07-12,2026-07-13,2026-07-20,1,Internal detection,38612299,date_of_birth|email|internal_email|name|phone|postal_address|ssn_or_ni_number,27555427,no,35,3263433290,yes,critical,True,synthetic (Faker),
SYN-01713,Insider incident at Hospice Alliance,Hospice Alliance,nonprofit,Charity/Nonprofit,IE,Insider incident,Negligent insider,Unattributed,Insider,False,,2026-06-09,2026-07-14,2026-07-23,35,Internal detection,19951,bank_details|credit_card|donation_history|email|employment|name|phone|safeguarding_notes,,not_applicable,0,957546,yes,medium,True,synthetic (Faker),
SYN-01485,Unauthorised access at Bowers-Gutierrez,Bowers-Gutierrez,private,Financial services,US,Unauthorised access,Exposed RDP/VPN,AmberBastion,Ransomware crew,False,,2026-06-25,2026-07-17,2026-07-23,22,Customer report,6072,credentials|credit_card|date_of_birth|email|phone|postal_address,,not_applicable,0,,yes,low,True,synthetic (Faker),
SYN-01599,"Ransomware at Williams, Lloyd and Abbott","Williams, Lloyd and Abbott",private,Logistics,US,Ransomware,Exposed RDP/VPN,TinCathedral,Ransomware crew,False,,2026-07-20,2026-07-20,2026-07-24,0,Internal detection,22310,credentials|credit_card|email|name|phone,172371,yes,12,794997,no,medium,True,synthetic (Faker),
SYN-01338,DDoS at Bauer-Brown,Bauer-Brown,private,Hospitality,IN,DDoS,Volumetric flood,IronMagpie,Ransomware crew,False,,2026-07-22,2026-07-24,2026-07-28,2,Internal detection,,not_applicable,,not_applicable,3,331196,unknown,medium,True,synthetic (Faker),
SYN-01348,"Ransomware at Allen, Gardner and Brooks","Allen, Gardner and Brooks",private,Financial services,GB,Ransomware,Third-party supplier access,NineSpindle,Ransomware crew,True,148,2026-07-23,2026-07-25,2026-07-29,2,Routine audit,2203718,credentials|name,1267423,no,4,356986003,yes,high,True,synthetic (Faker),
SYN-00658,Business email compromise at Skinner-James,Skinner-James,vendor,Nonprofit technology,GB,Business email compromise,Phishing,SlateWarden,Ransomware crew,False,,2026-04-21,2026-07-26,2026-07-27,96,Third-party notification,,not_applicable,,not_applicable,0,,no,low,True,synthetic (Faker),
SYN-01860,DDoS at Shelter Appeal,Shelter Appeal,nonprofit,Charity/Nonprofit,SG,DDoS,Application-layer flood,Unattributed,Unknown,False,,2026-07-27,2026-07-28,2026-07-29,1,Internal detection,,not_applicable,,not_applicable,3,224412,unknown,medium,True,synthetic (Faker),
REAL-0001,Beacon CRM supporter-data breach,Beacon CRM,vendor,Nonprofit technology,GB,Data breach,Compromised credentials,Unattributed,Unknown,True,1000,2026-07-27,2026-07-29,2026-08-03,2,Internal detection,,name|email|postal_address|phone|date_of_birth|gender|donation_history,,not_applicable,0,,yes,critical,False,"The Register / BankInfoSecurity / SCVO, Aug 2026","Database backups copied and likely exfiltrated; 1,500+ charity customers told to assume all stored data taken. Victim count provisional, investigation ongoing. ICO notified."
SYN-00223,"DDoS at Washington, Johnson and Mccoy","Washington, Johnson and Mccoy",private,Retail,GB,DDoS,Volumetric flood,Unattributed,Unknown,False,,2026-07-28,2026-07-30,2026-07-31,2,Third-party notification,,not_applicable,,not_applicable,1,383650,no,medium,True,synthetic (Faker),
SYN-00818,Data breach at West LLC,West LLC,private,Manufacturing,GB,Data breach,Insecure API endpoint,PaleHydra,Ransomware crew,False,,2026-07-12,2026-07-31,2026-08-01,19,Public leak / dark web,6457,health|name,,not_applicable,0,1077572,yes,medium,True,synthetic (Faker),
SYN-00080,"Supply chain compromise at Smith, Jones and Ware","Smith, Jones and Ware",private,Retail,FR,Supply chain compromise,Third-party supplier access,CobaltFinch,Ransomware crew,True,88,2026-07-15,2026-08-01,2026-08-01,17,Routine audit,579384,internal_email|postal_address|safeguarding_notes,,not_applicable,0,38703823,yes,high,True,synthetic (Faker),
SYN-00106,"Supply chain compromise at Edwards, Charles and Cortez","Edwards, Charles and Cortez",vendor,Nonprofit technology,NL,Supply chain compromise,Trojanised software update,Unattributed,Financially motivated,True,2725,2026-03-17,2026-08-01,2026-08-01,137,Customer report,486567,date_of_birth|donation_history|employment|name|phone|postal_address|ssn_or_ni_number,5939882,undisclosed,1,79314202,yes,high,True,synthetic (Faker),
SYN-00170,Phishing campaign at South Jason District Board,South Jason District Board,public,Education,GB,Phishing campaign,Phishing,NorthQuarry,Ransomware crew,False,,2026-07-29,2026-08-01,2026-08-01,3,Security vendor / MDR,7887,bank_details|credentials|credit_card|date_of_birth|employment|phone|postal_address,,not_applicable,0,693938,yes,medium,True,synthetic (Faker),
SYN-00180,Supply chain compromise at Baldwin-Wilkinson,Baldwin-Wilkinson,private,Manufacturing,IE,Supply chain compromise,Trojanised software update,NineSpindle,Ransomware crew,True,1,2026-03-01,2026-08-01,2026-08-01,153,Internal detection,46909,email|name,,not_applicable,1,,yes,medium,True,synthetic (Faker),
SYN-00396,Data breach at South Waynebury Council,South Waynebury Council,public,Local government,AU,Data breach,Third-party supplier access,DimStag,Ransomware crew,True,180,2026-03-17,2026-08-01,2026-08-01,137,Customer report,639273,donation_history|health|name|passport|phone|postal_address|ssn_or_ni_number,,not_applicable,1,77444390,yes,high,True,synthetic (Faker),
SYN-00599,Unauthorised access at New Michelleberg Council,New Michelleberg Council,public,Education,GB,Unauthorised access,Exposed RDP/VPN,SlateWarden,Ransomware crew,False,,2026-06-30,2026-08-01,2026-08-01,32,Third-party notification,27435,bank_details|date_of_birth|email|health|name|phone|ssn_or_ni_number,,not_applicable,0,3952984,yes,medium,True,synthetic (Faker),
SYN-00621,Data breach at Stevenson Group,Stevenson Group,private,Hospitality,CA,Data breach,Compromised credentials,DimStag,Nation state,False,,2026-05-13,2026-08-01,2026-08-01,80,Law enforcement notification,47606,name|passport|phone|postal_address|safeguarding_notes,,not_applicable,0,7300225,yes,medium,True,synthetic (Faker),
SYN-00721,Business email compromise at Hunt Group,Hunt Group,private,Retail,FR,Business email compromise,Phishing,Unattributed,Hacktivist,False,,2026-06-28,2026-08-01,2026-08-01,34,Security vendor / MDR,2681,donation_history|employment|health|name|postal_address|ssn_or_ni_number,,not_applicable,0,584264,yes,medium,True,synthetic (Faker),
SYN-00811,Supply chain compromise at Lee LLC,Lee LLC,vendor,Nonprofit technology,US,Supply chain compromise,Malicious dependency,Unattributed,Unknown,True,30,2025-12-29,2026-08-01,2026-08-01,215,Internal detection,1115283,donation_history|email|internal_email|name,,not_applicable,0,,yes,high,True,synthetic (Faker),
SYN-00823,Business email compromise at Kindling Appeal,Kindling Appeal,nonprofit,Charity/Nonprofit,AU,Business email compromise,Compromised credentials,Unattributed,Financially motivated,False,,2025-08-20,2026-08-01,2026-08-01,346,Internal detection,,not_applicable,89019,undisclosed,1,138365,no,low,True,synthetic (Faker),
SYN-00978,Insider incident at Barron-Cowan,Barron-Cowan,private,Manufacturing,US,Insider incident,Negligent insider,Unattributed,Insider,False,,2026-08-01,2026-08-01,2026-08-01,0,Routine audit,49579,email|internal_email|name|phone|safeguarding_notes,,not_applicable,0,8773825,yes,medium,True,synthetic (Faker),
SYN-01040,Supply chain compromise at Begum Group,Begum Group,private,Manufacturing,GB,Supply chain compromise,Third-party supplier access,PaleHydra,Nation state,True,7,2026-05-28,2026-08-01,2026-08-01,65,Internal detection,1346758,email|name|safeguarding_notes|ssn_or_ni_number,,not_applicable,0,34119254,yes,high,True,synthetic (Faker),
SYN-01096,"Data breach at Ashton, Johnson and Kelly","Ashton, Johnson and Kelly",vendor,Cloud/SaaS,IE,Data breach,Unpatched vulnerability,GlassMantis,Ransomware crew,True,224,2026-07-21,2026-08-01,2026-08-01,11,Internal detection,433092,bank_details|credit_card|date_of_birth|email|employment|health|name,,not_applicable,3,,yes,high,True,synthetic (Faker),
SYN-01245,Business email compromise at Nelsonburgh District Board,Nelsonburgh District Board,public,Energy/Utilities,US,Business email compromise,MFA fatigue,HollowLantern,Ransomware crew,False,,2026-03-31,2026-08-01,2026-08-01,123,Internal detection,,not_applicable,,not_applicable,0,103625,no,medium,True,synthetic (Faker),
SYN-01336,Data breach at North Gavinfort Authority,North Gavinfort Authority,public,Energy/Utilities,US,Data breach,Phishing,Unattributed,Financially motivated,False,,2026-07-29,2026-08-01,2026-08-01,3,Public leak / dark web,228,date_of_birth|email|employment|name|phone|postal_address,,not_applicable,0,433582,yes,low,True,synthetic (Faker),
SYN-01360,Supply chain compromise at Ianshire District Board,Ianshire District Board,public,Energy/Utilities,US,Supply chain compromise,Third-party supplier access,Unattributed,Insider,True,35,2026-07-23,2026-08-01,2026-08-01,9,Internal detection,42145,bank_details|date_of_birth|email|phone,295784,no,0,2749360,yes,high,True,synthetic (Faker),
SYN-01422,"Business email compromise at Banks, White and Hughes","Banks, White and Hughes",vendor,Nonprofit technology,IE,Business email compromise,Compromised credentials,Unattributed,Financially motivated,False,,2026-01-07,2026-08-01,2026-08-01,206,Public leak / dark web,,not_applicable,,not_applicable,4,434804,no,medium,True,synthetic (Faker),
SYN-01438,Business email compromise at Wellbeing Fund,Wellbeing Fund,nonprofit,Charity/Nonprofit,IN,Business email compromise,Phishing,RustVulture,Ransomware crew,False,,2026-07-05,2026-08-01,2026-08-01,27,Third-party notification,,not_applicable,,not_applicable,0,37988,no,low,True,synthetic (Faker),
SYN-01513,"Business email compromise at Wallace, Anderson and Ruiz","Wallace, Anderson and Ruiz",private,Financial services,US,Business email compromise,Phishing,GlassMantis,Ransomware crew,False,,2026-07-19,2026-08-01,2026-08-01,13,Internal detection,,not_applicable,,not_applicable,5,796757,unknown,medium,True,synthetic (Faker),
SYN-01569,"Data breach at Glover, Green and Soto","Glover, Green and Soto",private,Financial services,IE,Data breach,Misconfigured cloud storage,Unattributed,Financially motivated,False,,2026-05-28,2026-08-01,2026-08-01,65,Security vendor / MDR,161221,credentials|donation_history|email|name|phone,,not_applicable,0,18751402,yes,medium,True,synthetic (Faker),
SYN-01597,Data breach at French-Davies,French-Davies,private,Legal/Professional,US,Data breach,Compromised credentials,ObsidianKoi,Ransomware crew,False,,2026-06-22,2026-08-01,2026-08-01,40,Security vendor / MDR,6234,bank_details|email|employment|health|passport|phone|postal_address,,not_applicable,0,,yes,medium,True,synthetic (Faker),
SYN-01609,Data breach at McCarthy-Turner,McCarthy-Turner,vendor,Nonprofit technology,IE,Data breach,Phishing,NineSpindle,Nation state,True,607,2026-07-31,2026-08-01,2026-08-01,1,Internal detection,48129,bank_details|credentials|internal_email|name|phone|postal_address|safeguarding_notes,,not_applicable,4,2237972,yes,high,True,synthetic (Faker),
SYN-01636,Unauthorised access at South Rebeccaton Council,South Rebeccaton Council,public,Local government,US,Unauthorised access,Compromised credentials,PaleHydra,Ransomware crew,False,,2026-07-17,2026-08-01,2026-08-01,15,Internal detection,236426,name|safeguarding_notes,,not_applicable,0,,yes,medium,True,synthetic (Faker),
SYN-01667,Supply chain compromise at Lantern Alliance,Lantern Alliance,nonprofit,Charity/Nonprofit,GB,Supply chain compromise,Trojanised software update,HollowLantern,Ransomware crew,True,51,2026-01-09,2026-08-01,2026-08-01,204,Routine audit,11127,email|employment|postal_address|safeguarding_notes,,not_applicable,6,900629,yes,high,True,synthetic (Faker),
SYN-01709,"Data breach at Richardson, Nunez and Steele","Richardson, Nunez and Steele",vendor,Cloud/SaaS,AU,Data breach,Phishing,SlateWarden,Ransomware crew,True,703,2026-06-25,2026-08-01,2026-08-01,37,Public leak / dark web,161747,date_of_birth|email|internal_email|name|phone,,not_applicable,3,27797776,yes,medium,True,synthetic (Faker),
SYN-01773,"Business email compromise at O'Connor, Johnson and Miller","O'Connor, Johnson and Miller",private,Legal/Professional,DE,Business email compromise,Phishing,Unattributed,Hacktivist,False,,2026-07-29,2026-08-01,2026-08-01,3,Internal detection,,not_applicable,,not_applicable,1,139327,no,medium,True,synthetic (Faker),
SYN-01971,Data breach at Yates-Manning,Yates-Manning,private,Logistics,GB,Data breach,Unpatched vulnerability,HollowLantern,Nation state,False,,2026-07-01,2026-08-01,2026-08-01,31,Security vendor / MDR,32201,date_of_birth|donation_history|name|phone,,not_applicable,0,2177042,yes,medium,True,synthetic (Faker),
=======
SYN-00513,"Ransomware at Davies, Palmer and Robinson","Davies, Palmer and Robinson",private,Retail,GB,Ransomware,Compromised credentials,Unattributed,Ransomware crew,False,,2026-07-06,2026-07-11,2026-07-19,5,Customer report,421500,credit_card|internal_email|ssn_or_ni_number,259984,no,5,57147695,yes,medium,True,synthetic (Faker),
SYN-00658,Business email compromise at Skinner-James,Skinner-James,vendor,Nonprofit technology,GB,Business email compromise,Phishing,SlateWarden,Ransomware crew,False,,2026-04-21,2026-07-26,2026-07-27,96,Third-party notification,,not_applicable,,not_applicable,0,,no,low,True,synthetic (Faker),
REAL-0001,Beacon CRM supporter-data breach,Beacon CRM,vendor,Nonprofit technology,GB,Data breach,Compromised credentials,Unattributed,Unknown,True,1000,2026-07-27,2026-07-29,2026-08-03,2,Internal detection,,name|email|postal_address|phone|date_of_birth|gender|donation_history,,not_applicable,0,,yes,critical,False,"The Register / BankInfoSecurity / SCVO, Aug 2026","Database backups copied and likely exfiltrated; 1,500+ charity customers told to assume all stored data taken. Victim count provisional, investigation ongoing. ICO notified."
SYN-00223,"DDoS at Washington, Johnson and Mccoy","Washington, Johnson and Mccoy",private,Retail,GB,DDoS,Volumetric flood,Unattributed,Unknown,False,,2026-07-28,2026-07-30,2026-07-31,2,Third-party notification,,not_applicable,,not_applicable,1,383650,no,medium,True,synthetic (Faker),
SYN-00818,Data breach at West LLC,West LLC,private,Manufacturing,GB,Data breach,Insecure API endpoint,PaleHydra,Ransomware crew,False,,2026-07-12,2026-07-31,2026-08-04,19,Public leak / dark web,6457,health|name,,not_applicable,0,1077572,yes,medium,True,synthetic (Faker),
SYN-00170,Phishing campaign at South Jason District Board,South Jason District Board,public,Education,GB,Phishing campaign,Phishing,NorthQuarry,Ransomware crew,False,,2026-07-29,2026-08-04,2026-08-06,6,Security vendor / MDR,7887,bank_details|credentials|credit_card|date_of_birth|employment|phone|postal_address,,not_applicable,0,693938,yes,medium,True,synthetic (Faker),
SYN-00621,Data breach at Stevenson Group,Stevenson Group,private,Hospitality,CA,Data breach,Compromised credentials,DimStag,Nation state,False,,2026-05-13,2026-08-04,2026-08-07,83,Law enforcement notification,47606,name|passport|phone|postal_address|safeguarding_notes,,not_applicable,0,7300225,yes,medium,True,synthetic (Faker),
SYN-00721,Business email compromise at Hunt Group,Hunt Group,private,Retail,FR,Business email compromise,Phishing,Unattributed,Hacktivist,False,,2026-06-28,2026-08-12,2026-08-16,45,Security vendor / MDR,2681,donation_history|employment|health|name|postal_address|ssn_or_ni_number,,not_applicable,0,584264,yes,medium,True,synthetic (Faker),
SYN-00599,Unauthorised access at New Michelleberg Council,New Michelleberg Council,public,Education,GB,Unauthorised access,Exposed RDP/VPN,SlateWarden,Ransomware crew,False,,2026-06-30,2026-08-13,2026-08-15,44,Third-party notification,27435,bank_details|date_of_birth|email|health|name|phone|ssn_or_ni_number,,not_applicable,0,3952984,yes,medium,True,synthetic (Faker),
SYN-00978,Insider incident at Barron-Cowan,Barron-Cowan,private,Manufacturing,US,Insider incident,Negligent insider,Unattributed,Insider,False,,2026-08-01,2026-09-06,2026-09-10,36,Routine audit,49579,email|internal_email|name|phone|safeguarding_notes,,not_applicable,0,8773825,yes,medium,True,synthetic (Faker),
SYN-00080,"Supply chain compromise at Smith, Jones and Ware","Smith, Jones and Ware",private,Retail,FR,Supply chain compromise,Third-party supplier access,CobaltFinch,Ransomware crew,True,88,2026-07-15,2026-09-09,2026-09-20,56,Routine audit,579384,internal_email|postal_address|safeguarding_notes,,not_applicable,0,38703823,yes,high,True,synthetic (Faker),
SYN-00823,Business email compromise at Kindling Appeal,Kindling Appeal,nonprofit,Charity/Nonprofit,AU,Business email compromise,Compromised credentials,Unattributed,Financially motivated,False,,2025-08-20,2026-09-15,2026-09-21,391,Internal detection,,not_applicable,89019,undisclosed,1,138365,no,low,True,synthetic (Faker),
SYN-00396,Data breach at South Waynebury Council,South Waynebury Council,public,Local government,AU,Data breach,Third-party supplier access,DimStag,Ransomware crew,True,180,2026-03-17,2026-10-07,2026-10-10,204,Customer report,639273,donation_history|health|name|passport|phone|postal_address|ssn_or_ni_number,,not_applicable,1,77444390,yes,high,True,synthetic (Faker),
SYN-00106,"Supply chain compromise at Edwards, Charles and Cortez","Edwards, Charles and Cortez",vendor,Nonprofit technology,NL,Supply chain compromise,Trojanised software update,Unattributed,Financially motivated,True,2725,2026-03-17,2026-10-25,2026-10-28,222,Customer report,486567,date_of_birth|donation_history|employment|name|phone|postal_address|ssn_or_ni_number,5939882,undisclosed,1,79314202,yes,high,True,synthetic (Faker),
SYN-00811,Supply chain compromise at Lee LLC,Lee LLC,vendor,Nonprofit technology,US,Supply chain compromise,Malicious dependency,Unattributed,Unknown,True,30,2025-12-29,2026-12-11,2026-12-15,347,Internal detection,1115283,donation_history|email|internal_email|name,,not_applicable,0,,yes,high,True,synthetic (Faker),
SYN-00180,Supply chain compromise at Baldwin-Wilkinson,Baldwin-Wilkinson,private,Manufacturing,IE,Supply chain compromise,Trojanised software update,NineSpindle,Ransomware crew,True,1,2026-03-01,2027-01-09,2027-01-27,314,Internal detection,46909,email|name,,not_applicable,1,,yes,medium,True,synthetic (Faker),
>>>>>>> 8a74902011229c25354fcb7e063b9152ef665657
